{
"type": "FeatureCollection",
"name": "madurai_wells_enriched",
"crs": { "type": "name", "properties": { "name": "urn:ogc:def:crs:OGC:1.3:CRS84" } },
"features": [
{ "type": "Feature", "properties": { "Well No": "21001D", "Taluk": "Madurai South", "Village": "Thiruparankundram", "Latitude_DD": 9.877778, "Longitude_DD": 78.097222, "Total_Samples": 29, "TDS": 1322.1, "EC_GEN": 2315.52, "pH_GEN": 8.08, "F": 1.11, "NO2+NO3": 5.28, "HAR_Total": 370.34, "Ca": 43.38, "Mg": 63.18, "Na": 376.97, "K": 7.93, "Cl": 409.97, "SO4": 121.52, "HCO3": 553.59, "SAR": 8.2, "RSC": 2.0, "Na%": 67.55, "GWQI": 160.87, "GWQI_Class": "Poor", "Irrigation_Suitability": "Marginal / Moderate", "Fluoride_Risk": "Permissible (1.0-1.5 mg/L)", "Nitrate_Risk": "Natural Background (<10 mg/L)", "Drinking_Status": "Permissible / Marginal", "Gi_Z_F": 0.13, "Gi_Z_NO3": -0.38, "Gi_Z_GWQI": 1.8, "Gi_Z_TDS": 2.31, "Hotspot_F": "Not Significant", "Hotspot_NO3": "Not Significant", "Hotspot_GWQI": "Hotspot (90% Confidence)" }, "geometry": { "type": "Point", "coordinates": [ 78.097222, 9.877778 ] } },
{ "type": "Feature", "properties": { "Well No": "21002D", "Taluk": "Thirumangalam", "Village": "Chokkanathapuram", "Latitude_DD": 9.945556, "Longitude_DD": 77.975556, "Total_Samples": 23, "TDS": 745.96, "EC_GEN": 1273.26, "pH_GEN": 7.91, "F": 0.63, "NO2+NO3": 16.39, "HAR_Total": 435.22, "Ca": 95.74, "Mg": 51.9, "Na": 102.61, "K": 6.04, "Cl": 245.87, "SO4": 41.61, "HCO3": 296.31, "SAR": 1.99, "RSC": 0.0, "Na%": 32.46, "GWQI": 109.02, "GWQI_Class": "Poor", "Irrigation_Suitability": "Good / Permissible", "Fluoride_Risk": "Safe (<1.0 mg/L)", "Nitrate_Risk": "Acceptable (10-45 mg/L)", "Drinking_Status": "Permissible / Marginal", "Gi_Z_F": 0.11, "Gi_Z_NO3": 0.12, "Gi_Z_GWQI": 0.14, "Gi_Z_TDS": 0.21, "Hotspot_F": "Not Significant", "Hotspot_NO3": "Not Significant", "Hotspot_GWQI": "Not Significant" }, "geometry": { "type": "Point", "coordinates": [ 77.975556, 9.945556 ] } },
{ "type": "Feature", "properties": { "Well No": "21003D", "Taluk": "Peraiyur", "Village": "Chinnakattalai", "Latitude_DD": 9.845556, "Longitude_DD": 77.796667, "Total_Samples": 13, "TDS": 1166.0, "EC_GEN": 2013.08, "pH_GEN": 8.0, "F": 1.08, "NO2+NO3": 30.15, "HAR_Total": 472.31, "Ca": 66.0, "Mg": 74.66, "Na": 249.85, "K": 10.46, "Cl": 293.77, "SO4": 116.08, "HCO3": 520.83, "SAR": 5.06, "RSC": 0.2, "Na%": 52.75, "GWQI": 157.13, "GWQI_Class": "Poor", "Irrigation_Suitability": "Good / Permissible", "Fluoride_Risk": "Permissible (1.0-1.5 mg/L)", "Nitrate_Risk": "Acceptable (10-45 mg/L)", "Drinking_Status": "Permissible / Marginal", "Gi_Z_F": 2.48, "Gi_Z_NO3": 1.14, "Gi_Z_GWQI": -0.05, "Gi_Z_TDS": -0.34, "Hotspot_F": "Hotspot (95% Confidence)", "Hotspot_NO3": "Not Significant", "Hotspot_GWQI": "Not Significant" }, "geometry": { "type": "Point", "coordinates": [ 77.796667, 9.845556 ] } },
{ "type": "Feature", "properties": { "Well No": "21004D", "Taluk": "Thirumangalam", "Village": "Chinna Ulagani", "Latitude_DD": 9.773611, "Longitude_DD": 78.052222, "Total_Samples": 29, "TDS": 1491.14, "EC_GEN": 2515.86, "pH_GEN": 7.98, "F": 0.85, "NO2+NO3": 11.93, "HAR_Total": 740.34, "Ca": 148.14, "Mg": 90.89, "Na": 264.66, "K": 19.41, "Cl": 630.62, "SO4": 107.52, "HCO3": 348.05, "SAR": 3.98, "RSC": 0.31, "Na%": 44.51, "GWQI": 187.18, "GWQI_Class": "Poor", "Irrigation_Suitability": "Marginal / Moderate", "Fluoride_Risk": "Safe (<1.0 mg/L)", "Nitrate_Risk": "Acceptable (10-45 mg/L)", "Drinking_Status": "Unsafe for Drinking", "Gi_Z_F": -0.54, "Gi_Z_NO3": 3.3, "Gi_Z_GWQI": 3.98, "Gi_Z_TDS": 4.25, "Hotspot_F": "Not Significant", "Hotspot_NO3": "Hotspot (99% Confidence)", "Hotspot_GWQI": "Hotspot (99% Confidence)" }, "geometry": { "type": "Point", "coordinates": [ 78.052222, 9.773611 ] } },
{ "type": "Feature", "properties": { "Well No": "21005D", "Taluk": "Madurai South", "Village": "Eliyarpatti", "Latitude_DD": 9.794444, "Longitude_DD": 78.090278, "Total_Samples": 29, "TDS": 626.66, "EC_GEN": 1045.17, "pH_GEN": 8.04, "F": 0.72, "NO2+NO3": 30.48, "HAR_Total": 345.86, "Ca": 78.97, "Mg": 35.99, "Na": 90.52, "K": 6.07, "Cl": 147.07, "SO4": 27.52, "HCO3": 275.98, "SAR": 2.03, "RSC": 0.05, "Na%": 34.89, "GWQI": 99.8, "GWQI_Class": "Good", "Irrigation_Suitability": "Good / Permissible", "Fluoride_Risk": "Safe (<1.0 mg/L)", "Nitrate_Risk": "Acceptable (10-45 mg/L)", "Drinking_Status": "Permissible / Marginal", "Gi_Z_F": -0.35, "Gi_Z_NO3": 1.1, "Gi_Z_GWQI": 3.94, "Gi_Z_TDS": 4.41, "Hotspot_F": "Not Significant", "Hotspot_NO3": "Not Significant", "Hotspot_GWQI": "Hotspot (99% Confidence)" }, "geometry": { "type": "Point", "coordinates": [ 78.090278, 9.794444 ] } },
{ "type": "Feature", "properties": { "Well No": "21006D", "Taluk": "Peraiyur", "Village": "Elumalai RF", "Latitude_DD": 9.861111, "Longitude_DD": 77.7, "Total_Samples": 29, "TDS": 475.62, "EC_GEN": 843.97, "pH_GEN": 7.98, "F": 0.88, "NO2+NO3": 11.1, "HAR_Total": 280.52, "Ca": 41.31, "Mg": 43.5, "Na": 69.41, "K": 8.07, "Cl": 73.1, "SO4": 29.79, "HCO3": 311.11, "SAR": 1.87, "RSC": 0.49, "Na%": 32.1, "GWQI": 85.83, "GWQI_Class": "Good", "Irrigation_Suitability": "Good / Permissible", "Fluoride_Risk": "Safe (<1.0 mg/L)", "Nitrate_Risk": "Acceptable (10-45 mg/L)", "Drinking_Status": "Permissible / Marginal", "Gi_Z_F": 0.95, "Gi_Z_NO3": 0.53, "Gi_Z_GWQI": -0.67, "Gi_Z_TDS": -0.72, "Hotspot_F": "Not Significant", "Hotspot_NO3": "Not Significant", "Hotspot_GWQI": "Not Significant" }, "geometry": { "type": "Point", "coordinates": [ 77.7, 9.861111 ] } },
{ "type": "Feature", "properties": { "Well No": "21007D", "Taluk": "Thirumangalam", "Village": "Kallikudi", "Latitude_DD": 9.693889, "Longitude_DD": 77.971111, "Total_Samples": 28, "TDS": 1798.86, "EC_GEN": 3095.54, "pH_GEN": 8.01, "F": 0.93, "NO2+NO3": 28.75, "HAR_Total": 1282.68, "Ca": 212.14, "Mg": 182.14, "Na": 154.07, "K": 7.89, "Cl": 682.04, "SO4": 296.21, "HCO3": 328.52, "SAR": 1.96, "RSC": 0.16, "Na%": 22.15, "GWQI": 242.79, "GWQI_Class": "Very Poor", "Irrigation_Suitability": "Unsuitable", "Fluoride_Risk": "Safe (<1.0 mg/L)", "Nitrate_Risk": "Acceptable (10-45 mg/L)", "Drinking_Status": "Unsafe for Drinking", "Gi_Z_F": 0.37, "Gi_Z_NO3": 2.88, "Gi_Z_GWQI": 0.94, "Gi_Z_TDS": 0.8, "Hotspot_F": "Not Significant", "Hotspot_NO3": "Hotspot (99% Confidence)", "Hotspot_GWQI": "Not Significant" }, "geometry": { "type": "Point", "coordinates": [ 77.971111, 9.693889 ] } },
{ "type": "Feature", "properties": { "Well No": "21008D", "Taluk": "Madurai South", "Village": "Melamathur", "Latitude_DD": 9.968056, "Longitude_DD": 78.007778, "Total_Samples": 17, "TDS": 761.65, "EC_GEN": 1240.88, "pH_GEN": 7.99, "F": 0.98, "NO2+NO3": 26.24, "HAR_Total": 355.88, "Ca": 61.29, "Mg": 49.26, "Na": 134.18, "K": 20.53, "Cl": 165.65, "SO4": 72.59, "HCO3": 371.09, "SAR": 2.97, "RSC": 0.5, "Na%": 42.98, "GWQI": 119.23, "GWQI_Class": "Poor", "Irrigation_Suitability": "Good / Permissible", "Fluoride_Risk": "Safe (<1.0 mg/L)", "Nitrate_Risk": "Acceptable (10-45 mg/L)", "Drinking_Status": "Permissible / Marginal", "Gi_Z_F": -0.14, "Gi_Z_NO3": -1.58, "Gi_Z_GWQI": -1.09, "Gi_Z_TDS": -0.92, "Hotspot_F": "Not Significant", "Hotspot_NO3": "Not Significant", "Hotspot_GWQI": "Not Significant" }, "geometry": { "type": "Point", "coordinates": [ 78.007778, 9.968056 ] } },
{ "type": "Feature", "properties": { "Well No": "21009A", "Taluk": "Thirumangalam", "Village": "Utchapatti", "Latitude_DD": 9.856667, "Longitude_DD": 78.009444, "Total_Samples": 5, "TDS": 1481.0, "EC_GEN": 2568.0, "pH_GEN": 8.1, "F": 0.72, "NO2+NO3": 36.0, "HAR_Total": 744.0, "Ca": 132.8, "Mg": 100.12, "Na": 255.8, "K": 15.0, "Cl": 462.2, "SO4": 99.2, "HCO3": 508.74, "SAR": 4.09, "RSC": 0.0, "Na%": 42.08, "GWQI": 192.03, "GWQI_Class": "Poor", "Irrigation_Suitability": "Marginal / Moderate", "Fluoride_Risk": "Safe (<1.0 mg/L)", "Nitrate_Risk": "Acceptable (10-45 mg/L)", "Drinking_Status": "Unsafe for Drinking", "Gi_Z_F": -0.24, "Gi_Z_NO3": 1.85, "Gi_Z_GWQI": 2.11, "Gi_Z_TDS": 2.23, "Hotspot_F": "Not Significant", "Hotspot_NO3": "Hotspot (90% Confidence)", "Hotspot_GWQI": "Hotspot (95% Confidence)" }, "geometry": { "type": "Point", "coordinates": [ 78.009444, 9.856667 ] } },
{ "type": "Feature", "properties": { "Well No": "21009D", "Taluk": "Thirumangalam", "Village": "Kappalur", "Latitude_DD": 9.843056, "Longitude_DD": 78.018611, "Total_Samples": 22, "TDS": 1229.82, "EC_GEN": 2141.36, "pH_GEN": 7.79, "F": 0.67, "NO2+NO3": 44.91, "HAR_Total": 694.32, "Ca": 116.36, "Mg": 99.68, "Na": 173.82, "K": 10.14, "Cl": 412.18, "SO4": 57.95, "HCO3": 382.24, "SAR": 2.72, "RSC": 0.0, "Na%": 34.54, "GWQI": 163.62, "GWQI_Class": "Poor", "Irrigation_Suitability": "Good / Permissible", "Fluoride_Risk": "Safe (<1.0 mg/L)", "Nitrate_Risk": "Acceptable (10-45 mg/L)", "Drinking_Status": "Unsafe for Drinking", "Gi_Z_F": -0.89, "Gi_Z_NO3": 0.45, "Gi_Z_GWQI": 1.39, "Gi_Z_TDS": 1.45, "Hotspot_F": "Not Significant", "Hotspot_NO3": "Not Significant", "Hotspot_GWQI": "Not Significant" }, "geometry": { "type": "Point", "coordinates": [ 78.018611, 9.843056 ] } },
{ "type": "Feature", "properties": { "Well No": "21010D", "Taluk": "Madurai North", "Village": "Karupayoorani", "Latitude_DD": 9.931944, "Longitude_DD": 78.177778, "Total_Samples": 22, "TDS": 1003.55, "EC_GEN": 1680.0, "pH_GEN": 7.85, "F": 0.62, "NO2+NO3": 13.68, "HAR_Total": 314.09, "Ca": 50.27, "Mg": 46.58, "Na": 248.23, "K": 25.0, "Cl": 347.18, "SO4": 67.59, "HCO3": 344.52, "SAR": 5.69, "RSC": 0.66, "Na%": 58.36, "GWQI": 127.44, "GWQI_Class": "Poor", "Irrigation_Suitability": "Good / Permissible", "Fluoride_Risk": "Safe (<1.0 mg/L)", "Nitrate_Risk": "Acceptable (10-45 mg/L)", "Drinking_Status": "Permissible / Marginal", "Gi_Z_F": 1.72, "Gi_Z_NO3": -0.82, "Gi_Z_GWQI": -0.53, "Gi_Z_TDS": -0.54, "Hotspot_F": "Hotspot (90% Confidence)", "Hotspot_NO3": "Not Significant", "Hotspot_GWQI": "Not Significant" }, "geometry": { "type": "Point", "coordinates": [ 78.177778, 9.931944 ] } },
{ "type": "Feature", "properties": { "Well No": "21011D", "Taluk": "Peraiyur", "Village": "Mallapuram", "Latitude_DD": 9.805556, "Longitude_DD": 77.668333, "Total_Samples": 14, "TDS": 699.36, "EC_GEN": 1222.86, "pH_GEN": 7.91, "F": 0.76, "NO2+NO3": 16.36, "HAR_Total": 344.29, "Ca": 52.86, "Mg": 51.58, "Na": 107.5, "K": 37.29, "Cl": 162.71, "SO4": 45.14, "HCO3": 359.0, "SAR": 2.57, "RSC": 0.5, "Na%": 35.44, "GWQI": 114.61, "GWQI_Class": "Poor", "Irrigation_Suitability": "Good / Permissible", "Fluoride_Risk": "Safe (<1.0 mg/L)", "Nitrate_Risk": "Acceptable (10-45 mg/L)", "Drinking_Status": "Permissible / Marginal", "Gi_Z_F": 0.84, "Gi_Z_NO3": 0.08, "Gi_Z_GWQI": -0.02, "Gi_Z_TDS": -0.28, "Hotspot_F": "Not Significant", "Hotspot_NO3": "Not Significant", "Hotspot_GWQI": "Not Significant" }, "geometry": { "type": "Point", "coordinates": [ 77.668333, 9.805556 ] } },
{ "type": "Feature", "properties": { "Well No": "21012D", "Taluk": "Thirumangalam", "Village": "Kurayur", "Latitude_DD": 9.694444, "Longitude_DD": 78.025, "Total_Samples": 29, "TDS": 1306.21, "EC_GEN": 2180.69, "pH_GEN": 8.06, "F": 0.68, "NO2+NO3": 28.41, "HAR_Total": 453.97, "Ca": 72.76, "Mg": 66.17, "Na": 308.07, "K": 11.52, "Cl": 363.03, "SO4": 146.97, "HCO3": 448.34, "SAR": 5.83, "RSC": 1.28, "Na%": 55.17, "GWQI": 160.41, "GWQI_Class": "Poor", "Irrigation_Suitability": "Marginal / Moderate", "Fluoride_Risk": "Safe (<1.0 mg/L)", "Nitrate_Risk": "Acceptable (10-45 mg/L)", "Drinking_Status": "Permissible / Marginal", "Gi_Z_F": -0.02, "Gi_Z_NO3": 3.1, "Gi_Z_GWQI": 2.72, "Gi_Z_TDS": 2.52, "Hotspot_F": "Not Significant", "Hotspot_NO3": "Hotspot (99% Confidence)", "Hotspot_GWQI": "Hotspot (99% Confidence)" }, "geometry": { "type": "Point", "coordinates": [ 78.025, 9.694444 ] } },
{ "type": "Feature", "properties": { "Well No": "21013D", "Taluk": "Vadipatti", "Village": "Manianji", "Latitude_DD": 10.004167, "Longitude_DD": 78.1025, "Total_Samples": 23, "TDS": 455.78, "EC_GEN": 784.78, "pH_GEN": 8.02, "F": 0.62, "NO2+NO3": 9.22, "HAR_Total": 231.96, "Ca": 40.26, "Mg": 32.42, "Na": 79.43, "K": 7.74, "Cl": 68.78, "SO4": 34.52, "HCO3": 284.43, "SAR": 2.06, "RSC": 0.52, "Na%": 38.62, "GWQI": 78.27, "GWQI_Class": "Good", "Irrigation_Suitability": "Good / Permissible", "Fluoride_Risk": "Safe (<1.0 mg/L)", "Nitrate_Risk": "Natural Background (<10 mg/L)", "Drinking_Status": "Permissible / Marginal", "Gi_Z_F": -0.41, "Gi_Z_NO3": -2.32, "Gi_Z_GWQI": -2.37, "Gi_Z_TDS": -2.21, "Hotspot_F": "Not Significant", "Hotspot_NO3": "Coldspot (95% Confidence)", "Hotspot_GWQI": "Coldspot (95% Confidence)" }, "geometry": { "type": "Point", "coordinates": [ 78.1025, 10.004167 ] } },
{ "type": "Feature", "properties": { "Well No": "21014D", "Taluk": "Madurai South", "Village": "Kilakuilkudi", "Latitude_DD": 9.928333, "Longitude_DD": 78.055, "Total_Samples": 12, "TDS": 618.08, "EC_GEN": 1150.83, "pH_GEN": 7.57, "F": 0.43, "NO2+NO3": 7.17, "HAR_Total": 435.83, "Ca": 69.0, "Mg": 63.97, "Na": 75.75, "K": 5.67, "Cl": 129.83, "SO4": 28.83, "HCO3": 428.43, "SAR": 1.6, "RSC": 0.18, "Na%": 20.94, "GWQI": 94.02, "GWQI_Class": "Good", "Irrigation_Suitability": "Good / Permissible", "Fluoride_Risk": "Safe (<1.0 mg/L)", "Nitrate_Risk": "Natural Background (<10 mg/L)", "Drinking_Status": "Permissible / Marginal", "Gi_Z_F": 0.92, "Gi_Z_NO3": -1.91, "Gi_Z_GWQI": -0.36, "Gi_Z_TDS": -0.05, "Hotspot_F": "Not Significant", "Hotspot_NO3": "Coldspot (90% Confidence)", "Hotspot_GWQI": "Not Significant" }, "geometry": { "type": "Point", "coordinates": [ 78.055, 9.928333 ] } },
{ "type": "Feature", "properties": { "Well No": "21015D", "Taluk": "Peraiyur", "Village": "Peraiyur", "Latitude_DD": 9.74, "Longitude_DD": 77.793333, "Total_Samples": 29, "TDS": 511.21, "EC_GEN": 870.69, "pH_GEN": 7.86, "F": 0.69, "NO2+NO3": 11.86, "HAR_Total": 305.52, "Ca": 57.93, "Mg": 39.12, "Na": 72.21, "K": 4.17, "Cl": 98.55, "SO4": 39.31, "HCO3": 286.33, "SAR": 1.66, "RSC": 0.18, "Na%": 32.36, "GWQI": 83.51, "GWQI_Class": "Good", "Irrigation_Suitability": "Good / Permissible", "Fluoride_Risk": "Safe (<1.0 mg/L)", "Nitrate_Risk": "Acceptable (10-45 mg/L)", "Drinking_Status": "Permissible / Marginal", "Gi_Z_F": 0.47, "Gi_Z_NO3": 0.56, "Gi_Z_GWQI": 1.11, "Gi_Z_TDS": 1.04, "Hotspot_F": "Not Significant", "Hotspot_NO3": "Not Significant", "Hotspot_GWQI": "Not Significant" }, "geometry": { "type": "Point", "coordinates": [ 77.793333, 9.74 ] } },
{ "type": "Feature", "properties": { "Well No": "21016D", "Taluk": "Peraiyur", "Village": "Subbulapuram", "Latitude_DD": 9.675556, "Longitude_DD": 77.809444, "Total_Samples": 29, "TDS": 399.86, "EC_GEN": 685.86, "pH_GEN": 7.88, "F": 0.38, "NO2+NO3": 9.29, "HAR_Total": 243.45, "Ca": 53.17, "Mg": 27.43, "Na": 50.03, "K": 8.21, "Cl": 57.66, "SO4": 37.76, "HCO3": 221.79, "SAR": 1.37, "RSC": 0.24, "Na%": 24.41, "GWQI": 68.38, "GWQI_Class": "Good", "Irrigation_Suitability": "Excellent", "Fluoride_Risk": "Safe (<1.0 mg/L)", "Nitrate_Risk": "Natural Background (<10 mg/L)", "Drinking_Status": "Permissible / Marginal", "Gi_Z_F": -1.29, "Gi_Z_NO3": 1.03, "Gi_Z_GWQI": 1.71, "Gi_Z_TDS": 1.3, "Hotspot_F": "Not Significant", "Hotspot_NO3": "Not Significant", "Hotspot_GWQI": "Hotspot (90% Confidence)" }, "geometry": { "type": "Point", "coordinates": [ 77.809444, 9.675556 ] } },
{ "type": "Feature", "properties": { "Well No": "21017D", "Taluk": "Thirumangalam", "Village": "Thangalacheri", "Latitude_DD": 9.836111, "Longitude_DD": 77.868889, "Total_Samples": 26, "TDS": 1688.08, "EC_GEN": 2732.69, "pH_GEN": 8.07, "F": 0.52, "NO2+NO3": 59.08, "HAR_Total": 726.54, "Ca": 131.23, "Mg": 97.13, "Na": 310.69, "K": 28.58, "Cl": 498.77, "SO4": 197.69, "HCO3": 443.19, "SAR": 4.93, "RSC": 0.39, "Na%": 48.75, "GWQI": 210.69, "GWQI_Class": "Very Poor", "Irrigation_Suitability": "Marginal / Moderate", "Fluoride_Risk": "Safe (<1.0 mg/L)", "Nitrate_Risk": "Anthropogenic High (45-100 mg/L)", "Drinking_Status": "Unsafe for Drinking", "Gi_Z_F": -1.15, "Gi_Z_NO3": 2.92, "Gi_Z_GWQI": 0.46, "Gi_Z_TDS": 0.52, "Hotspot_F": "Not Significant", "Hotspot_NO3": "Hotspot (99% Confidence)", "Hotspot_GWQI": "Not Significant" }, "geometry": { "type": "Point", "coordinates": [ 77.868889, 9.836111 ] } },
{ "type": "Feature", "properties": { "Well No": "21018D", "Taluk": "Thirumangalam", "Village": "Peikulam", "Latitude_DD": 9.645833, "Longitude_DD": 77.991111, "Total_Samples": 23, "TDS": 828.26, "EC_GEN": 1451.3, "pH_GEN": 7.99, "F": 0.24, "NO2+NO3": 29.13, "HAR_Total": 393.91, "Ca": 79.04, "Mg": 46.15, "Na": 125.78, "K": 43.17, "Cl": 194.61, "SO4": 63.26, "HCO3": 353.75, "SAR": 2.55, "RSC": 0.44, "Na%": 36.62, "GWQI": 125.57, "GWQI_Class": "Poor", "Irrigation_Suitability": "Good / Permissible", "Fluoride_Risk": "Safe (<1.0 mg/L)", "Nitrate_Risk": "Acceptable (10-45 mg/L)", "Drinking_Status": "Permissible / Marginal", "Gi_Z_F": -1.71, "Gi_Z_NO3": 0.05, "Gi_Z_GWQI": -0.73, "Gi_Z_TDS": -0.66, "Hotspot_F": "Coldspot (90% Confidence)", "Hotspot_NO3": "Not Significant", "Hotspot_GWQI": "Not Significant" }, "geometry": { "type": "Point", "coordinates": [ 77.991111, 9.645833 ] } },
{ "type": "Feature", "properties": { "Well No": "21019D", "Taluk": "Melur", "Village": "Karungalakudi", "Latitude_DD": 10.155556, "Longitude_DD": 78.369167, "Total_Samples": 27, "TDS": 683.93, "EC_GEN": 1165.74, "pH_GEN": 7.92, "F": 0.7, "NO2+NO3": 6.24, "HAR_Total": 315.0, "Ca": 69.04, "Mg": 34.62, "Na": 138.7, "K": 5.7, "Cl": 226.3, "SO4": 45.89, "HCO3": 274.07, "SAR": 3.13, "RSC": 0.22, "Na%": 47.52, "GWQI": 96.67, "GWQI_Class": "Good", "Irrigation_Suitability": "Good / Permissible", "Fluoride_Risk": "Safe (<1.0 mg/L)", "Nitrate_Risk": "Natural Background (<10 mg/L)", "Drinking_Status": "Permissible / Marginal", "Gi_Z_F": -1.15, "Gi_Z_NO3": -0.81, "Gi_Z_GWQI": -0.16, "Gi_Z_TDS": 0.02, "Hotspot_F": "Not Significant", "Hotspot_NO3": "Not Significant", "Hotspot_GWQI": "Not Significant" }, "geometry": { "type": "Point", "coordinates": [ 78.369167, 10.155556 ] } },
{ "type": "Feature", "properties": { "Well No": "21020D", "Taluk": "Melur", "Village": "Pallapatti", "Latitude_DD": 10.247222, "Longitude_DD": 78.386111, "Total_Samples": 23, "TDS": 499.74, "EC_GEN": 892.61, "pH_GEN": 8.06, "F": 0.64, "NO2+NO3": 7.2, "HAR_Total": 330.43, "Ca": 49.3, "Mg": 51.81, "Na": 63.22, "K": 4.57, "Cl": 101.22, "SO4": 30.52, "HCO3": 315.84, "SAR": 1.44, "RSC": 0.09, "Na%": 29.06, "GWQI": 87.5, "GWQI_Class": "Good", "Irrigation_Suitability": "Good / Permissible", "Fluoride_Risk": "Safe (<1.0 mg/L)", "Nitrate_Risk": "Natural Background (<10 mg/L)", "Drinking_Status": "Permissible / Marginal", "Gi_Z_F": 0.74, "Gi_Z_NO3": -1.17, "Gi_Z_GWQI": -0.35, "Gi_Z_TDS": -0.29, "Hotspot_F": "Not Significant", "Hotspot_NO3": "Not Significant", "Hotspot_GWQI": "Not Significant" }, "geometry": { "type": "Point", "coordinates": [ 78.386111, 10.247222 ] } },
{ "type": "Feature", "properties": { "Well No": "21021D", "Taluk": "Melur", "Village": "Athipatti", "Latitude_DD": 10.086111, "Longitude_DD": 78.391667, "Total_Samples": 12, "TDS": 1105.58, "EC_GEN": 1920.83, "pH_GEN": 7.87, "F": 0.56, "NO2+NO3": 28.42, "HAR_Total": 453.75, "Ca": 94.0, "Mg": 53.16, "Na": 239.42, "K": 3.33, "Cl": 400.58, "SO4": 61.25, "HCO3": 357.38, "SAR": 5.16, "RSC": 0.41, "Na%": 54.25, "GWQI": 138.43, "GWQI_Class": "Poor", "Irrigation_Suitability": "Good / Permissible", "Fluoride_Risk": "Safe (<1.0 mg/L)", "Nitrate_Risk": "Acceptable (10-45 mg/L)", "Drinking_Status": "Permissible / Marginal", "Gi_Z_F": -2.2, "Gi_Z_NO3": -1.83, "Gi_Z_GWQI": -0.74, "Gi_Z_TDS": -0.56, "Hotspot_F": "Coldspot (95% Confidence)", "Hotspot_NO3": "Coldspot (90% Confidence)", "Hotspot_GWQI": "Not Significant" }, "geometry": { "type": "Point", "coordinates": [ 78.391667, 10.086111 ] } },
{ "type": "Feature", "properties": { "Well No": "21022D", "Taluk": "Melur", "Village": "Pulipatti", "Latitude_DD": 10.086111, "Longitude_DD": 78.291667, "Total_Samples": 27, "TDS": 800.85, "EC_GEN": 1408.89, "pH_GEN": 8.03, "F": 0.62, "NO2+NO3": 4.04, "HAR_Total": 290.0, "Ca": 67.48, "Mg": 37.39, "Na": 179.93, "K": 8.44, "Cl": 300.93, "SO4": 45.44, "HCO3": 268.49, "SAR": 3.16, "RSC": 0.28, "Na%": 47.46, "GWQI": 106.32, "GWQI_Class": "Poor", "Irrigation_Suitability": "Good / Permissible", "Fluoride_Risk": "Safe (<1.0 mg/L)", "Nitrate_Risk": "Natural Background (<10 mg/L)", "Drinking_Status": "Permissible / Marginal", "Gi_Z_F": -0.63, "Gi_Z_NO3": -1.28, "Gi_Z_GWQI": 1.04, "Gi_Z_TDS": 1.63, "Hotspot_F": "Not Significant", "Hotspot_NO3": "Not Significant", "Hotspot_GWQI": "Not Significant" }, "geometry": { "type": "Point", "coordinates": [ 78.291667, 10.086111 ] } },
{ "type": "Feature", "properties": { "Well No": "21023D", "Taluk": "Melur", "Village": "Uranganpatti", "Latitude_DD": 9.998333, "Longitude_DD": 78.43, "Total_Samples": 27, "TDS": 457.11, "EC_GEN": 813.7, "pH_GEN": 7.91, "F": 0.6, "NO2+NO3": 7.24, "HAR_Total": 271.85, "Ca": 57.85, "Mg": 31.36, "Na": 66.81, "K": 5.78, "Cl": 86.3, "SO4": 26.26, "HCO3": 274.17, "SAR": 1.63, "RSC": 0.12, "Na%": 32.54, "GWQI": 76.98, "GWQI_Class": "Good", "Irrigation_Suitability": "Good / Permissible", "Fluoride_Risk": "Safe (<1.0 mg/L)", "Nitrate_Risk": "Natural Background (<10 mg/L)", "Drinking_Status": "Permissible / Marginal", "Gi_Z_F": -2.11, "Gi_Z_NO3": -0.28, "Gi_Z_GWQI": -0.42, "Gi_Z_TDS": -0.12, "Hotspot_F": "Coldspot (95% Confidence)", "Hotspot_NO3": "Not Significant", "Hotspot_GWQI": "Not Significant" }, "geometry": { "type": "Point", "coordinates": [ 78.43, 9.998333 ] } },
{ "type": "Feature", "properties": { "Well No": "21024D", "Taluk": "Melur", "Village": "Thiruvadur", "Latitude_DD": 9.956944, "Longitude_DD": 78.319444, "Total_Samples": 27, "TDS": 816.41, "EC_GEN": 1388.15, "pH_GEN": 7.99, "F": 0.45, "NO2+NO3": 12.41, "HAR_Total": 336.85, "Ca": 60.22, "Mg": 44.63, "Na": 160.22, "K": 35.19, "Cl": 202.7, "SO4": 61.0, "HCO3": 404.99, "SAR": 3.4, "RSC": 0.89, "Na%": 46.96, "GWQI": 119.09, "GWQI_Class": "Poor", "Irrigation_Suitability": "Good / Permissible", "Fluoride_Risk": "Safe (<1.0 mg/L)", "Nitrate_Risk": "Acceptable (10-45 mg/L)", "Drinking_Status": "Permissible / Marginal", "Gi_Z_F": -1.04, "Gi_Z_NO3": -2.12, "Gi_Z_GWQI": -0.93, "Gi_Z_TDS": -0.39, "Hotspot_F": "Not Significant", "Hotspot_NO3": "Coldspot (95% Confidence)", "Hotspot_GWQI": "Not Significant" }, "geometry": { "type": "Point", "coordinates": [ 78.319444, 9.956944 ] } },
{ "type": "Feature", "properties": { "Well No": "21025D", "Taluk": "Madurai North", "Village": "Varichiyur", "Latitude_DD": 9.908889, "Longitude_DD": 78.256111, "Total_Samples": 13, "TDS": 1057.62, "EC_GEN": 1823.08, "pH_GEN": 7.85, "F": 0.81, "NO2+NO3": 35.15, "HAR_Total": 466.92, "Ca": 84.62, "Mg": 62.1, "Na": 211.31, "K": 11.15, "Cl": 315.0, "SO4": 65.77, "HCO3": 410.59, "SAR": 4.49, "RSC": 0.46, "Na%": 48.47, "GWQI": 141.34, "GWQI_Class": "Poor", "Irrigation_Suitability": "Good / Permissible", "Fluoride_Risk": "Safe (<1.0 mg/L)", "Nitrate_Risk": "Acceptable (10-45 mg/L)", "Drinking_Status": "Permissible / Marginal", "Gi_Z_F": 0.09, "Gi_Z_NO3": -2.03, "Gi_Z_GWQI": 0.18, "Gi_Z_TDS": 0.67, "Hotspot_F": "Not Significant", "Hotspot_NO3": "Coldspot (95% Confidence)", "Hotspot_GWQI": "Not Significant" }, "geometry": { "type": "Point", "coordinates": [ 78.256111, 9.908889 ] } },
{ "type": "Feature", "properties": { "Well No": "21026D", "Taluk": "Vadipatti", "Village": "Senthamangalam", "Latitude_DD": 10.138333, "Longitude_DD": 78.141111, "Total_Samples": 29, "TDS": 644.79, "EC_GEN": 1144.48, "pH_GEN": 8.03, "F": 0.83, "NO2+NO3": 20.24, "HAR_Total": 420.34, "Ca": 60.34, "Mg": 65.23, "Na": 75.66, "K": 9.93, "Cl": 118.28, "SO4": 38.86, "HCO3": 538.97, "SAR": 1.59, "RSC": 2.52, "Na%": 27.22, "GWQI": 113.39, "GWQI_Class": "Poor", "Irrigation_Suitability": "Unsuitable", "Fluoride_Risk": "Safe (<1.0 mg/L)", "Nitrate_Risk": "Acceptable (10-45 mg/L)", "Drinking_Status": "Permissible / Marginal", "Gi_Z_F": -1.55, "Gi_Z_NO3": -0.83, "Gi_Z_GWQI": -1.85, "Gi_Z_TDS": -1.92, "Hotspot_F": "Not Significant", "Hotspot_NO3": "Not Significant", "Hotspot_GWQI": "Coldspot (90% Confidence)" }, "geometry": { "type": "Point", "coordinates": [ 78.141111, 10.138333 ] } },
{ "type": "Feature", "properties": { "Well No": "21027D", "Taluk": "Vadipatti", "Village": "Thiruvedagam", "Latitude_DD": 10.019444, "Longitude_DD": 77.972222, "Total_Samples": 29, "TDS": 536.22, "EC_GEN": 972.76, "pH_GEN": 7.98, "F": 0.76, "NO2+NO3": 3.69, "HAR_Total": 335.52, "Ca": 31.24, "Mg": 63.07, "Na": 74.03, "K": 17.03, "Cl": 111.17, "SO4": 33.17, "HCO3": 359.65, "SAR": 1.59, "RSC": 0.09, "Na%": 30.12, "GWQI": 95.53, "GWQI_Class": "Good", "Irrigation_Suitability": "Good / Permissible", "Fluoride_Risk": "Safe (<1.0 mg/L)", "Nitrate_Risk": "Natural Background (<10 mg/L)", "Drinking_Status": "Permissible / Marginal", "Gi_Z_F": -0.0, "Gi_Z_NO3": -0.92, "Gi_Z_GWQI": -1.32, "Gi_Z_TDS": -1.37, "Hotspot_F": "Not Significant", "Hotspot_NO3": "Not Significant", "Hotspot_GWQI": "Not Significant" }, "geometry": { "type": "Point", "coordinates": [ 77.972222, 10.019444 ] } },
{ "type": "Feature", "properties": { "Well No": "21028D", "Taluk": "Usilampatti", "Village": "Veppanuthu", "Latitude_DD": 9.897222, "Longitude_DD": 77.841667, "Total_Samples": 29, "TDS": 1199.55, "EC_GEN": 1994.66, "pH_GEN": 8.07, "F": 1.08, "NO2+NO3": 22.38, "HAR_Total": 496.21, "Ca": 64.76, "Mg": 82.5, "Na": 242.14, "K": 15.72, "Cl": 367.55, "SO4": 88.07, "HCO3": 438.16, "SAR": 4.38, "RSC": 0.09, "Na%": 49.14, "GWQI": 158.92, "GWQI_Class": "Poor", "Irrigation_Suitability": "Good / Permissible", "Fluoride_Risk": "Permissible (1.0-1.5 mg/L)", "Nitrate_Risk": "Acceptable (10-45 mg/L)", "Drinking_Status": "Permissible / Marginal", "Gi_Z_F": 2.77, "Gi_Z_NO3": 2.7, "Gi_Z_GWQI": 1.33, "Gi_Z_TDS": 0.78, "Hotspot_F": "Hotspot (99% Confidence)", "Hotspot_NO3": "Hotspot (99% Confidence)", "Hotspot_GWQI": "Not Significant" }, "geometry": { "type": "Point", "coordinates": [ 77.841667, 9.897222 ] } },
{ "type": "Feature", "properties": { "Well No": "21029D", "Taluk": "Usilampatti", "Village": "Vikramangalam", "Latitude_DD": 10.021667, "Longitude_DD": 77.886667, "Total_Samples": 13, "TDS": 2160.69, "EC_GEN": 3639.23, "pH_GEN": 7.86, "F": 0.39, "NO2+NO3": 33.85, "HAR_Total": 913.08, "Ca": 192.31, "Mg": 105.03, "Na": 386.54, "K": 86.15, "Cl": 790.92, "SO4": 255.46, "HCO3": 483.79, "SAR": 5.84, "RSC": 0.0, "Na%": 44.88, "GWQI": 267.03, "GWQI_Class": "Very Poor", "Irrigation_Suitability": "Unsuitable", "Fluoride_Risk": "Safe (<1.0 mg/L)", "Nitrate_Risk": "Acceptable (10-45 mg/L)", "Drinking_Status": "Unsafe for Drinking", "Gi_Z_F": 2.19, "Gi_Z_NO3": -0.49, "Gi_Z_GWQI": -0.85, "Gi_Z_TDS": -1.29, "Hotspot_F": "Hotspot (95% Confidence)", "Hotspot_NO3": "Not Significant", "Hotspot_GWQI": "Not Significant" }, "geometry": { "type": "Point", "coordinates": [ 77.886667, 10.021667 ] } },
{ "type": "Feature", "properties": { "Well No": "21030D", "Taluk": "Peraiyur", "Village": "Kunnathur", "Latitude_DD": 9.746944, "Longitude_DD": 77.889444, "Total_Samples": 13, "TDS": 437.69, "EC_GEN": 781.54, "pH_GEN": 7.87, "F": 0.75, "NO2+NO3": 5.69, "HAR_Total": 246.54, "Ca": 54.15, "Mg": 27.0, "Na": 69.77, "K": 6.69, "Cl": 49.0, "SO4": 34.31, "HCO3": 303.29, "SAR": 1.98, "RSC": 0.56, "Na%": 36.56, "GWQI": 75.52, "GWQI_Class": "Good", "Irrigation_Suitability": "Good / Permissible", "Fluoride_Risk": "Safe (<1.0 mg/L)", "Nitrate_Risk": "Natural Background (<10 mg/L)", "Drinking_Status": "Permissible / Marginal", "Gi_Z_F": 0.99, "Gi_Z_NO3": 2.65, "Gi_Z_GWQI": 1.5, "Gi_Z_TDS": 1.21, "Hotspot_F": "Not Significant", "Hotspot_NO3": "Hotspot (99% Confidence)", "Hotspot_GWQI": "Not Significant" }, "geometry": { "type": "Point", "coordinates": [ 77.889444, 9.746944 ] } },
{ "type": "Feature", "properties": { "Well No": "21031D", "Taluk": "Usilampatti", "Village": "Uthappanaickanur", "Latitude_DD": 10.035556, "Longitude_DD": 77.791111, "Total_Samples": 24, "TDS": 1292.04, "EC_GEN": 2132.08, "pH_GEN": 7.97, "F": 0.61, "NO2+NO3": 41.75, "HAR_Total": 677.08, "Ca": 87.5, "Mg": 112.28, "Na": 171.92, "K": 54.96, "Cl": 362.42, "SO4": 159.25, "HCO3": 447.07, "SAR": 2.62, "RSC": 0.0, "Na%": 33.92, "GWQI": 187.71, "GWQI_Class": "Poor", "Irrigation_Suitability": "Good / Permissible", "Fluoride_Risk": "Safe (<1.0 mg/L)", "Nitrate_Risk": "Acceptable (10-45 mg/L)", "Drinking_Status": "Unsafe for Drinking", "Gi_Z_F": 0.66, "Gi_Z_NO3": 0.18, "Gi_Z_GWQI": 0.39, "Gi_Z_TDS": -0.07, "Hotspot_F": "Not Significant", "Hotspot_NO3": "Not Significant", "Hotspot_GWQI": "Not Significant" }, "geometry": { "type": "Point", "coordinates": [ 77.791111, 10.035556 ] } },
{ "type": "Feature", "properties": { "Well No": "21032D", "Taluk": "Usilampatti", "Village": "Doddappanaickanur", "Latitude_DD": 9.971111, "Longitude_DD": 77.736111, "Total_Samples": 23, "TDS": 961.0, "EC_GEN": 1675.0, "pH_GEN": 8.04, "F": 0.64, "NO2+NO3": 14.26, "HAR_Total": 480.0, "Ca": 75.13, "Mg": 71.13, "Na": 157.22, "K": 30.3, "Cl": 250.7, "SO4": 100.7, "HCO3": 431.52, "SAR": 2.99, "RSC": 0.14, "Na%": 37.85, "GWQI": 140.69, "GWQI_Class": "Poor", "Irrigation_Suitability": "Good / Permissible", "Fluoride_Risk": "Safe (<1.0 mg/L)", "Nitrate_Risk": "Acceptable (10-45 mg/L)", "Drinking_Status": "Permissible / Marginal", "Gi_Z_F": 2.18, "Gi_Z_NO3": 2.36, "Gi_Z_GWQI": 1.35, "Gi_Z_TDS": 0.69, "Hotspot_F": "Hotspot (95% Confidence)", "Hotspot_NO3": "Hotspot (95% Confidence)", "Hotspot_GWQI": "Not Significant" }, "geometry": { "type": "Point", "coordinates": [ 77.736111, 9.971111 ] } },
{ "type": "Feature", "properties": { "Well No": "21033D", "Taluk": "Usilampatti", "Village": "Usilampatti", "Latitude_DD": 9.959722, "Longitude_DD": 77.791667, "Total_Samples": 26, "TDS": 1800.12, "EC_GEN": 3038.08, "pH_GEN": 8.1, "F": 1.26, "NO2+NO3": 63.58, "HAR_Total": 895.96, "Ca": 86.92, "Mg": 166.88, "Na": 311.31, "K": 13.62, "Cl": 592.12, "SO4": 160.23, "HCO3": 493.88, "SAR": 4.32, "RSC": 0.0, "Na%": 43.27, "GWQI": 236.9, "GWQI_Class": "Very Poor", "Irrigation_Suitability": "Unsuitable", "Fluoride_Risk": "Permissible (1.0-1.5 mg/L)", "Nitrate_Risk": "Anthropogenic High (45-100 mg/L)", "Drinking_Status": "Unsafe for Drinking", "Gi_Z_F": 0.88, "Gi_Z_NO3": 0.1, "Gi_Z_GWQI": 0.73, "Gi_Z_TDS": 0.48, "Hotspot_F": "Not Significant", "Hotspot_NO3": "Not Significant", "Hotspot_GWQI": "Not Significant" }, "geometry": { "type": "Point", "coordinates": [ 77.791667, 9.959722 ] } },
{ "type": "Feature", "properties": { "Well No": "21034D", "Taluk": "Melur", "Village": "Chittampatti", "Latitude_DD": 10.0, "Longitude_DD": 78.275, "Total_Samples": 10, "TDS": 779.1, "EC_GEN": 1348.0, "pH_GEN": 7.95, "F": 0.56, "NO2+NO3": 21.9, "HAR_Total": 388.0, "Ca": 73.4, "Mg": 49.68, "Na": 135.9, "K": 16.5, "Cl": 214.7, "SO4": 49.1, "HCO3": 349.33, "SAR": 2.99, "RSC": 0.2, "Na%": 38.12, "GWQI": 114.57, "GWQI_Class": "Poor", "Irrigation_Suitability": "Good / Permissible", "Fluoride_Risk": "Safe (<1.0 mg/L)", "Nitrate_Risk": "Acceptable (10-45 mg/L)", "Drinking_Status": "Permissible / Marginal", "Gi_Z_F": -1.62, "Gi_Z_NO3": -2.51, "Gi_Z_GWQI": -0.78, "Gi_Z_TDS": -0.49, "Hotspot_F": "Not Significant", "Hotspot_NO3": "Coldspot (95% Confidence)", "Hotspot_GWQI": "Not Significant" }, "geometry": { "type": "Point", "coordinates": [ 78.275, 10.0 ] } },
{ "type": "Feature", "properties": { "Well No": "21035D", "Taluk": "Madurai North", "Village": "Madurai North", "Latitude_DD": 9.843056, "Longitude_DD": 78.141667, "Total_Samples": 26, "TDS": 1536.27, "EC_GEN": 2612.31, "pH_GEN": 8.15, "F": 0.73, "NO2+NO3": 31.15, "HAR_Total": 545.77, "Ca": 79.54, "Mg": 82.76, "Na": 360.96, "K": 15.81, "Cl": 434.42, "SO4": 145.19, "HCO3": 603.08, "SAR": 6.92, "RSC": 1.59, "Na%": 57.47, "GWQI": 188.93, "GWQI_Class": "Poor", "Irrigation_Suitability": "Marginal / Moderate", "Fluoride_Risk": "Safe (<1.0 mg/L)", "Nitrate_Risk": "Acceptable (10-45 mg/L)", "Drinking_Status": "Permissible / Marginal", "Gi_Z_F": 0.67, "Gi_Z_NO3": -1.38, "Gi_Z_GWQI": 1.41, "Gi_Z_TDS": 2.08, "Hotspot_F": "Not Significant", "Hotspot_NO3": "Not Significant", "Hotspot_GWQI": "Not Significant" }, "geometry": { "type": "Point", "coordinates": [ 78.141667, 9.843056 ] } },
{ "type": "Feature", "properties": { "Well No": "21036D", "Taluk": "Madurai North", "Village": "Koolapandi", "Latitude_DD": 10.008333, "Longitude_DD": 78.147222, "Total_Samples": 19, "TDS": 449.0, "EC_GEN": 812.63, "pH_GEN": 8.02, "F": 1.13, "NO2+NO3": 7.22, "HAR_Total": 287.37, "Ca": 33.26, "Mg": 49.86, "Na": 62.53, "K": 7.05, "Cl": 68.68, "SO4": 31.63, "HCO3": 302.8, "SAR": 1.53, "RSC": 0.11, "Na%": 31.17, "GWQI": 87.24, "GWQI_Class": "Good", "Irrigation_Suitability": "Good / Permissible", "Fluoride_Risk": "Permissible (1.0-1.5 mg/L)", "Nitrate_Risk": "Natural Background (<10 mg/L)", "Drinking_Status": "Permissible / Marginal", "Gi_Z_F": 0.88, "Gi_Z_NO3": -0.74, "Gi_Z_GWQI": -0.81, "Gi_Z_TDS": -0.75, "Hotspot_F": "Not Significant", "Hotspot_NO3": "Not Significant", "Hotspot_GWQI": "Not Significant" }, "geometry": { "type": "Point", "coordinates": [ 78.147222, 10.008333 ] } },
{ "type": "Feature", "properties": { "Well No": "21037D", "Taluk": "Thirumangalam", "Village": "Kandai", "Latitude_DD": 9.877778, "Longitude_DD": 77.913333, "Total_Samples": 25, "TDS": 785.2, "EC_GEN": 1370.8, "pH_GEN": 8.11, "F": 1.15, "NO2+NO3": 21.0, "HAR_Total": 356.4, "Ca": 36.16, "Mg": 65.33, "Na": 152.4, "K": 14.0, "Cl": 162.72, "SO4": 63.68, "HCO3": 405.61, "SAR": 3.33, "RSC": 0.41, "Na%": 43.14, "GWQI": 123.61, "GWQI_Class": "Poor", "Irrigation_Suitability": "Good / Permissible", "Fluoride_Risk": "Permissible (1.0-1.5 mg/L)", "Nitrate_Risk": "Acceptable (10-45 mg/L)", "Drinking_Status": "Permissible / Marginal", "Gi_Z_F": 1.46, "Gi_Z_NO3": 3.72, "Gi_Z_GWQI": 3.26, "Gi_Z_TDS": 2.97, "Hotspot_F": "Not Significant", "Hotspot_NO3": "Hotspot (99% Confidence)", "Hotspot_GWQI": "Hotspot (99% Confidence)" }, "geometry": { "type": "Point", "coordinates": [ 77.913333, 9.877778 ] } },
{ "type": "Feature", "properties": { "Well No": "21038", "Taluk": "Vadipatti", "Village": "Saranthangi", "Latitude_DD": 10.100556, "Longitude_DD": 78.151944, "Total_Samples": 9, "TDS": 565.44, "EC_GEN": 1036.67, "pH_GEN": 7.91, "F": 0.76, "NO2+NO3": 14.78, "HAR_Total": 356.67, "Ca": 43.33, "Mg": 60.34, "Na": 75.33, "K": 8.11, "Cl": 73.89, "SO4": 34.78, "HCO3": 374.88, "SAR": 1.79, "RSC": 0.01, "Na%": 31.8, "GWQI": 95.81, "GWQI_Class": "Good", "Irrigation_Suitability": "Good / Permissible", "Fluoride_Risk": "Safe (<1.0 mg/L)", "Nitrate_Risk": "Acceptable (10-45 mg/L)", "Drinking_Status": "Permissible / Marginal", "Gi_Z_F": -1.75, "Gi_Z_NO3": -0.8, "Gi_Z_GWQI": -2.03, "Gi_Z_TDS": -2.09, "Hotspot_F": "Coldspot (90% Confidence)", "Hotspot_NO3": "Not Significant", "Hotspot_GWQI": "Coldspot (95% Confidence)" }, "geometry": { "type": "Point", "coordinates": [ 78.151944, 10.100556 ] } },
{ "type": "Feature", "properties": { "Well No": "21039", "Taluk": "Usilampatti", "Village": "K.nattarpatti", "Latitude_DD": 9.968889, "Longitude_DD": 77.863611, "Total_Samples": 8, "TDS": 602.38, "EC_GEN": 1121.25, "pH_GEN": 7.84, "F": 1.62, "NO2+NO3": 8.0, "HAR_Total": 408.75, "Ca": 44.5, "Mg": 72.29, "Na": 71.88, "K": 9.88, "Cl": 148.0, "SO4": 42.75, "HCO3": 347.26, "SAR": 1.64, "RSC": 0.03, "Na%": 28.36, "GWQI": 109.94, "GWQI_Class": "Poor", "Irrigation_Suitability": "Good / Permissible", "Fluoride_Risk": "Dental Fluorosis Risk (1.5-2.0 mg/L)", "Nitrate_Risk": "Natural Background (<10 mg/L)", "Drinking_Status": "Unsafe for Drinking", "Gi_Z_F": 2.29, "Gi_Z_NO3": 0.01, "Gi_Z_GWQI": 0.16, "Gi_Z_TDS": -0.15, "Hotspot_F": "Hotspot (95% Confidence)", "Hotspot_NO3": "Not Significant", "Hotspot_GWQI": "Not Significant" }, "geometry": { "type": "Point", "coordinates": [ 77.863611, 9.968889 ] } },
{ "type": "Feature", "properties": { "Well No": "21040", "Taluk": "Peraiyur", "Village": "T.kallipatti", "Latitude_DD": 9.715833, "Longitude_DD": 77.859444, "Total_Samples": 16, "TDS": 564.12, "EC_GEN": 975.94, "pH_GEN": 8.06, "F": 1.13, "NO2+NO3": 12.88, "HAR_Total": 324.38, "Ca": 40.88, "Mg": 53.46, "Na": 79.81, "K": 16.19, "Cl": 114.62, "SO4": 41.0, "HCO3": 281.66, "SAR": 1.65, "RSC": 0.06, "Na%": 32.97, "GWQI": 101.11, "GWQI_Class": "Poor", "Irrigation_Suitability": "Good / Permissible", "Fluoride_Risk": "Permissible (1.0-1.5 mg/L)", "Nitrate_Risk": "Acceptable (10-45 mg/L)", "Drinking_Status": "Permissible / Marginal", "Gi_Z_F": 0.16, "Gi_Z_NO3": 2.12, "Gi_Z_GWQI": 0.91, "Gi_Z_TDS": 0.76, "Hotspot_F": "Not Significant", "Hotspot_NO3": "Hotspot (95% Confidence)", "Hotspot_GWQI": "Not Significant" }, "geometry": { "type": "Point", "coordinates": [ 77.859444, 9.715833 ] } },
{ "type": "Feature", "properties": { "Well No": "21041", "Taluk": "Peraiyur", "Village": "Sedapatti", "Latitude_DD": 9.826389, "Longitude_DD": 77.8, "Total_Samples": 16, "TDS": 673.81, "EC_GEN": 1193.12, "pH_GEN": 8.12, "F": 1.33, "NO2+NO3": 8.19, "HAR_Total": 288.44, "Ca": 28.62, "Mg": 52.32, "Na": 145.75, "K": 5.38, "Cl": 106.94, "SO4": 94.44, "HCO3": 392.76, "SAR": 3.45, "RSC": 0.98, "Na%": 46.62, "GWQI": 109.65, "GWQI_Class": "Poor", "Irrigation_Suitability": "Good / Permissible", "Fluoride_Risk": "Permissible (1.0-1.5 mg/L)", "Nitrate_Risk": "Natural Background (<10 mg/L)", "Drinking_Status": "Permissible / Marginal", "Gi_Z_F": 1.93, "Gi_Z_NO3": 1.94, "Gi_Z_GWQI": 0.38, "Gi_Z_TDS": 0.12, "Hotspot_F": "Hotspot (90% Confidence)", "Hotspot_NO3": "Hotspot (90% Confidence)", "Hotspot_GWQI": "Not Significant" }, "geometry": { "type": "Point", "coordinates": [ 77.8, 9.826389 ] } },
{ "type": "Feature", "properties": { "Well No": "21042", "Taluk": "Peraiyur", "Village": "Saptur", "Latitude_DD": 9.764722, "Longitude_DD": 77.740278, "Total_Samples": 5, "TDS": 634.2, "EC_GEN": 1140.0, "pH_GEN": 7.88, "F": 1.95, "NO2+NO3": 8.4, "HAR_Total": 273.0, "Ca": 32.0, "Mg": 46.9, "Na": 146.0, "K": 3.2, "Cl": 108.6, "SO4": 35.2, "HCO3": 420.46, "SAR": 3.78, "RSC": 1.69, "Na%": 52.89, "GWQI": 106.95, "GWQI_Class": "Poor", "Irrigation_Suitability": "Marginal / Moderate", "Fluoride_Risk": "Dental Fluorosis Risk (1.5-2.0 mg/L)", "Nitrate_Risk": "Natural Background (<10 mg/L)", "Drinking_Status": "Unsafe for Drinking", "Gi_Z_F": -0.71, "Gi_Z_NO3": 0.23, "Gi_Z_GWQI": -0.36, "Gi_Z_TDS": -0.46, "Hotspot_F": "Not Significant", "Hotspot_NO3": "Not Significant", "Hotspot_GWQI": "Not Significant" }, "geometry": { "type": "Point", "coordinates": [ 77.740278, 9.764722 ] } },
{ "type": "Feature", "properties": { "Well No": "21043", "Taluk": "Usilampatti", "Village": "Pullaneri", "Latitude_DD": 9.9325, "Longitude_DD": 77.946667, "Total_Samples": 9, "TDS": 975.0, "EC_GEN": 1574.44, "pH_GEN": 8.17, "F": 0.48, "NO2+NO3": 11.33, "HAR_Total": 598.89, "Ca": 69.78, "Mg": 103.14, "Na": 127.44, "K": 11.89, "Cl": 345.11, "SO4": 118.22, "HCO3": 295.51, "SAR": 1.89, "RSC": 0.0, "Na%": 31.06, "GWQI": 139.75, "GWQI_Class": "Poor", "Irrigation_Suitability": "Good / Permissible", "Fluoride_Risk": "Safe (<1.0 mg/L)", "Nitrate_Risk": "Acceptable (10-45 mg/L)", "Drinking_Status": "Permissible / Marginal", "Gi_Z_F": 1.19, "Gi_Z_NO3": 0.98, "Gi_Z_GWQI": 0.01, "Gi_Z_TDS": -0.05, "Hotspot_F": "Not Significant", "Hotspot_NO3": "Not Significant", "Hotspot_GWQI": "Not Significant" }, "geometry": { "type": "Point", "coordinates": [ 77.946667, 9.9325 ] } },
{ "type": "Feature", "properties": { "Well No": "21044", "Taluk": "Usilampatti", "Village": "Sangampatti", "Latitude_DD": 9.948333, "Longitude_DD": 77.898333, "Total_Samples": 9, "TDS": 1023.67, "EC_GEN": 1598.89, "pH_GEN": 8.21, "F": 0.89, "NO2+NO3": 12.33, "HAR_Total": 444.44, "Ca": 35.78, "Mg": 86.26, "Na": 205.11, "K": 25.89, "Cl": 305.67, "SO4": 107.0, "HCO3": 401.24, "SAR": 3.61, "RSC": 0.04, "Na%": 47.43, "GWQI": 146.21, "GWQI_Class": "Poor", "Irrigation_Suitability": "Good / Permissible", "Fluoride_Risk": "Safe (<1.0 mg/L)", "Nitrate_Risk": "Acceptable (10-45 mg/L)", "Drinking_Status": "Permissible / Marginal", "Gi_Z_F": 2.5, "Gi_Z_NO3": 0.31, "Gi_Z_GWQI": 0.39, "Gi_Z_TDS": -0.0, "Hotspot_F": "Hotspot (95% Confidence)", "Hotspot_NO3": "Not Significant", "Hotspot_GWQI": "Not Significant" }, "geometry": { "type": "Point", "coordinates": [ 77.898333, 9.948333 ] } },
{ "type": "Feature", "properties": { "Well No": "21046", "Taluk": "Peraiyur", "Village": "Perungamanallur", "Latitude_DD": 9.7912, "Longitude_DD": 77.7731, "Total_Samples": 5, "TDS": 768.8, "EC_GEN": 1220.0, "pH_GEN": 8.08, "F": 1.53, "NO2+NO3": 8.01, "HAR_Total": 232.0, "Ca": 25.6, "Mg": 40.1, "Na": 206.2, "K": 5.0, "Cl": 221.8, "SO4": 79.6, "HCO3": 299.93, "SAR": 3.82, "RSC": 0.55, "Na%": 64.34, "GWQI": 111.31, "GWQI_Class": "Poor", "Irrigation_Suitability": "Marginal / Moderate", "Fluoride_Risk": "Dental Fluorosis Risk (1.5-2.0 mg/L)", "Nitrate_Risk": "Natural Background (<10 mg/L)", "Drinking_Status": "Unsafe for Drinking", "Gi_Z_F": 1.72, "Gi_Z_NO3": 1.25, "Gi_Z_GWQI": -0.27, "Gi_Z_TDS": -0.57, "Hotspot_F": "Hotspot (90% Confidence)", "Hotspot_NO3": "Not Significant", "Hotspot_GWQI": "Not Significant" }, "geometry": { "type": "Point", "coordinates": [ 77.7731, 9.7912 ] } },
{ "type": "Feature", "properties": { "Well No": "21048", "Taluk": "Peraiyur", "Village": "Pappanaickenpatti", "Latitude_DD": 9.820278, "Longitude_DD": 77.711111, "Total_Samples": 7, "TDS": 1164.0, "EC_GEN": 1707.14, "pH_GEN": 8.27, "F": 0.5, "NO2+NO3": 13.0, "HAR_Total": 392.86, "Ca": 57.43, "Mg": 60.58, "Na": 232.0, "K": 101.14, "Cl": 271.57, "SO4": 73.86, "HCO3": 615.23, "SAR": 4.22, "RSC": 2.39, "Na%": 47.28, "GWQI": 175.52, "GWQI_Class": "Poor", "Irrigation_Suitability": "Marginal / Moderate", "Fluoride_Risk": "Safe (<1.0 mg/L)", "Nitrate_Risk": "Acceptable (10-45 mg/L)", "Drinking_Status": "Permissible / Marginal", "Gi_Z_F": 2.06, "Gi_Z_NO3": 0.97, "Gi_Z_GWQI": -1.06, "Gi_Z_TDS": -1.24, "Hotspot_F": "Hotspot (95% Confidence)", "Hotspot_NO3": "Not Significant", "Hotspot_GWQI": "Not Significant" }, "geometry": { "type": "Point", "coordinates": [ 77.711111, 9.820278 ] } },
{ "type": "Feature", "properties": { "Well No": "21050", "Taluk": "Peraiyur", "Village": "Mathippanur", "Latitude_DD": 9.795556, "Longitude_DD": 77.8375, "Total_Samples": 11, "TDS": 737.18, "EC_GEN": 1238.18, "pH_GEN": 8.03, "F": 0.75, "NO2+NO3": 12.18, "HAR_Total": 398.18, "Ca": 47.82, "Mg": 68.37, "Na": 122.18, "K": 5.37, "Cl": 170.64, "SO4": 85.09, "HCO3": 354.1, "SAR": 2.07, "RSC": 0.19, "Na%": 37.54, "GWQI": 110.93, "GWQI_Class": "Poor", "Irrigation_Suitability": "Good / Permissible", "Fluoride_Risk": "Safe (<1.0 mg/L)", "Nitrate_Risk": "Acceptable (10-45 mg/L)", "Drinking_Status": "Permissible / Marginal", "Gi_Z_F": 2.35, "Gi_Z_NO3": 2.82, "Gi_Z_GWQI": 0.83, "Gi_Z_TDS": 0.51, "Hotspot_F": "Hotspot (95% Confidence)", "Hotspot_NO3": "Hotspot (99% Confidence)", "Hotspot_GWQI": "Not Significant" }, "geometry": { "type": "Point", "coordinates": [ 77.8375, 9.795556 ] } },
{ "type": "Feature", "properties": { "Well No": "21052", "Taluk": "Peraiyur", "Village": "Muthunayakkapuram", "Latitude_DD": 9.771389, "Longitude_DD": 77.812222, "Total_Samples": 10, "TDS": 487.5, "EC_GEN": 833.0, "pH_GEN": 8.13, "F": 0.95, "NO2+NO3": 8.2, "HAR_Total": 208.0, "Ca": 25.0, "Mg": 34.99, "Na": 107.7, "K": 2.9, "Cl": 82.6, "SO4": 41.7, "HCO3": 282.22, "SAR": 2.87, "RSC": 0.75, "Na%": 49.96, "GWQI": 83.43, "GWQI_Class": "Good", "Irrigation_Suitability": "Good / Permissible", "Fluoride_Risk": "Safe (<1.0 mg/L)", "Nitrate_Risk": "Natural Background (<10 mg/L)", "Drinking_Status": "Permissible / Marginal", "Gi_Z_F": 1.82, "Gi_Z_NO3": 1.08, "Gi_Z_GWQI": 0.05, "Gi_Z_TDS": -0.12, "Hotspot_F": "Hotspot (90% Confidence)", "Hotspot_NO3": "Not Significant", "Hotspot_GWQI": "Not Significant" }, "geometry": { "type": "Point", "coordinates": [ 77.812222, 9.771389 ] } },
{ "type": "Feature", "properties": { "Well No": "21056", "Taluk": "Usilampatti", "Village": "Meikilarpatti", "Latitude_DD": 9.980556, "Longitude_DD": 77.802778, "Total_Samples": 8, "TDS": 1005.62, "EC_GEN": 1471.25, "pH_GEN": 8.42, "F": 0.47, "NO2+NO3": 30.25, "HAR_Total": 397.5, "Ca": 62.5, "Mg": 58.62, "Na": 148.25, "K": 93.25, "Cl": 221.62, "SO4": 86.0, "HCO3": 385.06, "SAR": 2.94, "RSC": 0.19, "Na%": 38.1, "GWQI": 163.15, "GWQI_Class": "Poor", "Irrigation_Suitability": "Good / Permissible", "Fluoride_Risk": "Safe (<1.0 mg/L)", "Nitrate_Risk": "Acceptable (10-45 mg/L)", "Drinking_Status": "Permissible / Marginal", "Gi_Z_F": 2.61, "Gi_Z_NO3": 2.09, "Gi_Z_GWQI": 1.7, "Gi_Z_TDS": 1.26, "Hotspot_F": "Hotspot (99% Confidence)", "Hotspot_NO3": "Hotspot (95% Confidence)", "Hotspot_GWQI": "Hotspot (90% Confidence)" }, "geometry": { "type": "Point", "coordinates": [ 77.802778, 9.980556 ] } },
{ "type": "Feature", "properties": { "Well No": "21057", "Taluk": "Usilampatti", "Village": "Panamooppanpatti", "Latitude_DD": 10.137222, "Longitude_DD": 78.3625, "Total_Samples": 3, "TDS": 1065.0, "EC_GEN": 1910.0, "pH_GEN": 8.23, "F": 0.69, "NO2+NO3": 12.67, "HAR_Total": 395.0, "Ca": 26.0, "Mg": 80.19, "Na": 257.67, "K": 11.67, "Cl": 314.33, "SO4": 70.0, "HCO3": 471.84, "SAR": 5.35, "RSC": 0.21, "Na%": 54.15, "GWQI": 142.87, "GWQI_Class": "Poor", "Irrigation_Suitability": "Good / Permissible", "Fluoride_Risk": "Safe (<1.0 mg/L)", "Nitrate_Risk": "Acceptable (10-45 mg/L)", "Drinking_Status": "Permissible / Marginal", "Gi_Z_F": -1.57, "Gi_Z_NO3": -1.28, "Gi_Z_GWQI": -0.72, "Gi_Z_TDS": -0.47, "Hotspot_F": "Not Significant", "Hotspot_NO3": "Not Significant", "Hotspot_GWQI": "Not Significant" }, "geometry": { "type": "Point", "coordinates": [ 78.3625, 10.137222 ] } },
{ "type": "Feature", "properties": { "Well No": "21059", "Taluk": "Vadipatti", "Village": "Kadupatti", "Latitude_DD": 10.022222, "Longitude_DD": 77.92, "Total_Samples": 11, "TDS": 561.09, "EC_GEN": 950.91, "pH_GEN": 8.06, "F": 1.0, "NO2+NO3": 12.86, "HAR_Total": 290.45, "Ca": 39.64, "Mg": 46.83, "Na": 91.36, "K": 8.55, "Cl": 131.45, "SO4": 61.73, "HCO3": 239.08, "SAR": 2.14, "RSC": 0.09, "Na%": 37.43, "GWQI": 94.95, "GWQI_Class": "Good", "Irrigation_Suitability": "Good / Permissible", "Fluoride_Risk": "Permissible (1.0-1.5 mg/L)", "Nitrate_Risk": "Acceptable (10-45 mg/L)", "Drinking_Status": "Permissible / Marginal", "Gi_Z_F": 0.51, "Gi_Z_NO3": -0.46, "Gi_Z_GWQI": -0.19, "Gi_Z_TDS": -0.54, "Hotspot_F": "Not Significant", "Hotspot_NO3": "Not Significant", "Hotspot_GWQI": "Not Significant" }, "geometry": { "type": "Point", "coordinates": [ 77.92, 10.022222 ] } },
{ "type": "Feature", "properties": { "Well No": "21061", "Taluk": "Vadipatti", "Village": "Thathampatti", "Latitude_DD": 10.022222, "Longitude_DD": 78.015556, "Total_Samples": 11, "TDS": 435.73, "EC_GEN": 758.64, "pH_GEN": 8.02, "F": 0.63, "NO2+NO3": 6.5, "HAR_Total": 260.0, "Ca": 42.73, "Mg": 36.12, "Na": 64.27, "K": 13.64, "Cl": 79.64, "SO4": 31.55, "HCO3": 253.21, "SAR": 1.44, "RSC": 0.2, "Na%": 33.19, "GWQI": 79.57, "GWQI_Class": "Good", "Irrigation_Suitability": "Good / Permissible", "Fluoride_Risk": "Safe (<1.0 mg/L)", "Nitrate_Risk": "Natural Background (<10 mg/L)", "Drinking_Status": "Permissible / Marginal", "Gi_Z_F": 0.26, "Gi_Z_NO3": -1.57, "Gi_Z_GWQI": -0.5, "Gi_Z_TDS": -0.41, "Hotspot_F": "Not Significant", "Hotspot_NO3": "Not Significant", "Hotspot_GWQI": "Not Significant" }, "geometry": { "type": "Point", "coordinates": [ 78.015556, 10.022222 ] } },
{ "type": "Feature", "properties": { "Well No": "21062", "Taluk": "Vadipatti", "Village": "Periailandakulam", "Latitude_DD": 10.068333, "Longitude_DD": 78.051389, "Total_Samples": 11, "TDS": 438.0, "EC_GEN": 790.0, "pH_GEN": 8.11, "F": 1.11, "NO2+NO3": 6.09, "HAR_Total": 263.64, "Ca": 25.09, "Mg": 48.93, "Na": 68.45, "K": 5.09, "Cl": 56.0, "SO4": 36.27, "HCO3": 286.33, "SAR": 1.58, "RSC": 0.35, "Na%": 28.02, "GWQI": 85.24, "GWQI_Class": "Good", "Irrigation_Suitability": "Good / Permissible", "Fluoride_Risk": "Permissible (1.0-1.5 mg/L)", "Nitrate_Risk": "Natural Background (<10 mg/L)", "Drinking_Status": "Permissible / Marginal", "Gi_Z_F": -0.94, "Gi_Z_NO3": -1.79, "Gi_Z_GWQI": -2.59, "Gi_Z_TDS": -2.63, "Hotspot_F": "Not Significant", "Hotspot_NO3": "Coldspot (90% Confidence)", "Hotspot_GWQI": "Coldspot (99% Confidence)" }, "geometry": { "type": "Point", "coordinates": [ 78.051389, 10.068333 ] } },
{ "type": "Feature", "properties": { "Well No": "21063", "Taluk": "Madurai North", "Village": "Erukkalanatham", "Latitude_DD": 9.957, "Longitude_DD": 78.083, "Total_Samples": 5, "TDS": 442.0, "EC_GEN": 727.0, "pH_GEN": 7.96, "F": 0.86, "NO2+NO3": 3.6, "HAR_Total": 253.0, "Ca": 43.6, "Mg": 35.96, "Na": 70.6, "K": 7.8, "Cl": 74.6, "SO4": 30.4, "HCO3": 264.5, "SAR": 1.34, "RSC": 0.14, "Na%": 36.49, "GWQI": 78.08, "GWQI_Class": "Good", "Irrigation_Suitability": "Excellent", "Fluoride_Risk": "Safe (<1.0 mg/L)", "Nitrate_Risk": "Natural Background (<10 mg/L)", "Drinking_Status": "Permissible / Marginal", "Gi_Z_F": -0.94, "Gi_Z_NO3": -2.12, "Gi_Z_GWQI": -1.38, "Gi_Z_TDS": -1.01, "Hotspot_F": "Not Significant", "Hotspot_NO3": "Coldspot (95% Confidence)", "Hotspot_GWQI": "Not Significant" }, "geometry": { "type": "Point", "coordinates": [ 78.083, 9.957 ] } },
{ "type": "Feature", "properties": { "Well No": "21065", "Taluk": "Madurai North", "Village": "Mangulam", "Latitude_DD": 10.035833, "Longitude_DD": 78.25, "Total_Samples": 11, "TDS": 697.36, "EC_GEN": 1170.45, "pH_GEN": 8.13, "F": 0.91, "NO2+NO3": 8.73, "HAR_Total": 280.0, "Ca": 51.09, "Mg": 36.89, "Na": 145.0, "K": 19.0, "Cl": 179.55, "SO4": 65.36, "HCO3": 293.87, "SAR": 3.25, "RSC": 0.34, "Na%": 48.68, "GWQI": 107.11, "GWQI_Class": "Poor", "Irrigation_Suitability": "Good / Permissible", "Fluoride_Risk": "Safe (<1.0 mg/L)", "Nitrate_Risk": "Natural Background (<10 mg/L)", "Drinking_Status": "Permissible / Marginal", "Gi_Z_F": -1.93, "Gi_Z_NO3": -2.23, "Gi_Z_GWQI": -1.69, "Gi_Z_TDS": -1.38, "Hotspot_F": "Coldspot (90% Confidence)", "Hotspot_NO3": "Coldspot (95% Confidence)", "Hotspot_GWQI": "Coldspot (90% Confidence)" }, "geometry": { "type": "Point", "coordinates": [ 78.25, 10.035833 ] } },
{ "type": "Feature", "properties": { "Well No": "21066", "Taluk": "Melur", "Village": "Attukulam", "Latitude_DD": 10.0025, "Longitude_DD": 78.356667, "Total_Samples": 10, "TDS": 865.1, "EC_GEN": 1333.0, "pH_GEN": 7.95, "F": 0.77, "NO2+NO3": 17.7, "HAR_Total": 407.5, "Ca": 98.2, "Mg": 45.81, "Na": 142.4, "K": 8.3, "Cl": 284.4, "SO4": 86.0, "HCO3": 236.7, "SAR": 2.7, "RSC": 0.06, "Na%": 42.48, "GWQI": 116.74, "GWQI_Class": "Poor", "Irrigation_Suitability": "Good / Permissible", "Fluoride_Risk": "Safe (<1.0 mg/L)", "Nitrate_Risk": "Acceptable (10-45 mg/L)", "Drinking_Status": "Permissible / Marginal", "Gi_Z_F": -2.11, "Gi_Z_NO3": -1.87, "Gi_Z_GWQI": -1.14, "Gi_Z_TDS": -0.7, "Hotspot_F": "Coldspot (95% Confidence)", "Hotspot_NO3": "Coldspot (90% Confidence)", "Hotspot_GWQI": "Not Significant" }, "geometry": { "type": "Point", "coordinates": [ 78.356667, 10.0025 ] } },
{ "type": "Feature", "properties": { "Well No": "21068", "Taluk": "Vadipatti", "Village": "Alanganallur", "Latitude_DD": 10.048333, "Longitude_DD": 78.083889, "Total_Samples": 19, "TDS": 900.42, "EC_GEN": 1476.05, "pH_GEN": 7.97, "F": 0.46, "NO2+NO3": 28.0, "HAR_Total": 548.68, "Ca": 97.89, "Mg": 75.91, "Na": 97.84, "K": 14.42, "Cl": 260.37, "SO4": 62.89, "HCO3": 296.13, "SAR": 1.66, "RSC": 0.0, "Na%": 26.72, "GWQI": 128.57, "GWQI_Class": "Poor", "Irrigation_Suitability": "Good / Permissible", "Fluoride_Risk": "Safe (<1.0 mg/L)", "Nitrate_Risk": "Acceptable (10-45 mg/L)", "Drinking_Status": "Permissible / Marginal", "Gi_Z_F": -0.3, "Gi_Z_NO3": -2.67, "Gi_Z_GWQI": -2.86, "Gi_Z_TDS": -2.89, "Hotspot_F": "Not Significant", "Hotspot_NO3": "Coldspot (99% Confidence)", "Hotspot_GWQI": "Coldspot (99% Confidence)" }, "geometry": { "type": "Point", "coordinates": [ 78.083889, 10.048333 ] } },
{ "type": "Feature", "properties": { "Well No": "21069", "Taluk": "Vadipatti", "Village": "Maduvarpatti", "Latitude_DD": 10.080278, "Longitude_DD": 78.124722, "Total_Samples": 12, "TDS": 1253.42, "EC_GEN": 1811.67, "pH_GEN": 8.07, "F": 0.4, "NO2+NO3": 43.5, "HAR_Total": 698.33, "Ca": 112.0, "Mg": 101.55, "Na": 169.5, "K": 26.33, "Cl": 321.92, "SO4": 98.92, "HCO3": 450.16, "SAR": 2.57, "RSC": 0.27, "Na%": 32.41, "GWQI": 169.07, "GWQI_Class": "Poor", "Irrigation_Suitability": "Good / Permissible", "Fluoride_Risk": "Safe (<1.0 mg/L)", "Nitrate_Risk": "Acceptable (10-45 mg/L)", "Drinking_Status": "Unsafe for Drinking", "Gi_Z_F": -0.86, "Gi_Z_NO3": -2.23, "Gi_Z_GWQI": -2.87, "Gi_Z_TDS": -2.9, "Hotspot_F": "Not Significant", "Hotspot_NO3": "Coldspot (95% Confidence)", "Hotspot_GWQI": "Coldspot (99% Confidence)" }, "geometry": { "type": "Point", "coordinates": [ 78.124722, 10.080278 ] } },
{ "type": "Feature", "properties": { "Well No": "21071", "Taluk": "Melur", "Village": "Pottapatty", "Latitude_DD": 10.281944, "Longitude_DD": 78.370556, "Total_Samples": 5, "TDS": 533.2, "EC_GEN": 840.0, "pH_GEN": 8.0, "F": 1.18, "NO2+NO3": 7.6, "HAR_Total": 324.0, "Ca": 47.6, "Mg": 50.54, "Na": 80.0, "K": 5.0, "Cl": 93.0, "SO4": 31.0, "HCO3": 370.11, "SAR": 1.31, "RSC": 0.12, "Na%": 34.99, "GWQI": 94.17, "GWQI_Class": "Good", "Irrigation_Suitability": "Good / Permissible", "Fluoride_Risk": "Permissible (1.0-1.5 mg/L)", "Nitrate_Risk": "Natural Background (<10 mg/L)", "Drinking_Status": "Permissible / Marginal", "Gi_Z_F": -0.68, "Gi_Z_NO3": -0.85, "Gi_Z_GWQI": -0.31, "Gi_Z_TDS": -0.3, "Hotspot_F": "Not Significant", "Hotspot_NO3": "Not Significant", "Hotspot_GWQI": "Not Significant" }, "geometry": { "type": "Point", "coordinates": [ 78.370556, 10.281944 ] } },
{ "type": "Feature", "properties": { "Well No": "21074", "Taluk": "Madurai North", "Village": "Chettikulam", "Latitude_DD": 9.995, "Longitude_DD": 78.146944, "Total_Samples": 11, "TDS": 903.0, "EC_GEN": 1469.09, "pH_GEN": 8.21, "F": 0.85, "NO2+NO3": 24.0, "HAR_Total": 439.55, "Ca": 33.27, "Mg": 86.38, "Na": 166.27, "K": 11.73, "Cl": 215.91, "SO4": 58.73, "HCO3": 443.82, "SAR": 2.73, "RSC": 0.1, "Na%": 43.62, "GWQI": 134.17, "GWQI_Class": "Poor", "Irrigation_Suitability": "Good / Permissible", "Fluoride_Risk": "Safe (<1.0 mg/L)", "Nitrate_Risk": "Acceptable (10-45 mg/L)", "Drinking_Status": "Permissible / Marginal", "Gi_Z_F": 1.1, "Gi_Z_NO3": -2.2, "Gi_Z_GWQI": -2.07, "Gi_Z_TDS": -1.88, "Hotspot_F": "Not Significant", "Hotspot_NO3": "Coldspot (95% Confidence)", "Hotspot_GWQI": "Coldspot (95% Confidence)" }, "geometry": { "type": "Point", "coordinates": [ 78.146944, 9.995 ] } },
{ "type": "Feature", "properties": { "Well No": "21075", "Taluk": "Madurai North", "Village": "Chatrapatti", "Latitude_DD": 10.03, "Longitude_DD": 78.15, "Total_Samples": 5, "TDS": 324.6, "EC_GEN": 612.0, "pH_GEN": 8.26, "F": 0.82, "NO2+NO3": 2.8, "HAR_Total": 199.0, "Ca": 28.0, "Mg": 31.35, "Na": 51.6, "K": 3.8, "Cl": 57.0, "SO4": 11.6, "HCO3": 207.16, "SAR": 1.65, "RSC": 0.11, "Na%": 36.32, "GWQI": 70.41, "GWQI_Class": "Good", "Irrigation_Suitability": "Excellent", "Fluoride_Risk": "Safe (<1.0 mg/L)", "Nitrate_Risk": "Natural Background (<10 mg/L)", "Drinking_Status": "Safe Drinking Water", "Gi_Z_F": -0.52, "Gi_Z_NO3": -1.95, "Gi_Z_GWQI": -2.18, "Gi_Z_TDS": -2.04, "Hotspot_F": "Not Significant", "Hotspot_NO3": "Coldspot (90% Confidence)", "Hotspot_GWQI": "Coldspot (95% Confidence)" }, "geometry": { "type": "Point", "coordinates": [ 78.15, 10.03 ] } },
{ "type": "Feature", "properties": { "Well No": "21076", "Taluk": "Madurai North", "Village": "Vayalur", "Latitude_DD": 10.018333, "Longitude_DD": 78.053889, "Total_Samples": 10, "TDS": 531.4, "EC_GEN": 819.5, "pH_GEN": 8.05, "F": 0.94, "NO2+NO3": 3.0, "HAR_Total": 274.5, "Ca": 28.2, "Mg": 47.39, "Na": 104.3, "K": 7.4, "Cl": 132.4, "SO4": 35.2, "HCO3": 286.3, "SAR": 2.74, "RSC": 0.6, "Na%": 45.33, "GWQI": 88.33, "GWQI_Class": "Good", "Irrigation_Suitability": "Good / Permissible", "Fluoride_Risk": "Safe (<1.0 mg/L)", "Nitrate_Risk": "Natural Background (<10 mg/L)", "Drinking_Status": "Permissible / Marginal", "Gi_Z_F": -0.58, "Gi_Z_NO3": -2.37, "Gi_Z_GWQI": -2.45, "Gi_Z_TDS": -2.46, "Hotspot_F": "Not Significant", "Hotspot_NO3": "Coldspot (95% Confidence)", "Hotspot_GWQI": "Coldspot (95% Confidence)" }, "geometry": { "type": "Point", "coordinates": [ 78.053889, 10.018333 ] } },
{ "type": "Feature", "properties": { "Well No": "21077", "Taluk": "Madurai North", "Village": "Elangiyendal", "Latitude_DD": 9.976, "Longitude_DD": 78.163, "Total_Samples": 5, "TDS": 818.6, "EC_GEN": 1178.0, "pH_GEN": 8.14, "F": 1.17, "NO2+NO3": 9.2, "HAR_Total": 283.0, "Ca": 39.2, "Mg": 36.21, "Na": 221.2, "K": 7.8, "Cl": 257.8, "SO4": 19.4, "HCO3": 390.4, "SAR": 5.69, "RSC": 2.62, "Na%": 67.56, "GWQI": 113.5, "GWQI_Class": "Poor", "Irrigation_Suitability": "Unsuitable", "Fluoride_Risk": "Permissible (1.0-1.5 mg/L)", "Nitrate_Risk": "Natural Background (<10 mg/L)", "Drinking_Status": "Permissible / Marginal", "Gi_Z_F": -0.55, "Gi_Z_NO3": -1.87, "Gi_Z_GWQI": -1.5, "Gi_Z_TDS": -1.25, "Hotspot_F": "Not Significant", "Hotspot_NO3": "Coldspot (90% Confidence)", "Hotspot_GWQI": "Not Significant" }, "geometry": { "type": "Point", "coordinates": [ 78.163, 9.976 ] } },
{ "type": "Feature", "properties": { "Well No": "21078", "Taluk": "Madurai North", "Village": "Kalikappan", "Latitude_DD": 9.939444, "Longitude_DD": 78.193611, "Total_Samples": 11, "TDS": 423.73, "EC_GEN": 707.73, "pH_GEN": 8.06, "F": 0.83, "NO2+NO3": 6.55, "HAR_Total": 224.09, "Ca": 34.36, "Mg": 33.03, "Na": 73.18, "K": 7.09, "Cl": 86.91, "SO4": 33.45, "HCO3": 204.8, "SAR": 1.75, "RSC": 0.0, "Na%": 40.93, "GWQI": 76.45, "GWQI_Class": "Good", "Irrigation_Suitability": "Good / Permissible", "Fluoride_Risk": "Safe (<1.0 mg/L)", "Nitrate_Risk": "Natural Background (<10 mg/L)", "Drinking_Status": "Permissible / Marginal", "Gi_Z_F": 0.41, "Gi_Z_NO3": -2.08, "Gi_Z_GWQI": -0.35, "Gi_Z_TDS": 0.15, "Hotspot_F": "Not Significant", "Hotspot_NO3": "Coldspot (95% Confidence)", "Hotspot_GWQI": "Not Significant" }, "geometry": { "type": "Point", "coordinates": [ 78.193611, 9.939444 ] } },
{ "type": "Feature", "properties": { "Well No": "21079", "Taluk": "Madurai North", "Village": "Rajakkur", "Latitude_DD": 9.928611, "Longitude_DD": 78.238333, "Total_Samples": 10, "TDS": 962.5, "EC_GEN": 1649.5, "pH_GEN": 8.28, "F": 0.69, "NO2+NO3": 1.81, "HAR_Total": 149.5, "Ca": 18.2, "Mg": 16.77, "Na": 345.4, "K": 2.4, "Cl": 271.7, "SO4": 21.5, "HCO3": 542.74, "SAR": 14.15, "RSC": 6.74, "Na%": 85.63, "GWQI": 115.75, "GWQI_Class": "Poor", "Irrigation_Suitability": "Unsuitable", "Fluoride_Risk": "Safe (<1.0 mg/L)", "Nitrate_Risk": "Natural Background (<10 mg/L)", "Drinking_Status": "Permissible / Marginal", "Gi_Z_F": 0.19, "Gi_Z_NO3": -1.53, "Gi_Z_GWQI": 0.16, "Gi_Z_TDS": 0.56, "Hotspot_F": "Not Significant", "Hotspot_NO3": "Not Significant", "Hotspot_GWQI": "Not Significant" }, "geometry": { "type": "Point", "coordinates": [ 78.238333, 9.928611 ] } },
{ "type": "Feature", "properties": { "Well No": "21080", "Taluk": "Madurai North", "Village": "Kalimangalam", "Latitude_DD": 9.878333, "Longitude_DD": 78.238889, "Total_Samples": 10, "TDS": 1980.7, "EC_GEN": 3370.0, "pH_GEN": 8.57, "F": 1.5, "NO2+NO3": 7.3, "HAR_Total": 380.0, "Ca": 52.0, "Mg": 43.25, "Na": 722.7, "K": 8.1, "Cl": 712.5, "SO4": 166.2, "HCO3": 797.88, "SAR": 19.24, "RSC": 8.56, "Na%": 78.0, "GWQI": 227.77, "GWQI_Class": "Very Poor", "Irrigation_Suitability": "Unsuitable", "Fluoride_Risk": "Permissible (1.0-1.5 mg/L)", "Nitrate_Risk": "Natural Background (<10 mg/L)", "Drinking_Status": "Unsafe for Drinking", "Gi_Z_F": -1.3, "Gi_Z_NO3": -1.28, "Gi_Z_GWQI": -0.13, "Gi_Z_TDS": 0.24, "Hotspot_F": "Not Significant", "Hotspot_NO3": "Not Significant", "Hotspot_GWQI": "Not Significant" }, "geometry": { "type": "Point", "coordinates": [ 78.238889, 9.878333 ] } },
{ "type": "Feature", "properties": { "Well No": "21081", "Taluk": "Madurai North", "Village": "Elamanur", "Latitude_DD": 9.900556, "Longitude_DD": 78.210833, "Total_Samples": 11, "TDS": 1430.73, "EC_GEN": 2396.82, "pH_GEN": 8.17, "F": 0.74, "NO2+NO3": 11.91, "HAR_Total": 734.55, "Ca": 98.36, "Mg": 123.05, "Na": 245.36, "K": 20.45, "Cl": 598.91, "SO4": 113.36, "HCO3": 344.78, "SAR": 3.36, "RSC": 0.49, "Na%": 42.73, "GWQI": 186.97, "GWQI_Class": "Poor", "Irrigation_Suitability": "Marginal / Moderate", "Fluoride_Risk": "Safe (<1.0 mg/L)", "Nitrate_Risk": "Acceptable (10-45 mg/L)", "Drinking_Status": "Unsafe for Drinking", "Gi_Z_F": 1.17, "Gi_Z_NO3": -2.35, "Gi_Z_GWQI": 0.03, "Gi_Z_TDS": 0.83, "Hotspot_F": "Not Significant", "Hotspot_NO3": "Coldspot (95% Confidence)", "Hotspot_GWQI": "Not Significant" }, "geometry": { "type": "Point", "coordinates": [ 78.210833, 9.900556 ] } },
{ "type": "Feature", "properties": { "Well No": "21082", "Taluk": "Madurai South", "Village": "Nallur", "Latitude_DD": 9.788333, "Longitude_DD": 78.133333, "Total_Samples": 11, "TDS": 413.73, "EC_GEN": 717.27, "pH_GEN": 8.16, "F": 0.45, "NO2+NO3": 4.82, "HAR_Total": 261.82, "Ca": 43.45, "Mg": 37.44, "Na": 54.64, "K": 9.27, "Cl": 78.0, "SO4": 21.18, "HCO3": 247.54, "SAR": 1.24, "RSC": 0.06, "Na%": 28.52, "GWQI": 76.49, "GWQI_Class": "Good", "Irrigation_Suitability": "Excellent", "Fluoride_Risk": "Safe (<1.0 mg/L)", "Nitrate_Risk": "Natural Background (<10 mg/L)", "Drinking_Status": "Permissible / Marginal", "Gi_Z_F": 1.41, "Gi_Z_NO3": 1.02, "Gi_Z_GWQI": 3.29, "Gi_Z_TDS": 3.85, "Hotspot_F": "Not Significant", "Hotspot_NO3": "Not Significant", "Hotspot_GWQI": "Hotspot (99% Confidence)" }, "geometry": { "type": "Point", "coordinates": [ 78.133333, 9.788333 ] } },
{ "type": "Feature", "properties": { "Well No": "21083", "Taluk": "Madurai South", "Village": "Nilaiyur", "Latitude_DD": 9.855556, "Longitude_DD": 78.059167, "Total_Samples": 11, "TDS": 1304.82, "EC_GEN": 2115.91, "pH_GEN": 8.08, "F": 0.74, "NO2+NO3": 15.91, "HAR_Total": 599.55, "Ca": 106.55, "Mg": 83.95, "Na": 242.64, "K": 18.45, "Cl": 420.09, "SO4": 142.18, "HCO3": 433.65, "SAR": 3.55, "RSC": 0.0, "Na%": 45.41, "GWQI": 168.52, "GWQI_Class": "Poor", "Irrigation_Suitability": "Good / Permissible", "Fluoride_Risk": "Safe (<1.0 mg/L)", "Nitrate_Risk": "Acceptable (10-45 mg/L)", "Drinking_Status": "Permissible / Marginal", "Gi_Z_F": 0.12, "Gi_Z_NO3": 1.27, "Gi_Z_GWQI": 2.59, "Gi_Z_TDS": 3.02, "Hotspot_F": "Not Significant", "Hotspot_NO3": "Not Significant", "Hotspot_GWQI": "Hotspot (99% Confidence)" }, "geometry": { "type": "Point", "coordinates": [ 78.059167, 9.855556 ] } },
{ "type": "Feature", "properties": { "Well No": "21084", "Taluk": "Madurai South", "Village": "Sakkilipatti", "Latitude_DD": 9.901389, "Longitude_DD": 78.011111, "Total_Samples": 10, "TDS": 838.8, "EC_GEN": 1381.0, "pH_GEN": 8.05, "F": 0.84, "NO2+NO3": 9.9, "HAR_Total": 424.5, "Ca": 65.6, "Mg": 63.3, "Na": 153.2, "K": 6.6, "Cl": 300.5, "SO4": 63.3, "HCO3": 320.65, "SAR": 2.52, "RSC": 0.0, "Na%": 42.38, "GWQI": 119.98, "GWQI_Class": "Poor", "Irrigation_Suitability": "Good / Permissible", "Fluoride_Risk": "Safe (<1.0 mg/L)", "Nitrate_Risk": "Natural Background (<10 mg/L)", "Drinking_Status": "Permissible / Marginal", "Gi_Z_F": 0.48, "Gi_Z_NO3": 0.57, "Gi_Z_GWQI": 0.96, "Gi_Z_TDS": 1.07, "Hotspot_F": "Not Significant", "Hotspot_NO3": "Not Significant", "Hotspot_GWQI": "Not Significant" }, "geometry": { "type": "Point", "coordinates": [ 78.011111, 9.901389 ] } },
{ "type": "Feature", "properties": { "Well No": "501001", "Taluk": "Madurai North", "Village": "Oomatchikulam", "Latitude_DD": 10.005, "Longitude_DD": 78.148056, "Total_Samples": 16, "TDS": 837.38, "EC_GEN": 1180.62, "pH_GEN": 8.12, "F": 1.23, "NO2+NO3": 11.07, "HAR_Total": 374.69, "Ca": 63.62, "Mg": 76.17, "Na": 137.94, "K": 5.31, "Cl": 300.31, "SO4": 44.44, "HCO3": 277.19, "SAR": 1.83, "RSC": 0.0, "Na%": 35.21, "GWQI": 120.53, "GWQI_Class": "Poor", "Irrigation_Suitability": "Good / Permissible", "Fluoride_Risk": "Permissible (1.0-1.5 mg/L)", "Nitrate_Risk": "Acceptable (10-45 mg/L)", "Drinking_Status": "Permissible / Marginal", "Gi_Z_F": 0.55, "Gi_Z_NO3": -0.87, "Gi_Z_GWQI": -1.28, "Gi_Z_TDS": -1.37, "Hotspot_F": "Not Significant", "Hotspot_NO3": "Not Significant", "Hotspot_GWQI": "Not Significant" }, "geometry": { "type": "Point", "coordinates": [ 78.148056, 10.005 ] } },
{ "type": "Feature", "properties": { "Well No": "501002", "Taluk": "Vadipatti", "Village": "Thanichiyam", "Latitude_DD": 10.041111, "Longitude_DD": 78.010556, "Total_Samples": 4, "TDS": 744.75, "EC_GEN": 1350.0, "pH_GEN": 8.12, "F": 1.02, "NO2+NO3": 10.75, "HAR_Total": 371.25, "Ca": 37.5, "Mg": 67.43, "Na": 139.75, "K": 8.25, "Cl": 164.75, "SO4": 79.75, "HCO3": 372.13, "SAR": 2.91, "RSC": 0.45, "Na%": 31.66, "GWQI": 116.92, "GWQI_Class": "Poor", "Irrigation_Suitability": "Good / Permissible", "Fluoride_Risk": "Permissible (1.0-1.5 mg/L)", "Nitrate_Risk": "Acceptable (10-45 mg/L)", "Drinking_Status": "Permissible / Marginal", "Gi_Z_F": -0.32, "Gi_Z_NO3": -2.7, "Gi_Z_GWQI": -2.68, "Gi_Z_TDS": -2.67, "Hotspot_F": "Not Significant", "Hotspot_NO3": "Coldspot (99% Confidence)", "Hotspot_GWQI": "Coldspot (99% Confidence)" }, "geometry": { "type": "Point", "coordinates": [ 78.010556, 10.041111 ] } },
{ "type": "Feature", "properties": { "Well No": "501003", "Taluk": "Madurai North", "Village": "Varichiyur", "Latitude_DD": 9.913056, "Longitude_DD": 78.251111, "Total_Samples": 15, "TDS": 997.87, "EC_GEN": 1778.0, "pH_GEN": 8.06, "F": 0.72, "NO2+NO3": 7.73, "HAR_Total": 451.33, "Ca": 76.93, "Mg": 69.58, "Na": 191.87, "K": 9.67, "Cl": 366.47, "SO4": 81.33, "HCO3": 333.47, "SAR": 3.73, "RSC": 0.29, "Na%": 45.19, "GWQI": 134.34, "GWQI_Class": "Poor", "Irrigation_Suitability": "Good / Permissible", "Fluoride_Risk": "Safe (<1.0 mg/L)", "Nitrate_Risk": "Natural Background (<10 mg/L)", "Drinking_Status": "Permissible / Marginal", "Gi_Z_F": 0.22, "Gi_Z_NO3": -0.22, "Gi_Z_GWQI": 0.17, "Gi_Z_TDS": 0.67, "Hotspot_F": "Not Significant", "Hotspot_NO3": "Not Significant", "Hotspot_GWQI": "Not Significant" }, "geometry": { "type": "Point", "coordinates": [ 78.251111, 9.913056 ] } },
{ "type": "Feature", "properties": { "Well No": "501004", "Taluk": "Madurai North", "Village": "Sakkudi", "Latitude_DD": 9.864167, "Longitude_DD": 78.223611, "Total_Samples": 16, "TDS": 914.0, "EC_GEN": 1510.31, "pH_GEN": 8.22, "F": 0.56, "NO2+NO3": 9.19, "HAR_Total": 335.62, "Ca": 47.75, "Mg": 49.51, "Na": 219.0, "K": 23.44, "Cl": 243.5, "SO4": 49.56, "HCO3": 464.17, "SAR": 4.16, "RSC": 1.5, "Na%": 54.43, "GWQI": 127.15, "GWQI_Class": "Poor", "Irrigation_Suitability": "Marginal / Moderate", "Fluoride_Risk": "Safe (<1.0 mg/L)", "Nitrate_Risk": "Natural Background (<10 mg/L)", "Drinking_Status": "Permissible / Marginal", "Gi_Z_F": 2.41, "Gi_Z_NO3": -1.85, "Gi_Z_GWQI": 2.47, "Gi_Z_TDS": 3.3, "Hotspot_F": "Hotspot (95% Confidence)", "Hotspot_NO3": "Coldspot (90% Confidence)", "Hotspot_GWQI": "Hotspot (95% Confidence)" }, "geometry": { "type": "Point", "coordinates": [ 78.223611, 9.864167 ] } },
{ "type": "Feature", "properties": { "Well No": "501005", "Taluk": "Madurai North", "Village": "Chithakur", "Latitude_DD": 9.948333, "Longitude_DD": 78.243611, "Total_Samples": 15, "TDS": 933.07, "EC_GEN": 1598.33, "pH_GEN": 8.1, "F": 1.1, "NO2+NO3": 8.41, "HAR_Total": 396.33, "Ca": 65.47, "Mg": 56.54, "Na": 207.13, "K": 6.14, "Cl": 275.6, "SO4": 56.73, "HCO3": 447.81, "SAR": 5.33, "RSC": 2.54, "Na%": 59.82, "GWQI": 130.33, "GWQI_Class": "Poor", "Irrigation_Suitability": "Unsuitable", "Fluoride_Risk": "Permissible (1.0-1.5 mg/L)", "Nitrate_Risk": "Natural Background (<10 mg/L)", "Drinking_Status": "Permissible / Marginal", "Gi_Z_F": -0.6, "Gi_Z_NO3": -2.37, "Gi_Z_GWQI": -0.78, "Gi_Z_TDS": -0.25, "Hotspot_F": "Not Significant", "Hotspot_NO3": "Coldspot (95% Confidence)", "Hotspot_GWQI": "Not Significant" }, "geometry": { "type": "Point", "coordinates": [ 78.243611, 9.948333 ] } },
{ "type": "Feature", "properties": { "Well No": "501006", "Taluk": "Madurai North", "Village": "Poikaraipatti", "Latitude_DD": 10.047222, "Longitude_DD": 78.202778, "Total_Samples": 9, "TDS": 847.67, "EC_GEN": 1521.11, "pH_GEN": 8.02, "F": 0.59, "NO2+NO3": 7.56, "HAR_Total": 446.11, "Ca": 92.0, "Mg": 52.52, "Na": 147.22, "K": 5.78, "Cl": 249.33, "SO4": 66.22, "HCO3": 392.86, "SAR": 3.2, "RSC": 0.36, "Na%": 40.87, "GWQI": 118.97, "GWQI_Class": "Poor", "Irrigation_Suitability": "Good / Permissible", "Fluoride_Risk": "Safe (<1.0 mg/L)", "Nitrate_Risk": "Natural Background (<10 mg/L)", "Drinking_Status": "Permissible / Marginal", "Gi_Z_F": -1.73, "Gi_Z_NO3": -2.8, "Gi_Z_GWQI": -2.41, "Gi_Z_TDS": -2.1, "Hotspot_F": "Coldspot (90% Confidence)", "Hotspot_NO3": "Coldspot (99% Confidence)", "Hotspot_GWQI": "Coldspot (95% Confidence)" }, "geometry": { "type": "Point", "coordinates": [ 78.202778, 10.047222 ] } },
{ "type": "Feature", "properties": { "Well No": "501007", "Taluk": "Madurai North", "Village": "Velliankundram", "Latitude_DD": 10.020556, "Longitude_DD": 78.178333, "Total_Samples": 16, "TDS": 639.12, "EC_GEN": 1076.88, "pH_GEN": 8.01, "F": 0.51, "NO2+NO3": 5.88, "HAR_Total": 320.62, "Ca": 49.75, "Mg": 47.69, "Na": 121.31, "K": 5.88, "Cl": 163.56, "SO4": 61.75, "HCO3": 313.29, "SAR": 2.78, "RSC": 0.26, "Na%": 45.38, "GWQI": 94.58, "GWQI_Class": "Good", "Irrigation_Suitability": "Good / Permissible", "Fluoride_Risk": "Safe (<1.0 mg/L)", "Nitrate_Risk": "Natural Background (<10 mg/L)", "Drinking_Status": "Permissible / Marginal", "Gi_Z_F": -0.61, "Gi_Z_NO3": -1.67, "Gi_Z_GWQI": -1.69, "Gi_Z_TDS": -1.6, "Hotspot_F": "Not Significant", "Hotspot_NO3": "Coldspot (90% Confidence)", "Hotspot_GWQI": "Coldspot (90% Confidence)" }, "geometry": { "type": "Point", "coordinates": [ 78.178333, 10.020556 ] } },
{ "type": "Feature", "properties": { "Well No": "501009", "Taluk": "Thirumangalam", "Village": "Maravankulam", "Latitude_DD": 9.831389, "Longitude_DD": 78.003056, "Total_Samples": 4, "TDS": 869.5, "EC_GEN": 1415.0, "pH_GEN": 8.05, "F": 0.62, "NO2+NO3": 11.25, "HAR_Total": 388.75, "Ca": 69.0, "Mg": 52.55, "Na": 163.25, "K": 26.0, "Cl": 220.75, "SO4": 87.75, "HCO3": 374.95, "SAR": 2.94, "RSC": 0.4, "Na%": 41.48, "GWQI": 124.39, "GWQI_Class": "Poor", "Irrigation_Suitability": "Good / Permissible", "Fluoride_Risk": "Safe (<1.0 mg/L)", "Nitrate_Risk": "Acceptable (10-45 mg/L)", "Drinking_Status": "Permissible / Marginal", "Gi_Z_F": -0.33, "Gi_Z_NO3": 3.0, "Gi_Z_GWQI": 3.18, "Gi_Z_TDS": 3.24, "Hotspot_F": "Not Significant", "Hotspot_NO3": "Hotspot (99% Confidence)", "Hotspot_GWQI": "Hotspot (99% Confidence)" }, "geometry": { "type": "Point", "coordinates": [ 78.003056, 9.831389 ] } },
{ "type": "Feature", "properties": { "Well No": "501011", "Taluk": "Madurai South", "Village": "Melakuyilkudi", "Latitude_DD": 9.9225, "Longitude_DD": 78.036111, "Total_Samples": 10, "TDS": 960.4, "EC_GEN": 1543.6, "pH_GEN": 8.05, "F": 1.31, "NO2+NO3": 7.8, "HAR_Total": 326.5, "Ca": 46.6, "Mg": 51.76, "Na": 239.4, "K": 4.1, "Cl": 271.0, "SO4": 121.1, "HCO3": 384.3, "SAR": 4.55, "RSC": 0.34, "Na%": 60.25, "GWQI": 128.74, "GWQI_Class": "Poor", "Irrigation_Suitability": "Marginal / Moderate", "Fluoride_Risk": "Permissible (1.0-1.5 mg/L)", "Nitrate_Risk": "Natural Background (<10 mg/L)", "Drinking_Status": "Permissible / Marginal", "Gi_Z_F": -0.79, "Gi_Z_NO3": -0.84, "Gi_Z_GWQI": -0.45, "Gi_Z_TDS": -0.24, "Hotspot_F": "Not Significant", "Hotspot_NO3": "Not Significant", "Hotspot_GWQI": "Not Significant" }, "geometry": { "type": "Point", "coordinates": [ 78.036111, 9.9225 ] } },
{ "type": "Feature", "properties": { "Well No": "501012", "Taluk": "Madurai South", "Village": "Vilacherry", "Latitude_DD": 9.9, "Longitude_DD": 78.059444, "Total_Samples": 16, "TDS": 550.81, "EC_GEN": 938.12, "pH_GEN": 8.07, "F": 0.87, "NO2+NO3": 6.81, "HAR_Total": 291.25, "Ca": 42.25, "Mg": 46.63, "Na": 89.0, "K": 11.19, "Cl": 126.69, "SO4": 62.12, "HCO3": 250.12, "SAR": 1.84, "RSC": 0.01, "Na%": 33.86, "GWQI": 92.88, "GWQI_Class": "Good", "Irrigation_Suitability": "Good / Permissible", "Fluoride_Risk": "Safe (<1.0 mg/L)", "Nitrate_Risk": "Natural Background (<10 mg/L)", "Drinking_Status": "Permissible / Marginal", "Gi_Z_F": 0.2, "Gi_Z_NO3": -1.07, "Gi_Z_GWQI": 0.74, "Gi_Z_TDS": 1.22, "Hotspot_F": "Not Significant", "Hotspot_NO3": "Not Significant", "Hotspot_GWQI": "Not Significant" }, "geometry": { "type": "Point", "coordinates": [ 78.059444, 9.9 ] } },
{ "type": "Feature", "properties": { "Well No": "501013", "Taluk": "Melur", "Village": "Veppaodappu", "Latitude_DD": 9.917222, "Longitude_DD": 78.303889, "Total_Samples": 15, "TDS": 597.8, "EC_GEN": 988.67, "pH_GEN": 8.07, "F": 0.83, "NO2+NO3": 11.94, "HAR_Total": 312.0, "Ca": 55.47, "Mg": 43.58, "Na": 99.73, "K": 6.07, "Cl": 201.13, "SO4": 25.0, "HCO3": 218.38, "SAR": 2.08, "RSC": 0.0, "Na%": 37.93, "GWQI": 94.42, "GWQI_Class": "Good", "Irrigation_Suitability": "Good / Permissible", "Fluoride_Risk": "Safe (<1.0 mg/L)", "Nitrate_Risk": "Acceptable (10-45 mg/L)", "Drinking_Status": "Permissible / Marginal", "Gi_Z_F": -0.36, "Gi_Z_NO3": -1.83, "Gi_Z_GWQI": 0.28, "Gi_Z_TDS": 0.91, "Hotspot_F": "Not Significant", "Hotspot_NO3": "Coldspot (90% Confidence)", "Hotspot_GWQI": "Not Significant" }, "geometry": { "type": "Point", "coordinates": [ 78.303889, 9.917222 ] } },
{ "type": "Feature", "properties": { "Well No": "501014", "Taluk": "Melur", "Village": "Ambalakkaranpatti", "Latitude_DD": 9.972222, "Longitude_DD": 78.395, "Total_Samples": 3, "TDS": 1442.0, "EC_GEN": 2460.0, "pH_GEN": 8.2, "F": 0.68, "NO2+NO3": 33.0, "HAR_Total": 606.67, "Ca": 91.33, "Mg": 91.94, "Na": 285.33, "K": 17.0, "Cl": 472.67, "SO4": 159.33, "HCO3": 339.11, "SAR": 4.92, "RSC": 0.0, "Na%": 50.42, "GWQI": 182.25, "GWQI_Class": "Poor", "Irrigation_Suitability": "Marginal / Moderate", "Fluoride_Risk": "Safe (<1.0 mg/L)", "Nitrate_Risk": "Acceptable (10-45 mg/L)", "Drinking_Status": "Unsafe for Drinking", "Gi_Z_F": -1.73, "Gi_Z_NO3": -1.86, "Gi_Z_GWQI": -1.04, "Gi_Z_TDS": -0.53, "Hotspot_F": "Coldspot (90% Confidence)", "Hotspot_NO3": "Coldspot (90% Confidence)", "Hotspot_GWQI": "Not Significant" }, "geometry": { "type": "Point", "coordinates": [ 78.395, 9.972222 ] } },
{ "type": "Feature", "properties": { "Well No": "501015", "Taluk": "Melur", "Village": "Kuruchipatti", "Latitude_DD": 10.0842, "Longitude_DD": 78.3583, "Total_Samples": 1, "TDS": 1446.0, "EC_GEN": 2540.0, "pH_GEN": 8.8, "F": 0.67, "NO2+NO3": 6.0, "HAR_Total": 490.0, "Ca": 92.0, "Mg": 63.18, "Na": 327.0, "K": 68.0, "Cl": 581.0, "SO4": 71.0, "HCO3": 396.5, "SAR": 6.43, "RSC": 0.0, "Na%": 55.23, "GWQI": 199.88, "GWQI_Class": "Poor", "Irrigation_Suitability": "Marginal / Moderate", "Fluoride_Risk": "Safe (<1.0 mg/L)", "Nitrate_Risk": "Natural Background (<10 mg/L)", "Drinking_Status": "Unsafe for Drinking", "Gi_Z_F": -2.56, "Gi_Z_NO3": -1.53, "Gi_Z_GWQI": -1.74, "Gi_Z_TDS": -1.22, "Hotspot_F": "Coldspot (95% Confidence)", "Hotspot_NO3": "Not Significant", "Hotspot_GWQI": "Coldspot (90% Confidence)" }, "geometry": { "type": "Point", "coordinates": [ 78.3583, 10.0842 ] } },
{ "type": "Feature", "properties": { "Well No": "501016", "Taluk": "Melur", "Village": "Navinipatti", "Latitude_DD": 10.043889, "Longitude_DD": 78.362778, "Total_Samples": 15, "TDS": 585.8, "EC_GEN": 975.33, "pH_GEN": 8.14, "F": 0.42, "NO2+NO3": 11.47, "HAR_Total": 309.33, "Ca": 53.2, "Mg": 46.25, "Na": 87.13, "K": 9.33, "Cl": 174.07, "SO4": 55.13, "HCO3": 203.56, "SAR": 2.02, "RSC": 0.0, "Na%": 34.41, "GWQI": 91.71, "GWQI_Class": "Good", "Irrigation_Suitability": "Good / Permissible", "Fluoride_Risk": "Safe (<1.0 mg/L)", "Nitrate_Risk": "Acceptable (10-45 mg/L)", "Drinking_Status": "Permissible / Marginal", "Gi_Z_F": -2.21, "Gi_Z_NO3": -1.55, "Gi_Z_GWQI": -1.26, "Gi_Z_TDS": -0.89, "Hotspot_F": "Coldspot (95% Confidence)", "Hotspot_NO3": "Not Significant", "Hotspot_GWQI": "Not Significant" }, "geometry": { "type": "Point", "coordinates": [ 78.362778, 10.043889 ] } },
{ "type": "Feature", "properties": { "Well No": "501017", "Taluk": "Melur", "Village": "Keelaiyur", "Latitude_DD": 10.047222, "Longitude_DD": 78.377778, "Total_Samples": 10, "TDS": 916.8, "EC_GEN": 1520.0, "pH_GEN": 8.08, "F": 0.56, "NO2+NO3": 10.4, "HAR_Total": 390.5, "Ca": 80.6, "Mg": 52.49, "Na": 176.1, "K": 9.9, "Cl": 321.4, "SO4": 86.5, "HCO3": 273.62, "SAR": 2.81, "RSC": 0.02, "Na%": 39.9, "GWQI": 121.37, "GWQI_Class": "Poor", "Irrigation_Suitability": "Good / Permissible", "Fluoride_Risk": "Safe (<1.0 mg/L)", "Nitrate_Risk": "Acceptable (10-45 mg/L)", "Drinking_Status": "Permissible / Marginal", "Gi_Z_F": -2.38, "Gi_Z_NO3": -1.13, "Gi_Z_GWQI": -1.24, "Gi_Z_TDS": -0.95, "Hotspot_F": "Coldspot (95% Confidence)", "Hotspot_NO3": "Not Significant", "Hotspot_GWQI": "Not Significant" }, "geometry": { "type": "Point", "coordinates": [ 78.377778, 10.047222 ] } },
{ "type": "Feature", "properties": { "Well No": "501018", "Taluk": "Melur", "Village": "Manappacheri", "Latitude_DD": 10.217222, "Longitude_DD": 78.350278, "Total_Samples": 3, "TDS": 1120.67, "EC_GEN": 2066.67, "pH_GEN": 8.03, "F": 0.96, "NO2+NO3": 2.0, "HAR_Total": 546.67, "Ca": 45.33, "Mg": 105.3, "Na": 230.0, "K": 4.0, "Cl": 404.33, "SO4": 110.0, "HCO3": 424.97, "SAR": 4.3, "RSC": 0.0, "Na%": 47.36, "GWQI": 151.9, "GWQI_Class": "Poor", "Irrigation_Suitability": "Good / Permissible", "Fluoride_Risk": "Safe (<1.0 mg/L)", "Nitrate_Risk": "Natural Background (<10 mg/L)", "Drinking_Status": "Permissible / Marginal", "Gi_Z_F": -0.8, "Gi_Z_NO3": -1.23, "Gi_Z_GWQI": -1.06, "Gi_Z_TDS": -0.89, "Hotspot_F": "Not Significant", "Hotspot_NO3": "Not Significant", "Hotspot_GWQI": "Not Significant" }, "geometry": { "type": "Point", "coordinates": [ 78.350278, 10.217222 ] } },
{ "type": "Feature", "properties": { "Well No": "501019", "Taluk": "Melur", "Village": "Kasampatti", "Latitude_DD": 10.1525, "Longitude_DD": 78.299722, "Total_Samples": 4, "TDS": 677.25, "EC_GEN": 965.0, "pH_GEN": 8.12, "F": 0.3, "NO2+NO3": 17.75, "HAR_Total": 417.5, "Ca": 80.0, "Mg": 52.85, "Na": 82.75, "K": 9.0, "Cl": 181.5, "SO4": 34.25, "HCO3": 315.68, "SAR": 1.52, "RSC": 0.5, "Na%": 29.91, "GWQI": 101.77, "GWQI_Class": "Poor", "Irrigation_Suitability": "Good / Permissible", "Fluoride_Risk": "Safe (<1.0 mg/L)", "Nitrate_Risk": "Acceptable (10-45 mg/L)", "Drinking_Status": "Permissible / Marginal", "Gi_Z_F": -1.63, "Gi_Z_NO3": -1.47, "Gi_Z_GWQI": -0.54, "Gi_Z_TDS": -0.36, "Hotspot_F": "Not Significant", "Hotspot_NO3": "Not Significant", "Hotspot_GWQI": "Not Significant" }, "geometry": { "type": "Point", "coordinates": [ 78.299722, 10.1525 ] } },
{ "type": "Feature", "properties": { "Well No": "501020", "Taluk": "Melur", "Village": "Sennagarampatti", "Latitude_DD": 10.080556, "Longitude_DD": 78.320278, "Total_Samples": 10, "TDS": 465.9, "EC_GEN": 778.5, "pH_GEN": 8.01, "F": 0.5, "NO2+NO3": 8.6, "HAR_Total": 227.5, "Ca": 36.2, "Mg": 34.87, "Na": 81.1, "K": 8.9, "Cl": 95.1, "SO4": 39.9, "HCO3": 238.66, "SAR": 1.99, "RSC": 0.4, "Na%": 37.36, "GWQI": 76.94, "GWQI_Class": "Good", "Irrigation_Suitability": "Good / Permissible", "Fluoride_Risk": "Safe (<1.0 mg/L)", "Nitrate_Risk": "Natural Background (<10 mg/L)", "Drinking_Status": "Permissible / Marginal", "Gi_Z_F": -2.21, "Gi_Z_NO3": -2.03, "Gi_Z_GWQI": -0.82, "Gi_Z_TDS": -0.41, "Hotspot_F": "Coldspot (95% Confidence)", "Hotspot_NO3": "Coldspot (95% Confidence)", "Hotspot_GWQI": "Not Significant" }, "geometry": { "type": "Point", "coordinates": [ 78.320278, 10.080556 ] } },
{ "type": "Feature", "properties": { "Well No": "501021", "Taluk": "Melur", "Village": "Surakundu", "Latitude_DD": 10.036944, "Longitude_DD": 78.315, "Total_Samples": 1, "TDS": 626.0, "EC_GEN": 1130.0, "pH_GEN": 8.3, "F": 0.98, "NO2+NO3": 6.0, "HAR_Total": 325.0, "Ca": 26.0, "Mg": 63.18, "Na": 120.0, "K": 2.0, "Cl": 152.0, "SO4": 73.0, "HCO3": 317.2, "SAR": 2.9, "RSC": 0.0, "Na%": 44.36, "GWQI": 105.22, "GWQI_Class": "Poor", "Irrigation_Suitability": "Good / Permissible", "Fluoride_Risk": "Safe (<1.0 mg/L)", "Nitrate_Risk": "Natural Background (<10 mg/L)", "Drinking_Status": "Permissible / Marginal", "Gi_Z_F": -2.54, "Gi_Z_NO3": -2.16, "Gi_Z_GWQI": -1.33, "Gi_Z_TDS": -0.78, "Hotspot_F": "Coldspot (95% Confidence)", "Hotspot_NO3": "Coldspot (95% Confidence)", "Hotspot_GWQI": "Not Significant" }, "geometry": { "type": "Point", "coordinates": [ 78.315, 10.036944 ] } },
{ "type": "Feature", "properties": { "Well No": "501023", "Taluk": "Peraiyur", "Village": "Mangalrev", "Latitude_DD": 9.786111, "Longitude_DD": 77.797222, "Total_Samples": 16, "TDS": 567.25, "EC_GEN": 962.81, "pH_GEN": 8.09, "F": 1.09, "NO2+NO3": 7.82, "HAR_Total": 240.94, "Ca": 33.75, "Mg": 39.03, "Na": 120.94, "K": 2.62, "Cl": 122.56, "SO4": 66.19, "HCO3": 270.93, "SAR": 3.03, "RSC": 0.39, "Na%": 50.5, "GWQI": 91.89, "GWQI_Class": "Good", "Irrigation_Suitability": "Good / Permissible", "Fluoride_Risk": "Permissible (1.0-1.5 mg/L)", "Nitrate_Risk": "Natural Background (<10 mg/L)", "Drinking_Status": "Permissible / Marginal", "Gi_Z_F": 1.95, "Gi_Z_NO3": 1.19, "Gi_Z_GWQI": -0.19, "Gi_Z_TDS": -0.42, "Hotspot_F": "Hotspot (90% Confidence)", "Hotspot_NO3": "Not Significant", "Hotspot_GWQI": "Not Significant" }, "geometry": { "type": "Point", "coordinates": [ 77.797222, 9.786111 ] } },
{ "type": "Feature", "properties": { "Well No": "501028", "Taluk": "Peraiyur", "Village": "Athanur", "Latitude_DD": 9.725, "Longitude_DD": 77.895556, "Total_Samples": 12, "TDS": 639.17, "EC_GEN": 1047.5, "pH_GEN": 8.14, "F": 1.05, "NO2+NO3": 8.75, "HAR_Total": 270.0, "Ca": 31.17, "Mg": 47.08, "Na": 135.92, "K": 14.5, "Cl": 134.42, "SO4": 49.83, "HCO3": 351.07, "SAR": 2.91, "RSC": 1.35, "Na%": 51.04, "GWQI": 103.88, "GWQI_Class": "Poor", "Irrigation_Suitability": "Marginal / Moderate", "Fluoride_Risk": "Permissible (1.0-1.5 mg/L)", "Nitrate_Risk": "Natural Background (<10 mg/L)", "Drinking_Status": "Permissible / Marginal", "Gi_Z_F": 0.72, "Gi_Z_NO3": 2.47, "Gi_Z_GWQI": 0.8, "Gi_Z_TDS": 0.58, "Hotspot_F": "Not Significant", "Hotspot_NO3": "Hotspot (95% Confidence)", "Hotspot_GWQI": "Not Significant" }, "geometry": { "type": "Point", "coordinates": [ 77.895556, 9.725 ] } },
{ "type": "Feature", "properties": { "Well No": "501030", "Taluk": "Peraiyur", "Village": "Mothagam", "Latitude_DD": 9.679167, "Longitude_DD": 77.808889, "Total_Samples": 15, "TDS": 1633.87, "EC_GEN": 2554.0, "pH_GEN": 8.25, "F": 0.34, "NO2+NO3": 26.07, "HAR_Total": 473.33, "Ca": 45.33, "Mg": 86.1, "Na": 344.67, "K": 127.93, "Cl": 441.6, "SO4": 193.93, "HCO3": 549.02, "SAR": 5.94, "RSC": 1.01, "Na%": 54.27, "GWQI": 224.52, "GWQI_Class": "Very Poor", "Irrigation_Suitability": "Marginal / Moderate", "Fluoride_Risk": "Safe (<1.0 mg/L)", "Nitrate_Risk": "Acceptable (10-45 mg/L)", "Drinking_Status": "Permissible / Marginal", "Gi_Z_F": -1.16, "Gi_Z_NO3": -0.32, "Gi_Z_GWQI": -1.32, "Gi_Z_TDS": -1.21, "Hotspot_F": "Not Significant", "Hotspot_NO3": "Not Significant", "Hotspot_GWQI": "Not Significant" }, "geometry": { "type": "Point", "coordinates": [ 77.808889, 9.679167 ] } },
{ "type": "Feature", "properties": { "Well No": "501032", "Taluk": "Peraiyur", "Village": "Salichanthai", "Latitude_DD": 9.728333, "Longitude_DD": 77.801944, "Total_Samples": 16, "TDS": 2111.5, "EC_GEN": 3454.38, "pH_GEN": 8.14, "F": 0.45, "NO2+NO3": 7.19, "HAR_Total": 838.12, "Ca": 122.0, "Mg": 148.38, "Na": 435.0, "K": 35.5, "Cl": 1036.62, "SO4": 170.56, "HCO3": 292.74, "SAR": 5.13, "RSC": 0.17, "Na%": 48.14, "GWQI": 242.83, "GWQI_Class": "Very Poor", "Irrigation_Suitability": "Unsuitable", "Fluoride_Risk": "Safe (<1.0 mg/L)", "Nitrate_Risk": "Natural Background (<10 mg/L)", "Drinking_Status": "Unsafe for Drinking", "Gi_Z_F": 0.76, "Gi_Z_NO3": 0.89, "Gi_Z_GWQI": -1.06, "Gi_Z_TDS": -1.27, "Hotspot_F": "Not Significant", "Hotspot_NO3": "Not Significant", "Hotspot_GWQI": "Not Significant" }, "geometry": { "type": "Point", "coordinates": [ 77.801944, 9.728333 ] } },
{ "type": "Feature", "properties": { "Well No": "501033", "Taluk": "Madurai North", "Village": "Samayanallur", "Latitude_DD": 9.980833, "Longitude_DD": 78.042222, "Total_Samples": 16, "TDS": 1140.94, "EC_GEN": 1941.88, "pH_GEN": 8.17, "F": 0.98, "NO2+NO3": 2.75, "HAR_Total": 333.44, "Ca": 31.38, "Mg": 55.59, "Na": 336.56, "K": 4.19, "Cl": 295.94, "SO4": 88.12, "HCO3": 620.26, "SAR": 7.13, "RSC": 4.13, "Na%": 67.18, "GWQI": 143.41, "GWQI_Class": "Poor", "Irrigation_Suitability": "Unsuitable", "Fluoride_Risk": "Safe (<1.0 mg/L)", "Nitrate_Risk": "Natural Background (<10 mg/L)", "Drinking_Status": "Permissible / Marginal", "Gi_Z_F": -0.27, "Gi_Z_NO3": -2.08, "Gi_Z_GWQI": -2.25, "Gi_Z_TDS": -2.15, "Hotspot_F": "Not Significant", "Hotspot_NO3": "Coldspot (95% Confidence)", "Hotspot_GWQI": "Coldspot (95% Confidence)" }, "geometry": { "type": "Point", "coordinates": [ 78.042222, 9.980833 ] } },
{ "type": "Feature", "properties": { "Well No": "501035", "Taluk": "Madurai South", "Village": "Nedunkulam", "Latitude_DD": 9.787222, "Longitude_DD": 78.178056, "Total_Samples": 11, "TDS": 1252.09, "EC_GEN": 2109.55, "pH_GEN": 8.05, "F": 1.11, "NO2+NO3": 23.27, "HAR_Total": 529.55, "Ca": 66.73, "Mg": 88.14, "Na": 266.73, "K": 8.91, "Cl": 418.64, "SO4": 80.55, "HCO3": 431.32, "SAR": 4.6, "RSC": 0.21, "Na%": 51.14, "GWQI": 163.01, "GWQI_Class": "Poor", "Irrigation_Suitability": "Good / Permissible", "Fluoride_Risk": "Permissible (1.0-1.5 mg/L)", "Nitrate_Risk": "Acceptable (10-45 mg/L)", "Drinking_Status": "Permissible / Marginal", "Gi_Z_F": -0.46, "Gi_Z_NO3": -0.82, "Gi_Z_GWQI": 1.35, "Gi_Z_TDS": 2.08, "Hotspot_F": "Not Significant", "Hotspot_NO3": "Not Significant", "Hotspot_GWQI": "Not Significant" }, "geometry": { "type": "Point", "coordinates": [ 78.178056, 9.787222 ] } },
{ "type": "Feature", "properties": { "Well No": "501036", "Taluk": "Madurai South", "Village": "Othai Alangulam", "Latitude_DD": 9.809722, "Longitude_DD": 78.055, "Total_Samples": 15, "TDS": 2694.4, "EC_GEN": 4494.67, "pH_GEN": 8.04, "F": 0.9, "NO2+NO3": 29.0, "HAR_Total": 1492.33, "Ca": 232.53, "Mg": 220.4, "Na": 443.07, "K": 8.13, "Cl": 1351.67, "SO4": 112.13, "HCO3": 390.7, "SAR": 4.21, "RSC": 0.09, "Na%": 40.42, "GWQI": 314.41, "GWQI_Class": "Unsuitable", "Irrigation_Suitability": "Unsuitable", "Fluoride_Risk": "Safe (<1.0 mg/L)", "Nitrate_Risk": "Acceptable (10-45 mg/L)", "Drinking_Status": "Unsafe for Drinking", "Gi_Z_F": -0.42, "Gi_Z_NO3": 2.24, "Gi_Z_GWQI": 3.2, "Gi_Z_TDS": 3.59, "Hotspot_F": "Not Significant", "Hotspot_NO3": "Hotspot (95% Confidence)", "Hotspot_GWQI": "Hotspot (99% Confidence)" }, "geometry": { "type": "Point", "coordinates": [ 78.055, 9.809722 ] } },
{ "type": "Feature", "properties": { "Well No": "501037", "Taluk": "Thirumangalam", "Village": "Mykudi", "Latitude_DD": 9.787778, "Longitude_DD": 78.016667, "Total_Samples": 14, "TDS": 2411.93, "EC_GEN": 3672.86, "pH_GEN": 8.34, "F": 0.92, "NO2+NO3": 6.64, "HAR_Total": 698.21, "Ca": 89.14, "Mg": 136.51, "Na": 546.38, "K": 10.36, "Cl": 1102.71, "SO4": 231.57, "HCO3": 369.05, "SAR": 8.09, "RSC": 0.07, "Na%": 56.23, "GWQI": 253.32, "GWQI_Class": "Very Poor", "Irrigation_Suitability": "Unsuitable", "Fluoride_Risk": "Safe (<1.0 mg/L)", "Nitrate_Risk": "Natural Background (<10 mg/L)", "Drinking_Status": "Unsafe for Drinking", "Gi_Z_F": -0.31, "Gi_Z_NO3": 3.68, "Gi_Z_GWQI": 3.6, "Gi_Z_TDS": 3.5, "Hotspot_F": "Not Significant", "Hotspot_NO3": "Hotspot (99% Confidence)", "Hotspot_GWQI": "Hotspot (99% Confidence)" }, "geometry": { "type": "Point", "coordinates": [ 78.016667, 9.787778 ] } },
{ "type": "Feature", "properties": { "Well No": "501043", "Taluk": "Thirumangalam", "Village": "Sivarakottai", "Latitude_DD": 9.744722, "Longitude_DD": 77.98, "Total_Samples": 7, "TDS": 513.57, "EC_GEN": 825.0, "pH_GEN": 8.19, "F": 1.36, "NO2+NO3": 6.0, "HAR_Total": 164.29, "Ca": 29.14, "Mg": 22.22, "Na": 130.71, "K": 12.71, "Cl": 59.29, "SO4": 38.43, "HCO3": 361.21, "SAR": 4.36, "RSC": 3.44, "Na%": 62.84, "GWQI": 91.63, "GWQI_Class": "Good", "Irrigation_Suitability": "Unsuitable", "Fluoride_Risk": "Permissible (1.0-1.5 mg/L)", "Nitrate_Risk": "Natural Background (<10 mg/L)", "Drinking_Status": "Permissible / Marginal", "Gi_Z_F": -0.25, "Gi_Z_NO3": 4.27, "Gi_Z_GWQI": 3.85, "Gi_Z_TDS": 3.73, "Hotspot_F": "Not Significant", "Hotspot_NO3": "Hotspot (99% Confidence)", "Hotspot_GWQI": "Hotspot (99% Confidence)" }, "geometry": { "type": "Point", "coordinates": [ 77.98, 9.744722 ] } },
{ "type": "Feature", "properties": { "Well No": "501046", "Taluk": "Peraiyur", "Village": "Chellampatti", "Latitude_DD": 9.972, "Longitude_DD": 77.874, "Total_Samples": 2, "TDS": 528.5, "EC_GEN": 990.0, "pH_GEN": 8.0, "F": 1.36, "NO2+NO3": 3.0, "HAR_Total": 277.5, "Ca": 51.0, "Mg": 36.45, "Na": 101.0, "K": 3.0, "Cl": 81.5, "SO4": 35.5, "HCO3": 384.08, "SAR": 2.63, "RSC": 1.3, "Na%": 42.2, "GWQI": 93.56, "GWQI_Class": "Good", "Irrigation_Suitability": "Marginal / Moderate", "Fluoride_Risk": "Permissible (1.0-1.5 mg/L)", "Nitrate_Risk": "Natural Background (<10 mg/L)", "Drinking_Status": "Permissible / Marginal", "Gi_Z_F": 2.79, "Gi_Z_NO3": -0.52, "Gi_Z_GWQI": -0.16, "Gi_Z_TDS": -0.63, "Hotspot_F": "Hotspot (99% Confidence)", "Hotspot_NO3": "Not Significant", "Hotspot_GWQI": "Not Significant" }, "geometry": { "type": "Point", "coordinates": [ 77.874, 9.972 ] } },
{ "type": "Feature", "properties": { "Well No": "501050", "Taluk": "Usilampatti", "Village": "Thumbalapatti", "Latitude_DD": 9.869444, "Longitude_DD": 77.776111, "Total_Samples": 13, "TDS": 630.08, "EC_GEN": 1119.62, "pH_GEN": 8.04, "F": 0.82, "NO2+NO3": 10.46, "HAR_Total": 350.38, "Ca": 44.31, "Mg": 58.23, "Na": 101.0, "K": 6.85, "Cl": 189.0, "SO4": 47.54, "HCO3": 262.07, "SAR": 2.06, "RSC": 0.1, "Na%": 31.55, "GWQI": 100.53, "GWQI_Class": "Poor", "Irrigation_Suitability": "Good / Permissible", "Fluoride_Risk": "Safe (<1.0 mg/L)", "Nitrate_Risk": "Acceptable (10-45 mg/L)", "Drinking_Status": "Permissible / Marginal", "Gi_Z_F": 2.73, "Gi_Z_NO3": 2.4, "Gi_Z_GWQI": 0.97, "Gi_Z_TDS": 0.53, "Hotspot_F": "Hotspot (99% Confidence)", "Hotspot_NO3": "Hotspot (95% Confidence)", "Hotspot_GWQI": "Not Significant" }, "geometry": { "type": "Point", "coordinates": [ 77.776111, 9.869444 ] } },
{ "type": "Feature", "properties": { "Well No": "501053", "Taluk": "Vadipatti", "Village": "Alagapuri", "Latitude_DD": 10.056389, "Longitude_DD": 78.069722, "Total_Samples": 15, "TDS": 652.8, "EC_GEN": 1183.33, "pH_GEN": 8.19, "F": 0.81, "NO2+NO3": 8.07, "HAR_Total": 376.67, "Ca": 31.87, "Mg": 72.98, "Na": 106.27, "K": 4.27, "Cl": 134.53, "SO4": 58.27, "HCO3": 382.75, "SAR": 2.2, "RSC": 0.55, "Na%": 35.37, "GWQI": 107.76, "GWQI_Class": "Poor", "Irrigation_Suitability": "Good / Permissible", "Fluoride_Risk": "Safe (<1.0 mg/L)", "Nitrate_Risk": "Natural Background (<10 mg/L)", "Drinking_Status": "Permissible / Marginal", "Gi_Z_F": -1.02, "Gi_Z_NO3": -1.13, "Gi_Z_GWQI": -2.41, "Gi_Z_TDS": -2.49, "Hotspot_F": "Not Significant", "Hotspot_NO3": "Not Significant", "Hotspot_GWQI": "Coldspot (95% Confidence)" }, "geometry": { "type": "Point", "coordinates": [ 78.069722, 10.056389 ] } },
{ "type": "Feature", "properties": { "Well No": "501054", "Taluk": "Vadipatti", "Village": "Manickampatti", "Latitude_DD": 10.104444, "Longitude_DD": 78.125278, "Total_Samples": 9, "TDS": 1189.67, "EC_GEN": 2111.11, "pH_GEN": 8.17, "F": 0.73, "NO2+NO3": 20.89, "HAR_Total": 587.22, "Ca": 58.22, "Mg": 107.32, "Na": 220.33, "K": 6.33, "Cl": 365.22, "SO4": 129.44, "HCO3": 401.39, "SAR": 3.89, "RSC": 0.0, "Na%": 43.5, "GWQI": 160.53, "GWQI_Class": "Poor", "Irrigation_Suitability": "Good / Permissible", "Fluoride_Risk": "Safe (<1.0 mg/L)", "Nitrate_Risk": "Acceptable (10-45 mg/L)", "Drinking_Status": "Permissible / Marginal", "Gi_Z_F": -1.79, "Gi_Z_NO3": -0.35, "Gi_Z_GWQI": -2.35, "Gi_Z_TDS": -2.48, "Hotspot_F": "Coldspot (90% Confidence)", "Hotspot_NO3": "Not Significant", "Hotspot_GWQI": "Coldspot (95% Confidence)" }, "geometry": { "type": "Point", "coordinates": [ 78.125278, 10.104444 ] } },
{ "type": "Feature", "properties": { "Well No": "501060", "Taluk": "Vadipatti", "Village": "Thiruvalavoinallur", "Latitude_DD": 10.008056, "Longitude_DD": 78.008611, "Total_Samples": 9, "TDS": 877.11, "EC_GEN": 1475.0, "pH_GEN": 8.16, "F": 0.77, "NO2+NO3": 11.23, "HAR_Total": 377.22, "Ca": 55.78, "Mg": 57.78, "Na": 183.89, "K": 8.89, "Cl": 250.22, "SO4": 95.67, "HCO3": 333.27, "SAR": 3.56, "RSC": 0.18, "Na%": 43.87, "GWQI": 122.75, "GWQI_Class": "Poor", "Irrigation_Suitability": "Good / Permissible", "Fluoride_Risk": "Safe (<1.0 mg/L)", "Nitrate_Risk": "Acceptable (10-45 mg/L)", "Drinking_Status": "Permissible / Marginal", "Gi_Z_F": -0.28, "Gi_Z_NO3": -2.39, "Gi_Z_GWQI": -2.07, "Gi_Z_TDS": -2.03, "Hotspot_F": "Not Significant", "Hotspot_NO3": "Coldspot (95% Confidence)", "Hotspot_GWQI": "Coldspot (95% Confidence)" }, "geometry": { "type": "Point", "coordinates": [ 78.008611, 10.008056 ] } },
{ "type": "Feature", "properties": { "Well No": "81001B", "Taluk": "Madurai North", "Village": "Kochadai", "Latitude_DD": 9.943333, "Longitude_DD": 78.0775, "Total_Samples": 16, "TDS": 518.0, "EC_GEN": 888.75, "pH_GEN": 8.08, "F": 0.46, "NO2+NO3": 4.46, "HAR_Total": 256.88, "Ca": 34.75, "Mg": 40.4, "Na": 101.31, "K": 4.19, "Cl": 106.19, "SO4": 51.0, "HCO3": 291.17, "SAR": 2.22, "RSC": 0.27, "Na%": 45.91, "GWQI": 82.05, "GWQI_Class": "Good", "Irrigation_Suitability": "Good / Permissible", "Fluoride_Risk": "Safe (<1.0 mg/L)", "Nitrate_Risk": "Natural Background (<10 mg/L)", "Drinking_Status": "Permissible / Marginal", "Gi_Z_F": 0.09, "Gi_Z_NO3": -1.97, "Gi_Z_GWQI": -0.99, "Gi_Z_TDS": -0.67, "Hotspot_F": "Not Significant", "Hotspot_NO3": "Coldspot (95% Confidence)", "Hotspot_GWQI": "Not Significant" }, "geometry": { "type": "Point", "coordinates": [ 78.0775, 9.943333 ] } },
{ "type": "Feature", "properties": { "Well No": "83004A", "Taluk": "Thirumangalam", "Village": "Kallikudi", "Latitude_DD": 9.7025, "Longitude_DD": 77.943333, "Total_Samples": 21, "TDS": 1443.43, "EC_GEN": 2335.71, "pH_GEN": 8.03, "F": 0.64, "NO2+NO3": 50.48, "HAR_Total": 574.76, "Ca": 117.24, "Mg": 68.45, "Na": 248.24, "K": 62.71, "Cl": 411.71, "SO4": 149.29, "HCO3": 361.34, "SAR": 4.63, "RSC": 0.34, "Na%": 44.21, "GWQI": 192.89, "GWQI_Class": "Poor", "Irrigation_Suitability": "Marginal / Moderate", "Fluoride_Risk": "Safe (<1.0 mg/L)", "Nitrate_Risk": "Anthropogenic High (45-100 mg/L)", "Drinking_Status": "Unsafe for Drinking", "Gi_Z_F": 1.05, "Gi_Z_NO3": 2.57, "Gi_Z_GWQI": 1.8, "Gi_Z_TDS": 1.5, "Hotspot_F": "Not Significant", "Hotspot_NO3": "Hotspot (95% Confidence)", "Hotspot_GWQI": "Hotspot (90% Confidence)" }, "geometry": { "type": "Point", "coordinates": [ 77.943333, 9.7025 ] } },
{ "type": "Feature", "properties": { "Well No": "83005", "Taluk": "Madurai South", "Village": "Thiruparankundram", "Latitude_DD": 9.879167, "Longitude_DD": 78.114444, "Total_Samples": 31, "TDS": 1667.39, "EC_GEN": 2838.06, "pH_GEN": 7.97, "F": 1.07, "NO2+NO3": 15.42, "HAR_Total": 531.13, "Ca": 63.35, "Mg": 91.05, "Na": 434.1, "K": 8.48, "Cl": 553.48, "SO4": 173.58, "HCO3": 571.68, "SAR": 8.04, "RSC": 0.53, "Na%": 62.95, "GWQI": 194.25, "GWQI_Class": "Poor", "Irrigation_Suitability": "Marginal / Moderate", "Fluoride_Risk": "Permissible (1.0-1.5 mg/L)", "Nitrate_Risk": "Acceptable (10-45 mg/L)", "Drinking_Status": "Permissible / Marginal", "Gi_Z_F": 0.35, "Gi_Z_NO3": -1.18, "Gi_Z_GWQI": 1.23, "Gi_Z_TDS": 1.73, "Hotspot_F": "Not Significant", "Hotspot_NO3": "Not Significant", "Hotspot_GWQI": "Not Significant" }, "geometry": { "type": "Point", "coordinates": [ 78.114444, 9.879167 ] } },
{ "type": "Feature", "properties": { "Well No": "83006", "Taluk": "Thirumangalam", "Village": "Sathangudi", "Latitude_DD": 9.839167, "Longitude_DD": 77.939722, "Total_Samples": 4, "TDS": 2590.25, "EC_GEN": 4427.5, "pH_GEN": 7.9, "F": 0.83, "NO2+NO3": 67.75, "HAR_Total": 1085.0, "Ca": 92.0, "Mg": 207.76, "Na": 495.75, "K": 80.25, "Cl": 893.25, "SO4": 239.75, "HCO3": 558.15, "SAR": 6.59, "RSC": 0.0, "Na%": 47.73, "GWQI": 320.33, "GWQI_Class": "Unsuitable", "Irrigation_Suitability": "Unsuitable", "Fluoride_Risk": "Safe (<1.0 mg/L)", "Nitrate_Risk": "Anthropogenic High (45-100 mg/L)", "Drinking_Status": "Unsafe for Drinking", "Gi_Z_F": 0.38, "Gi_Z_NO3": 2.28, "Gi_Z_GWQI": 2.16, "Gi_Z_TDS": 2.03, "Hotspot_F": "Not Significant", "Hotspot_NO3": "Hotspot (95% Confidence)", "Hotspot_GWQI": "Hotspot (95% Confidence)" }, "geometry": { "type": "Point", "coordinates": [ 77.939722, 9.839167 ] } },
{ "type": "Feature", "properties": { "Well No": "83006 A", "Taluk": "Thirumangalam", "Village": "Santhangudi", "Latitude_DD": 9.84, "Longitude_DD": 77.937778, "Total_Samples": 4, "TDS": 1802.75, "EC_GEN": 3042.5, "pH_GEN": 8.15, "F": 0.86, "NO2+NO3": 38.75, "HAR_Total": 577.5, "Ca": 55.0, "Mg": 106.92, "Na": 422.0, "K": 58.25, "Cl": 481.75, "SO4": 188.25, "HCO3": 635.92, "SAR": 7.64, "RSC": 0.28, "Na%": 58.24, "GWQI": 228.24, "GWQI_Class": "Very Poor", "Irrigation_Suitability": "Unsuitable", "Fluoride_Risk": "Safe (<1.0 mg/L)", "Nitrate_Risk": "Acceptable (10-45 mg/L)", "Drinking_Status": "Permissible / Marginal", "Gi_Z_F": 0.29, "Gi_Z_NO3": 4.64, "Gi_Z_GWQI": 3.96, "Gi_Z_TDS": 3.64, "Hotspot_F": "Not Significant", "Hotspot_NO3": "Hotspot (99% Confidence)", "Hotspot_GWQI": "Hotspot (99% Confidence)" }, "geometry": { "type": "Point", "coordinates": [ 77.937778, 9.84 ] } },
{ "type": "Feature", "properties": { "Well No": "83006A", "Taluk": "Thirumangalam", "Village": "Sathankudi", "Latitude_DD": 9.7891, "Longitude_DD": 77.962, "Total_Samples": 12, "TDS": 1618.25, "EC_GEN": 2485.42, "pH_GEN": 8.33, "F": 1.13, "NO2+NO3": 37.0, "HAR_Total": 556.25, "Ca": 40.67, "Mg": 114.01, "Na": 322.25, "K": 87.33, "Cl": 462.0, "SO4": 169.42, "HCO3": 508.84, "SAR": 4.96, "RSC": 0.3, "Na%": 50.73, "GWQI": 225.5, "GWQI_Class": "Very Poor", "Irrigation_Suitability": "Marginal / Moderate", "Fluoride_Risk": "Permissible (1.0-1.5 mg/L)", "Nitrate_Risk": "Acceptable (10-45 mg/L)", "Drinking_Status": "Permissible / Marginal", "Gi_Z_F": 0.01, "Gi_Z_NO3": 3.55, "Gi_Z_GWQI": 3.03, "Gi_Z_TDS": 2.98, "Hotspot_F": "Not Significant", "Hotspot_NO3": "Hotspot (99% Confidence)", "Hotspot_GWQI": "Hotspot (99% Confidence)" }, "geometry": { "type": "Point", "coordinates": [ 77.962, 9.7891 ] } },
{ "type": "Feature", "properties": { "Well No": "83007B", "Taluk": "Peraiyur", "Village": "Chinnakattalai", "Latitude_DD": 9.951944, "Longitude_DD": 77.800556, "Total_Samples": 16, "TDS": 2075.94, "EC_GEN": 3400.0, "pH_GEN": 8.31, "F": 1.1, "NO2+NO3": 11.19, "HAR_Total": 751.88, "Ca": 78.5, "Mg": 142.31, "Na": 472.62, "K": 11.88, "Cl": 766.06, "SO4": 348.38, "HCO3": 402.98, "SAR": 6.53, "RSC": 0.0, "Na%": 56.12, "GWQI": 242.57, "GWQI_Class": "Very Poor", "Irrigation_Suitability": "Unsuitable", "Fluoride_Risk": "Permissible (1.0-1.5 mg/L)", "Nitrate_Risk": "Acceptable (10-45 mg/L)", "Drinking_Status": "Unsafe for Drinking", "Gi_Z_F": 1.77, "Gi_Z_NO3": 3.3, "Gi_Z_GWQI": 1.38, "Gi_Z_TDS": 0.75, "Hotspot_F": "Hotspot (90% Confidence)", "Hotspot_NO3": "Hotspot (99% Confidence)", "Hotspot_GWQI": "Not Significant" }, "geometry": { "type": "Point", "coordinates": [ 77.800556, 9.951944 ] } },
{ "type": "Feature", "properties": { "Well No": "83008", "Taluk": "Peraiyur", "Village": "Elumalai", "Latitude_DD": 9.861111, "Longitude_DD": 77.701111, "Total_Samples": 14, "TDS": 588.57, "EC_GEN": 975.0, "pH_GEN": 8.04, "F": 1.08, "NO2+NO3": 20.57, "HAR_Total": 286.07, "Ca": 32.14, "Mg": 51.46, "Na": 103.71, "K": 3.93, "Cl": 113.64, "SO4": 44.5, "HCO3": 285.19, "SAR": 2.32, "RSC": 0.0, "Na%": 42.41, "GWQI": 96.91, "GWQI_Class": "Good", "Irrigation_Suitability": "Good / Permissible", "Fluoride_Risk": "Permissible (1.0-1.5 mg/L)", "Nitrate_Risk": "Acceptable (10-45 mg/L)", "Drinking_Status": "Permissible / Marginal", "Gi_Z_F": 0.3, "Gi_Z_NO3": -0.24, "Gi_Z_GWQI": -0.89, "Gi_Z_TDS": -0.95, "Hotspot_F": "Not Significant", "Hotspot_NO3": "Not Significant", "Hotspot_GWQI": "Not Significant" }, "geometry": { "type": "Point", "coordinates": [ 77.701111, 9.861111 ] } },
{ "type": "Feature", "properties": { "Well No": "83013", "Taluk": "Usilampatti", "Village": "Usilamaptti", "Latitude_DD": 9.966111, "Longitude_DD": 77.7925, "Total_Samples": 14, "TDS": 670.36, "EC_GEN": 1210.0, "pH_GEN": 7.81, "F": 0.95, "NO2+NO3": 10.07, "HAR_Total": 355.0, "Ca": 48.71, "Mg": 56.73, "Na": 115.86, "K": 15.86, "Cl": 180.36, "SO4": 28.21, "HCO3": 375.62, "SAR": 2.69, "RSC": 0.15, "Na%": 39.43, "GWQI": 106.72, "GWQI_Class": "Poor", "Irrigation_Suitability": "Good / Permissible", "Fluoride_Risk": "Safe (<1.0 mg/L)", "Nitrate_Risk": "Acceptable (10-45 mg/L)", "Drinking_Status": "Permissible / Marginal", "Gi_Z_F": 1.42, "Gi_Z_NO3": 3.82, "Gi_Z_GWQI": 2.65, "Gi_Z_TDS": 2.13, "Hotspot_F": "Not Significant", "Hotspot_NO3": "Hotspot (99% Confidence)", "Hotspot_GWQI": "Hotspot (99% Confidence)" }, "geometry": { "type": "Point", "coordinates": [ 77.7925, 9.966111 ] } },
{ "type": "Feature", "properties": { "Well No": "83014A", "Taluk": "Vadipatti", "Village": "Thiruvedagam", "Latitude_DD": 10.020556, "Longitude_DD": 77.963611, "Total_Samples": 4, "TDS": 746.5, "EC_GEN": 1297.5, "pH_GEN": 8.07, "F": 0.65, "NO2+NO3": 16.25, "HAR_Total": 333.75, "Ca": 42.0, "Mg": 55.59, "Na": 142.25, "K": 13.75, "Cl": 185.25, "SO4": 62.75, "HCO3": 303.94, "SAR": 3.03, "RSC": 0.07, "Na%": 43.12, "GWQI": 110.03, "GWQI_Class": "Poor", "Irrigation_Suitability": "Good / Permissible", "Fluoride_Risk": "Safe (<1.0 mg/L)", "Nitrate_Risk": "Acceptable (10-45 mg/L)", "Drinking_Status": "Permissible / Marginal", "Gi_Z_F": 0.22, "Gi_Z_NO3": -1.65, "Gi_Z_GWQI": -1.5, "Gi_Z_TDS": -1.68, "Hotspot_F": "Not Significant", "Hotspot_NO3": "Coldspot (90% Confidence)", "Hotspot_GWQI": "Not Significant" }, "geometry": { "type": "Point", "coordinates": [ 77.963611, 10.020556 ] } },
{ "type": "Feature", "properties": { "Well No": "83014B", "Taluk": "Vadipatti", "Village": "Mullipallam", "Latitude_DD": 10.019444, "Longitude_DD": 77.950556, "Total_Samples": 17, "TDS": 557.95, "EC_GEN": 1010.59, "pH_GEN": 7.96, "F": 0.74, "NO2+NO3": 4.88, "HAR_Total": 269.12, "Ca": 37.06, "Mg": 42.91, "Na": 110.65, "K": 11.12, "Cl": 111.53, "SO4": 37.47, "HCO3": 361.8, "SAR": 3.1, "RSC": 0.99, "Na%": 41.46, "GWQI": 90.73, "GWQI_Class": "Good", "Irrigation_Suitability": "Good / Permissible", "Fluoride_Risk": "Safe (<1.0 mg/L)", "Nitrate_Risk": "Natural Background (<10 mg/L)", "Drinking_Status": "Permissible / Marginal", "Gi_Z_F": 0.24, "Gi_Z_NO3": -0.79, "Gi_Z_GWQI": -1.13, "Gi_Z_TDS": -1.33, "Hotspot_F": "Not Significant", "Hotspot_NO3": "Not Significant", "Hotspot_GWQI": "Not Significant" }, "geometry": { "type": "Point", "coordinates": [ 77.950556, 10.019444 ] } },
{ "type": "Feature", "properties": { "Well No": "83016A", "Taluk": "Melur", "Village": "Chittampatti", "Latitude_DD": 9.988056, "Longitude_DD": 78.243056, "Total_Samples": 18, "TDS": 1789.89, "EC_GEN": 2886.11, "pH_GEN": 8.03, "F": 0.55, "NO2+NO3": 9.17, "HAR_Total": 650.0, "Ca": 140.33, "Mg": 72.76, "Na": 291.0, "K": 184.89, "Cl": 697.67, "SO4": 176.06, "HCO3": 384.07, "SAR": 4.81, "RSC": 1.34, "Na%": 39.35, "GWQI": 256.48, "GWQI_Class": "Very Poor", "Irrigation_Suitability": "Marginal / Moderate", "Fluoride_Risk": "Safe (<1.0 mg/L)", "Nitrate_Risk": "Natural Background (<10 mg/L)", "Drinking_Status": "Unsafe for Drinking", "Gi_Z_F": -1.05, "Gi_Z_NO3": -2.36, "Gi_Z_GWQI": -1.94, "Gi_Z_TDS": -1.3, "Hotspot_F": "Not Significant", "Hotspot_NO3": "Coldspot (95% Confidence)", "Hotspot_GWQI": "Coldspot (90% Confidence)" }, "geometry": { "type": "Point", "coordinates": [ 78.243056, 9.988056 ] } },
{ "type": "Feature", "properties": { "Well No": "83020A", "Taluk": "Vadipatti", "Village": "Valayapatti", "Latitude_DD": 10.0881, "Longitude_DD": 77.9942, "Total_Samples": 4, "TDS": 648.75, "EC_GEN": 1180.0, "pH_GEN": 8.18, "F": 1.3, "NO2+NO3": 9.5, "HAR_Total": 353.75, "Ca": 27.5, "Mg": 69.26, "Na": 112.5, "K": 9.5, "Cl": 135.5, "SO4": 45.0, "HCO3": 408.7, "SAR": 2.65, "RSC": 0.25, "Na%": 40.13, "GWQI": 113.78, "GWQI_Class": "Poor", "Irrigation_Suitability": "Good / Permissible", "Fluoride_Risk": "Permissible (1.0-1.5 mg/L)", "Nitrate_Risk": "Natural Background (<10 mg/L)", "Drinking_Status": "Permissible / Marginal", "Gi_Z_F": -0.02, "Gi_Z_NO3": -2.67, "Gi_Z_GWQI": -3.18, "Gi_Z_TDS": -3.31, "Hotspot_F": "Not Significant", "Hotspot_NO3": "Coldspot (99% Confidence)", "Hotspot_GWQI": "Coldspot (99% Confidence)" }, "geometry": { "type": "Point", "coordinates": [ 77.9942, 10.0881 ] } },
{ "type": "Feature", "properties": { "Well No": "83048", "Taluk": "Thirumangalam", "Village": "Puliankulam (M)", "Latitude_DD": 9.651667, "Longitude_DD": 77.909167, "Total_Samples": 27, "TDS": 725.0, "EC_GEN": 1263.33, "pH_GEN": 7.93, "F": 0.86, "NO2+NO3": 15.04, "HAR_Total": 371.3, "Ca": 53.85, "Mg": 57.62, "Na": 127.52, "K": 7.44, "Cl": 184.63, "SO4": 52.52, "HCO3": 332.86, "SAR": 2.75, "RSC": 0.53, "Na%": 41.56, "GWQI": 108.26, "GWQI_Class": "Poor", "Irrigation_Suitability": "Good / Permissible", "Fluoride_Risk": "Safe (<1.0 mg/L)", "Nitrate_Risk": "Acceptable (10-45 mg/L)", "Drinking_Status": "Permissible / Marginal", "Gi_Z_F": -0.52, "Gi_Z_NO3": 2.91, "Gi_Z_GWQI": 1.41, "Gi_Z_TDS": 1.13, "Hotspot_F": "Not Significant", "Hotspot_NO3": "Hotspot (99% Confidence)", "Hotspot_GWQI": "Not Significant" }, "geometry": { "type": "Point", "coordinates": [ 77.909167, 9.651667 ] } },
{ "type": "Feature", "properties": { "Well No": "83049", "Taluk": "Thirumangalam", "Village": "Peikulam", "Latitude_DD": 9.645556, "Longitude_DD": 77.990278, "Total_Samples": 14, "TDS": 588.36, "EC_GEN": 1013.57, "pH_GEN": 7.99, "F": 0.26, "NO2+NO3": 14.29, "HAR_Total": 293.57, "Ca": 62.29, "Mg": 33.5, "Na": 90.64, "K": 22.64, "Cl": 135.0, "SO4": 40.07, "HCO3": 271.7, "SAR": 2.42, "RSC": 0.37, "Na%": 39.72, "GWQI": 91.7, "GWQI_Class": "Good", "Irrigation_Suitability": "Good / Permissible", "Fluoride_Risk": "Safe (<1.0 mg/L)", "Nitrate_Risk": "Acceptable (10-45 mg/L)", "Drinking_Status": "Permissible / Marginal", "Gi_Z_F": -1.78, "Gi_Z_NO3": 1.26, "Gi_Z_GWQI": -0.06, "Gi_Z_TDS": -0.16, "Hotspot_F": "Coldspot (90% Confidence)", "Hotspot_NO3": "Not Significant", "Hotspot_GWQI": "Not Significant" }, "geometry": { "type": "Point", "coordinates": [ 77.990278, 9.645556 ] } },
{ "type": "Feature", "properties": { "Well No": "83051", "Taluk": "Peraiyur", "Village": "Karaikeni", "Latitude_DD": 9.708333, "Longitude_DD": 77.968333, "Total_Samples": 13, "TDS": 651.08, "EC_GEN": 1139.23, "pH_GEN": 7.89, "F": 1.37, "NO2+NO3": 18.31, "HAR_Total": 364.23, "Ca": 66.0, "Mg": 48.37, "Na": 102.77, "K": 8.08, "Cl": 143.77, "SO4": 30.62, "HCO3": 356.44, "SAR": 2.31, "RSC": 0.16, "Na%": 34.05, "GWQI": 108.09, "GWQI_Class": "Poor", "Irrigation_Suitability": "Good / Permissible", "Fluoride_Risk": "Permissible (1.0-1.5 mg/L)", "Nitrate_Risk": "Acceptable (10-45 mg/L)", "Drinking_Status": "Permissible / Marginal", "Gi_Z_F": -0.4, "Gi_Z_NO3": 3.52, "Gi_Z_GWQI": 3.02, "Gi_Z_TDS": 2.66, "Hotspot_F": "Not Significant", "Hotspot_NO3": "Hotspot (99% Confidence)", "Hotspot_GWQI": "Hotspot (99% Confidence)" }, "geometry": { "type": "Point", "coordinates": [ 77.968333, 9.708333 ] } },
{ "type": "Feature", "properties": { "Well No": "83052", "Taluk": "Peraiyur", "Village": "Saptur", "Latitude_DD": 9.756389, "Longitude_DD": 77.741389, "Total_Samples": 3, "TDS": 861.67, "EC_GEN": 1496.67, "pH_GEN": 7.9, "F": 0.45, "NO2+NO3": 17.33, "HAR_Total": 441.67, "Ca": 111.33, "Mg": 39.69, "Na": 129.0, "K": 36.0, "Cl": 160.67, "SO4": 51.0, "HCO3": 512.4, "SAR": 2.73, "RSC": 0.77, "Na%": 37.13, "GWQI": 127.55, "GWQI_Class": "Poor", "Irrigation_Suitability": "Good / Permissible", "Fluoride_Risk": "Safe (<1.0 mg/L)", "Nitrate_Risk": "Acceptable (10-45 mg/L)", "Drinking_Status": "Permissible / Marginal", "Gi_Z_F": 3.63, "Gi_Z_NO3": -0.43, "Gi_Z_GWQI": -0.82, "Gi_Z_TDS": -0.97, "Hotspot_F": "Hotspot (99% Confidence)", "Hotspot_NO3": "Not Significant", "Hotspot_GWQI": "Not Significant" }, "geometry": { "type": "Point", "coordinates": [ 77.741389, 9.756389 ] } },
{ "type": "Feature", "properties": { "Well No": "83059", "Taluk": "Thirumangalam", "Village": "Sengapadai", "Latitude_DD": 9.781944, "Longitude_DD": 77.95, "Total_Samples": 1, "TDS": 1365.0, "EC_GEN": 2400.0, "pH_GEN": 8.1, "F": 0.69, "NO2+NO3": 32.0, "HAR_Total": 800.0, "Ca": 120.0, "Mg": 121.5, "Na": 189.0, "K": 7.0, "Cl": 447.0, "SO4": 134.0, "HCO3": 414.8, "SAR": 2.91, "RSC": 0.0, "Na%": 33.71, "GWQI": 183.78, "GWQI_Class": "Poor", "Irrigation_Suitability": "Marginal / Moderate", "Fluoride_Risk": "Safe (<1.0 mg/L)", "Nitrate_Risk": "Acceptable (10-45 mg/L)", "Drinking_Status": "Unsafe for Drinking", "Gi_Z_F": 1.24, "Gi_Z_NO3": 3.76, "Gi_Z_GWQI": 3.35, "Gi_Z_TDS": 3.02, "Hotspot_F": "Not Significant", "Hotspot_NO3": "Hotspot (99% Confidence)", "Hotspot_GWQI": "Hotspot (99% Confidence)" }, "geometry": { "type": "Point", "coordinates": [ 77.95, 9.781944 ] } },
{ "type": "Feature", "properties": { "Well No": "83062A", "Taluk": "Thirumangalam", "Village": "Kappalur", "Latitude_DD": 9.840278, "Longitude_DD": 78.016667, "Total_Samples": 23, "TDS": 1233.7, "EC_GEN": 2135.22, "pH_GEN": 7.95, "F": 0.53, "NO2+NO3": 13.22, "HAR_Total": 630.43, "Ca": 84.7, "Mg": 103.76, "Na": 211.87, "K": 20.39, "Cl": 477.7, "SO4": 126.39, "HCO3": 337.99, "SAR": 3.46, "RSC": 0.01, "Na%": 41.15, "GWQI": 162.38, "GWQI_Class": "Poor", "Irrigation_Suitability": "Good / Permissible", "Fluoride_Risk": "Safe (<1.0 mg/L)", "Nitrate_Risk": "Acceptable (10-45 mg/L)", "Drinking_Status": "Unsafe for Drinking", "Gi_Z_F": -0.43, "Gi_Z_NO3": 2.9, "Gi_Z_GWQI": 1.43, "Gi_Z_TDS": 1.46, "Hotspot_F": "Not Significant", "Hotspot_NO3": "Hotspot (99% Confidence)", "Hotspot_GWQI": "Not Significant" }, "geometry": { "type": "Point", "coordinates": [ 78.016667, 9.840278 ] } },
{ "type": "Feature", "properties": { "Well No": "83063", "Taluk": "Thirumangalam", "Village": "Thangalacheri", "Latitude_DD": 9.836058, "Longitude_DD": 77.868835, "Total_Samples": 2, "TDS": 1190.0, "EC_GEN": 1960.0, "pH_GEN": 8.1, "F": 0.44, "NO2+NO3": 50.5, "HAR_Total": 515.0, "Ca": 64.0, "Mg": 86.26, "Na": 233.5, "K": 11.5, "Cl": 266.0, "SO4": 174.0, "HCO3": 298.9, "SAR": 4.75, "RSC": 0.0, "Na%": 50.08, "GWQI": 155.42, "GWQI_Class": "Poor", "Irrigation_Suitability": "Good / Permissible", "Fluoride_Risk": "Safe (<1.0 mg/L)", "Nitrate_Risk": "Anthropogenic High (45-100 mg/L)", "Drinking_Status": "Unsafe for Drinking", "Gi_Z_F": -0.9, "Gi_Z_NO3": 3.62, "Gi_Z_GWQI": 1.54, "Gi_Z_TDS": 1.54, "Hotspot_F": "Not Significant", "Hotspot_NO3": "Hotspot (99% Confidence)", "Hotspot_GWQI": "Not Significant" }, "geometry": { "type": "Point", "coordinates": [ 77.868835, 9.836058 ] } },
{ "type": "Feature", "properties": { "Well No": "83064", "Taluk": "Peraiyur", "Village": "Thirumanickam", "Latitude_DD": 9.848889, "Longitude_DD": 77.752222, "Total_Samples": 12, "TDS": 858.58, "EC_GEN": 1435.83, "pH_GEN": 8.07, "F": 0.84, "NO2+NO3": 25.0, "HAR_Total": 447.5, "Ca": 78.83, "Mg": 60.85, "Na": 130.0, "K": 10.67, "Cl": 210.08, "SO4": 95.0, "HCO3": 281.29, "SAR": 2.62, "RSC": 0.13, "Na%": 38.76, "GWQI": 124.94, "GWQI_Class": "Poor", "Irrigation_Suitability": "Good / Permissible", "Fluoride_Risk": "Safe (<1.0 mg/L)", "Nitrate_Risk": "Acceptable (10-45 mg/L)", "Drinking_Status": "Permissible / Marginal", "Gi_Z_F": 1.96, "Gi_Z_NO3": 0.86, "Gi_Z_GWQI": -0.19, "Gi_Z_TDS": -0.57, "Hotspot_F": "Hotspot (95% Confidence)", "Hotspot_NO3": "Not Significant", "Hotspot_GWQI": "Not Significant" }, "geometry": { "type": "Point", "coordinates": [ 77.752222, 9.848889 ] } },
{ "type": "Feature", "properties": { "Well No": "83072A", "Taluk": "Usilampatti", "Village": "Valandur", "Latitude_DD": 9.949722, "Longitude_DD": 77.871944, "Total_Samples": 14, "TDS": 729.93, "EC_GEN": 1330.71, "pH_GEN": 8.29, "F": 1.32, "NO2+NO3": 4.07, "HAR_Total": 271.07, "Ca": 25.57, "Mg": 50.34, "Na": 186.07, "K": 3.0, "Cl": 125.93, "SO4": 65.93, "HCO3": 493.6, "SAR": 4.99, "RSC": 3.05, "Na%": 58.42, "GWQI": 115.62, "GWQI_Class": "Poor", "Irrigation_Suitability": "Unsuitable", "Fluoride_Risk": "Permissible (1.0-1.5 mg/L)", "Nitrate_Risk": "Natural Background (<10 mg/L)", "Drinking_Status": "Permissible / Marginal", "Gi_Z_F": 2.85, "Gi_Z_NO3": 0.11, "Gi_Z_GWQI": 0.14, "Gi_Z_TDS": -0.34, "Hotspot_F": "Hotspot (99% Confidence)", "Hotspot_NO3": "Not Significant", "Hotspot_GWQI": "Not Significant" }, "geometry": { "type": "Point", "coordinates": [ 77.871944, 9.949722 ] } },
{ "type": "Feature", "properties": { "Well No": "83073", "Taluk": "Thirumangalam", "Village": "Chokkanathapuram", "Latitude_DD": 9.938056, "Longitude_DD": 77.965278, "Total_Samples": 4, "TDS": 599.5, "EC_GEN": 1007.5, "pH_GEN": 7.65, "F": 0.68, "NO2+NO3": 20.0, "HAR_Total": 318.75, "Ca": 43.0, "Mg": 51.33, "Na": 91.5, "K": 6.0, "Cl": 154.5, "SO4": 57.75, "HCO3": 208.84, "SAR": 2.2, "RSC": 0.0, "Na%": 36.09, "GWQI": 87.7, "GWQI_Class": "Good", "Irrigation_Suitability": "Good / Permissible", "Fluoride_Risk": "Safe (<1.0 mg/L)", "Nitrate_Risk": "Acceptable (10-45 mg/L)", "Drinking_Status": "Permissible / Marginal", "Gi_Z_F": -0.28, "Gi_Z_NO3": 0.02, "Gi_Z_GWQI": 0.92, "Gi_Z_TDS": 0.87, "Hotspot_F": "Not Significant", "Hotspot_NO3": "Not Significant", "Hotspot_GWQI": "Not Significant" }, "geometry": { "type": "Point", "coordinates": [ 77.965278, 9.938056 ] } },
{ "type": "Feature", "properties": { "Well No": "83075", "Taluk": "Madurai North", "Village": "Karuppayi Urani", "Latitude_DD": 9.930556, "Longitude_DD": 78.179167, "Total_Samples": 1, "TDS": 724.0, "EC_GEN": 1190.0, "pH_GEN": 8.1, "F": 1.37, "NO2+NO3": 10.0, "HAR_Total": 140.0, "Ca": 34.0, "Mg": 13.36, "Na": 189.0, "K": 46.0, "Cl": 195.0, "SO4": 73.0, "HCO3": 256.2, "SAR": 6.95, "RSC": 1.4, "Na%": 67.42, "GWQI": 114.88, "GWQI_Class": "Poor", "Irrigation_Suitability": "Marginal / Moderate", "Fluoride_Risk": "Permissible (1.0-1.5 mg/L)", "Nitrate_Risk": "Acceptable (10-45 mg/L)", "Drinking_Status": "Permissible / Marginal", "Gi_Z_F": -0.68, "Gi_Z_NO3": -0.52, "Gi_Z_GWQI": -0.28, "Gi_Z_TDS": 0.03, "Hotspot_F": "Not Significant", "Hotspot_NO3": "Not Significant", "Hotspot_GWQI": "Not Significant" }, "geometry": { "type": "Point", "coordinates": [ 78.179167, 9.930556 ] } },
{ "type": "Feature", "properties": { "Well No": "83078", "Taluk": "Melur", "Village": "Melapathinettangudi", "Latitude_DD": 10.0244, "Longitude_DD": 78.3492, "Total_Samples": 1, "TDS": 356.0, "EC_GEN": 640.0, "pH_GEN": 8.2, "F": 0.54, "NO2+NO3": 4.0, "HAR_Total": 175.0, "Ca": 36.0, "Mg": 20.66, "Na": 64.0, "K": 6.0, "Cl": 138.0, "SO4": 12.0, "HCO3": 98.45, "SAR": 2.11, "RSC": 0.0, "Na%": 43.27, "GWQI": 66.1, "GWQI_Class": "Good", "Irrigation_Suitability": "Good / Permissible", "Fluoride_Risk": "Safe (<1.0 mg/L)", "Nitrate_Risk": "Natural Background (<10 mg/L)", "Drinking_Status": "Safe Drinking Water", "Gi_Z_F": -1.93, "Gi_Z_NO3": -1.54, "Gi_Z_GWQI": -1.13, "Gi_Z_TDS": -0.69, "Hotspot_F": "Coldspot (90% Confidence)", "Hotspot_NO3": "Not Significant", "Hotspot_GWQI": "Not Significant" }, "geometry": { "type": "Point", "coordinates": [ 78.3492, 10.0244 ] } },
{ "type": "Feature", "properties": { "Well No": "83080 A", "Taluk": "Vadipatti", "Village": "Nagari", "Latitude_DD": 10.019444, "Longitude_DD": 78.016389, "Total_Samples": 3, "TDS": 914.0, "EC_GEN": 1633.33, "pH_GEN": 8.63, "F": 0.72, "NO2+NO3": 2.67, "HAR_Total": 288.33, "Ca": 39.33, "Mg": 46.17, "Na": 241.67, "K": 10.33, "Cl": 235.33, "SO4": 65.0, "HCO3": 483.67, "SAR": 5.82, "RSC": 2.94, "Na%": 53.55, "GWQI": 130.41, "GWQI_Class": "Poor", "Irrigation_Suitability": "Unsuitable", "Fluoride_Risk": "Safe (<1.0 mg/L)", "Nitrate_Risk": "Natural Background (<10 mg/L)", "Drinking_Status": "Unsafe for Drinking", "Gi_Z_F": -1.11, "Gi_Z_NO3": -1.43, "Gi_Z_GWQI": -1.82, "Gi_Z_TDS": -1.8, "Hotspot_F": "Not Significant", "Hotspot_NO3": "Not Significant", "Hotspot_GWQI": "Coldspot (90% Confidence)" }, "geometry": { "type": "Point", "coordinates": [ 78.016389, 10.019444 ] } },
{ "type": "Feature", "properties": { "Well No": "83080A", "Taluk": "Vadipatti", "Village": "Nagari", "Latitude_DD": 10.019444, "Longitude_DD": 78.016389, "Total_Samples": 11, "TDS": 995.55, "EC_GEN": 1512.27, "pH_GEN": 8.04, "F": 0.94, "NO2+NO3": 5.55, "HAR_Total": 395.91, "Ca": 47.82, "Mg": 69.59, "Na": 219.82, "K": 9.18, "Cl": 312.0, "SO4": 118.27, "HCO3": 352.55, "SAR": 3.87, "RSC": 0.57, "Na%": 52.38, "GWQI": 130.59, "GWQI_Class": "Poor", "Irrigation_Suitability": "Good / Permissible", "Fluoride_Risk": "Safe (<1.0 mg/L)", "Nitrate_Risk": "Natural Background (<10 mg/L)", "Drinking_Status": "Permissible / Marginal", "Gi_Z_F": -1.11, "Gi_Z_NO3": -1.43, "Gi_Z_GWQI": -1.82, "Gi_Z_TDS": -1.8, "Hotspot_F": "Not Significant", "Hotspot_NO3": "Not Significant", "Hotspot_GWQI": "Coldspot (90% Confidence)" }, "geometry": { "type": "Point", "coordinates": [ 78.016389, 10.019444 ] } },
{ "type": "Feature", "properties": { "Well No": "83082", "Taluk": "Usilampatti", "Village": "Uthappanaickanur", "Latitude_DD": 10.033333, "Longitude_DD": 77.787778, "Total_Samples": 16, "TDS": 891.0, "EC_GEN": 1620.0, "pH_GEN": 8.1, "F": 0.92, "NO2+NO3": 15.62, "HAR_Total": 625.0, "Ca": 91.0, "Mg": 96.57, "Na": 81.88, "K": 22.06, "Cl": 233.12, "SO4": 90.69, "HCO3": 436.92, "SAR": 1.44, "RSC": 0.0, "Na%": 21.18, "GWQI": 146.24, "GWQI_Class": "Poor", "Irrigation_Suitability": "Good / Permissible", "Fluoride_Risk": "Safe (<1.0 mg/L)", "Nitrate_Risk": "Acceptable (10-45 mg/L)", "Drinking_Status": "Unsafe for Drinking", "Gi_Z_F": -0.32, "Gi_Z_NO3": 2.29, "Gi_Z_GWQI": 1.22, "Gi_Z_TDS": 0.76, "Hotspot_F": "Not Significant", "Hotspot_NO3": "Hotspot (95% Confidence)", "Hotspot_GWQI": "Not Significant" }, "geometry": { "type": "Point", "coordinates": [ 77.787778, 10.033333 ] } },
{ "type": "Feature", "properties": { "Well No": "83092AY", "Taluk": "Vadipatti", "Village": "Nirathan", "Latitude_DD": 10.0525, "Longitude_DD": 77.975556, "Total_Samples": 15, "TDS": 420.13, "EC_GEN": 730.0, "pH_GEN": 7.95, "F": 1.02, "NO2+NO3": 3.64, "HAR_Total": 249.67, "Ca": 40.8, "Mg": 33.37, "Na": 60.2, "K": 14.6, "Cl": 57.0, "SO4": 46.33, "HCO3": 271.64, "SAR": 1.39, "RSC": 0.49, "Na%": 32.69, "GWQI": 81.13, "GWQI_Class": "Good", "Irrigation_Suitability": "Excellent", "Fluoride_Risk": "Permissible (1.0-1.5 mg/L)", "Nitrate_Risk": "Natural Background (<10 mg/L)", "Drinking_Status": "Permissible / Marginal", "Gi_Z_F": 0.24, "Gi_Z_NO3": -2.06, "Gi_Z_GWQI": -2.4, "Gi_Z_TDS": -2.65, "Hotspot_F": "Not Significant", "Hotspot_NO3": "Coldspot (95% Confidence)", "Hotspot_GWQI": "Coldspot (95% Confidence)" }, "geometry": { "type": "Point", "coordinates": [ 77.975556, 10.0525 ] } },
{ "type": "Feature", "properties": { "Well No": "83095", "Taluk": "Melur", "Village": "Pulipatti", "Latitude_DD": 10.084444, "Longitude_DD": 78.288889, "Total_Samples": 28, "TDS": 1958.0, "EC_GEN": 3250.71, "pH_GEN": 8.02, "F": 0.76, "NO2+NO3": 3.07, "HAR_Total": 636.96, "Ca": 120.14, "Mg": 89.67, "Na": 491.86, "K": 9.71, "Cl": 954.07, "SO4": 118.46, "HCO3": 317.62, "SAR": 7.1, "RSC": 0.18, "Na%": 58.56, "GWQI": 210.43, "GWQI_Class": "Very Poor", "Irrigation_Suitability": "Unsuitable", "Fluoride_Risk": "Safe (<1.0 mg/L)", "Nitrate_Risk": "Natural Background (<10 mg/L)", "Drinking_Status": "Unsafe for Drinking", "Gi_Z_F": -1.09, "Gi_Z_NO3": -1.21, "Gi_Z_GWQI": -0.93, "Gi_Z_TDS": -0.67, "Hotspot_F": "Not Significant", "Hotspot_NO3": "Not Significant", "Hotspot_GWQI": "Not Significant" }, "geometry": { "type": "Point", "coordinates": [ 78.288889, 10.084444 ] } },
{ "type": "Feature", "properties": { "Well No": "83096", "Taluk": "Melur", "Village": "Thumbalapatti", "Latitude_DD": 9.869444, "Longitude_DD": 77.776111, "Total_Samples": 15, "TDS": 706.47, "EC_GEN": 1176.0, "pH_GEN": 8.11, "F": 0.57, "NO2+NO3": 6.4, "HAR_Total": 294.33, "Ca": 66.4, "Mg": 32.48, "Na": 143.2, "K": 24.13, "Cl": 193.47, "SO4": 25.53, "HCO3": 376.13, "SAR": 3.16, "RSC": 0.56, "Na%": 47.77, "GWQI": 106.24, "GWQI_Class": "Poor", "Irrigation_Suitability": "Good / Permissible", "Fluoride_Risk": "Safe (<1.0 mg/L)", "Nitrate_Risk": "Natural Background (<10 mg/L)", "Drinking_Status": "Permissible / Marginal", "Gi_Z_F": 2.73, "Gi_Z_NO3": 2.4, "Gi_Z_GWQI": 0.97, "Gi_Z_TDS": 0.53, "Hotspot_F": "Hotspot (99% Confidence)", "Hotspot_NO3": "Hotspot (95% Confidence)", "Hotspot_GWQI": "Not Significant" }, "geometry": { "type": "Point", "coordinates": [ 77.776111, 9.869444 ] } },
{ "type": "Feature", "properties": { "Well No": "83099", "Taluk": "Madurai North", "Village": "Kadavur", "Latitude_DD": 10.075, "Longitude_DD": 78.175, "Total_Samples": 26, "TDS": 577.88, "EC_GEN": 1045.96, "pH_GEN": 7.87, "F": 0.51, "NO2+NO3": 8.12, "HAR_Total": 387.31, "Ca": 60.31, "Mg": 57.48, "Na": 67.88, "K": 10.88, "Cl": 114.12, "SO4": 37.92, "HCO3": 360.17, "SAR": 2.12, "RSC": 0.59, "Na%": 24.14, "GWQI": 94.33, "GWQI_Class": "Good", "Irrigation_Suitability": "Good / Permissible", "Fluoride_Risk": "Safe (<1.0 mg/L)", "Nitrate_Risk": "Natural Background (<10 mg/L)", "Drinking_Status": "Permissible / Marginal", "Gi_Z_F": -1.95, "Gi_Z_NO3": -1.7, "Gi_Z_GWQI": -2.52, "Gi_Z_TDS": -2.47, "Hotspot_F": "Coldspot (90% Confidence)", "Hotspot_NO3": "Coldspot (90% Confidence)", "Hotspot_GWQI": "Coldspot (95% Confidence)" }, "geometry": { "type": "Point", "coordinates": [ 78.175, 10.075 ] } },
{ "type": "Feature", "properties": { "Well No": "83506", "Taluk": "Melur", "Village": "Kottampatti", "Latitude_DD": 10.1612, "Longitude_DD": 78.3341, "Total_Samples": 4, "TDS": 1410.75, "EC_GEN": 2570.0, "pH_GEN": 7.82, "F": 1.01, "NO2+NO3": 23.75, "HAR_Total": 786.25, "Ca": 94.0, "Mg": 133.95, "Na": 230.5, "K": 17.25, "Cl": 575.25, "SO4": 51.75, "HCO3": 404.12, "SAR": 3.69, "RSC": 0.03, "Na%": 36.99, "GWQI": 187.91, "GWQI_Class": "Poor", "Irrigation_Suitability": "Marginal / Moderate", "Fluoride_Risk": "Permissible (1.0-1.5 mg/L)", "Nitrate_Risk": "Acceptable (10-45 mg/L)", "Drinking_Status": "Unsafe for Drinking", "Gi_Z_F": -2.11, "Gi_Z_NO3": -1.66, "Gi_Z_GWQI": -1.2, "Gi_Z_TDS": -0.92, "Hotspot_F": "Coldspot (95% Confidence)", "Hotspot_NO3": "Coldspot (90% Confidence)", "Hotspot_GWQI": "Not Significant" }, "geometry": { "type": "Point", "coordinates": [ 78.3341, 10.1612 ] } },
{ "type": "Feature", "properties": { "Well No": "Ex-21039", "Taluk": "Usilampatti", "Village": "K.Nattarpatti", "Latitude_DD": 9.968889, "Longitude_DD": 77.863611, "Total_Samples": 2, "TDS": 434.0, "EC_GEN": 855.0, "pH_GEN": 8.15, "F": 1.13, "NO2+NO3": 1.0, "HAR_Total": 337.5, "Ca": 39.0, "Mg": 58.32, "Na": 41.5, "K": 5.5, "Cl": 55.0, "SO4": 31.0, "HCO3": 320.67, "SAR": 0.98, "RSC": 0.0, "Na%": 20.74, "GWQI": 90.25, "GWQI_Class": "Good", "Irrigation_Suitability": "Good / Permissible", "Fluoride_Risk": "Permissible (1.0-1.5 mg/L)", "Nitrate_Risk": "Natural Background (<10 mg/L)", "Drinking_Status": "Permissible / Marginal", "Gi_Z_F": 2.29, "Gi_Z_NO3": 0.01, "Gi_Z_GWQI": 0.16, "Gi_Z_TDS": -0.15, "Hotspot_F": "Hotspot (95% Confidence)", "Hotspot_NO3": "Not Significant", "Hotspot_GWQI": "Not Significant" }, "geometry": { "type": "Point", "coordinates": [ 77.863611, 9.968889 ] } },
{ "type": "Feature", "properties": { "Well No": "Ex-21040", "Taluk": "Peraiyur", "Village": "T.kallupatti", "Latitude_DD": 9.715833, "Longitude_DD": 77.859444, "Total_Samples": 5, "TDS": 318.6, "EC_GEN": 590.0, "pH_GEN": 8.04, "F": 0.93, "NO2+NO3": 4.0, "HAR_Total": 312.2, "Ca": 34.4, "Mg": 54.97, "Na": 44.6, "K": 5.2, "Cl": 43.8, "SO4": 21.0, "HCO3": 200.85, "SAR": 1.21, "RSC": 0.0, "Na%": 27.08, "GWQI": 75.43, "GWQI_Class": "Good", "Irrigation_Suitability": "Excellent", "Fluoride_Risk": "Safe (<1.0 mg/L)", "Nitrate_Risk": "Natural Background (<10 mg/L)", "Drinking_Status": "Permissible / Marginal", "Gi_Z_F": 0.16, "Gi_Z_NO3": 2.12, "Gi_Z_GWQI": 0.91, "Gi_Z_TDS": 0.76, "Hotspot_F": "Not Significant", "Hotspot_NO3": "Hotspot (95% Confidence)", "Hotspot_GWQI": "Not Significant" }, "geometry": { "type": "Point", "coordinates": [ 77.859444, 9.715833 ] } },
{ "type": "Feature", "properties": { "Well No": "Ex-21041", "Taluk": "Peraiyur", "Village": "Sedapatti", "Latitude_DD": 9.826389, "Longitude_DD": 77.8, "Total_Samples": 5, "TDS": 828.6, "EC_GEN": 1408.0, "pH_GEN": 8.12, "F": 1.07, "NO2+NO3": 22.4, "HAR_Total": 322.0, "Ca": 38.8, "Mg": 54.68, "Na": 184.4, "K": 1.8, "Cl": 192.0, "SO4": 92.2, "HCO3": 327.83, "SAR": 4.28, "RSC": 0.08, "Na%": 47.71, "GWQI": 118.57, "GWQI_Class": "Poor", "Irrigation_Suitability": "Good / Permissible", "Fluoride_Risk": "Permissible (1.0-1.5 mg/L)", "Nitrate_Risk": "Acceptable (10-45 mg/L)", "Drinking_Status": "Permissible / Marginal", "Gi_Z_F": 1.93, "Gi_Z_NO3": 1.94, "Gi_Z_GWQI": 0.38, "Gi_Z_TDS": 0.12, "Hotspot_F": "Hotspot (90% Confidence)", "Hotspot_NO3": "Hotspot (90% Confidence)", "Hotspot_GWQI": "Not Significant" }, "geometry": { "type": "Point", "coordinates": [ 77.8, 9.826389 ] } },
{ "type": "Feature", "properties": { "Well No": "Ex-21071", "Taluk": "Melur", "Village": "Pottapatty", "Latitude_DD": 10.281944, "Longitude_DD": 78.370556, "Total_Samples": 4, "TDS": 684.5, "EC_GEN": 1217.5, "pH_GEN": 8.1, "F": 1.06, "NO2+NO3": 11.0, "HAR_Total": 358.75, "Ca": 51.0, "Mg": 56.19, "Na": 123.0, "K": 3.5, "Cl": 204.75, "SO4": 48.75, "HCO3": 282.15, "SAR": 2.87, "RSC": 0.1, "Na%": 44.08, "GWQI": 107.67, "GWQI_Class": "Poor", "Irrigation_Suitability": "Good / Permissible", "Fluoride_Risk": "Permissible (1.0-1.5 mg/L)", "Nitrate_Risk": "Acceptable (10-45 mg/L)", "Drinking_Status": "Permissible / Marginal", "Gi_Z_F": -0.68, "Gi_Z_NO3": -0.85, "Gi_Z_GWQI": -0.31, "Gi_Z_TDS": -0.3, "Hotspot_F": "Not Significant", "Hotspot_NO3": "Not Significant", "Hotspot_GWQI": "Not Significant" }, "geometry": { "type": "Point", "coordinates": [ 78.370556, 10.281944 ] } },
{ "type": "Feature", "properties": { "Well No": "HP 21074", "Taluk": "Madurai North", "Village": "Chettikulam", "Latitude_DD": 9.995, "Longitude_DD": 78.146944, "Total_Samples": 5, "TDS": 1234.4, "EC_GEN": 2228.0, "pH_GEN": 8.4, "F": 0.62, "NO2+NO3": 25.2, "HAR_Total": 558.0, "Ca": 28.8, "Mg": 118.1, "Na": 266.0, "K": 7.8, "Cl": 293.4, "SO4": 69.2, "HCO3": 664.9, "SAR": 4.89, "RSC": 0.72, "Na%": 50.27, "GWQI": 170.44, "GWQI_Class": "Poor", "Irrigation_Suitability": "Good / Permissible", "Fluoride_Risk": "Safe (<1.0 mg/L)", "Nitrate_Risk": "Acceptable (10-45 mg/L)", "Drinking_Status": "Permissible / Marginal", "Gi_Z_F": 1.1, "Gi_Z_NO3": -2.2, "Gi_Z_GWQI": -2.07, "Gi_Z_TDS": -1.88, "Hotspot_F": "Not Significant", "Hotspot_NO3": "Coldspot (95% Confidence)", "Hotspot_GWQI": "Coldspot (95% Confidence)" }, "geometry": { "type": "Point", "coordinates": [ 78.146944, 9.995 ] } },
{ "type": "Feature", "properties": { "Well No": "HP 21076", "Taluk": "Madurai North", "Village": "Vayalur", "Latitude_DD": 10.018333, "Longitude_DD": 78.053889, "Total_Samples": 5, "TDS": 369.6, "EC_GEN": 710.0, "pH_GEN": 8.04, "F": 0.78, "NO2+NO3": 2.21, "HAR_Total": 205.0, "Ca": 18.8, "Mg": 38.39, "Na": 69.6, "K": 3.82, "Cl": 51.0, "SO4": 22.8, "HCO3": 253.34, "SAR": 2.11, "RSC": 0.39, "Na%": 41.66, "GWQI": 70.95, "GWQI_Class": "Good", "Irrigation_Suitability": "Good / Permissible", "Fluoride_Risk": "Safe (<1.0 mg/L)", "Nitrate_Risk": "Natural Background (<10 mg/L)", "Drinking_Status": "Permissible / Marginal", "Gi_Z_F": -0.58, "Gi_Z_NO3": -2.37, "Gi_Z_GWQI": -2.45, "Gi_Z_TDS": -2.46, "Hotspot_F": "Not Significant", "Hotspot_NO3": "Coldspot (95% Confidence)", "Hotspot_GWQI": "Coldspot (95% Confidence)" }, "geometry": { "type": "Point", "coordinates": [ 78.053889, 10.018333 ] } },
{ "type": "Feature", "properties": { "Well No": "HP 21077", "Taluk": "Madurai North", "Village": "Elanthgiyendal", "Latitude_DD": 9.949722, "Longitude_DD": 78.230833, "Total_Samples": 5, "TDS": 560.4, "EC_GEN": 1006.0, "pH_GEN": 8.04, "F": 0.98, "NO2+NO3": 2.6, "HAR_Total": 195.0, "Ca": 28.0, "Mg": 30.38, "Na": 145.2, "K": 5.2, "Cl": 122.6, "SO4": 31.8, "HCO3": 335.08, "SAR": 4.76, "RSC": 1.71, "Na%": 58.41, "GWQI": 87.71, "GWQI_Class": "Good", "Irrigation_Suitability": "Marginal / Moderate", "Fluoride_Risk": "Safe (<1.0 mg/L)", "Nitrate_Risk": "Natural Background (<10 mg/L)", "Drinking_Status": "Permissible / Marginal", "Gi_Z_F": -0.21, "Gi_Z_NO3": -2.28, "Gi_Z_GWQI": -0.3, "Gi_Z_TDS": 0.18, "Hotspot_F": "Not Significant", "Hotspot_NO3": "Coldspot (95% Confidence)", "Hotspot_GWQI": "Not Significant" }, "geometry": { "type": "Point", "coordinates": [ 78.230833, 9.949722 ] } },
{ "type": "Feature", "properties": { "Well No": "HP 21078", "Taluk": "Madurai North", "Village": "Kalikappan", "Latitude_DD": 9.939444, "Longitude_DD": 78.193611, "Total_Samples": 5, "TDS": 586.4, "EC_GEN": 1058.0, "pH_GEN": 8.1, "F": 0.63, "NO2+NO3": 9.4, "HAR_Total": 295.0, "Ca": 43.6, "Mg": 45.2, "Na": 109.6, "K": 6.8, "Cl": 122.0, "SO4": 39.8, "HCO3": 342.96, "SAR": 2.79, "RSC": 0.22, "Na%": 44.02, "GWQI": 94.12, "GWQI_Class": "Good", "Irrigation_Suitability": "Good / Permissible", "Fluoride_Risk": "Safe (<1.0 mg/L)", "Nitrate_Risk": "Natural Background (<10 mg/L)", "Drinking_Status": "Permissible / Marginal", "Gi_Z_F": 0.41, "Gi_Z_NO3": -2.08, "Gi_Z_GWQI": -0.35, "Gi_Z_TDS": 0.15, "Hotspot_F": "Not Significant", "Hotspot_NO3": "Coldspot (95% Confidence)", "Hotspot_GWQI": "Not Significant" }, "geometry": { "type": "Point", "coordinates": [ 78.193611, 9.939444 ] } },
{ "type": "Feature", "properties": { "Well No": "HP 21079", "Taluk": "Madurai North", "Village": "Rajakkoor", "Latitude_DD": 9.928611, "Longitude_DD": 78.238333, "Total_Samples": 5, "TDS": 866.2, "EC_GEN": 1524.0, "pH_GEN": 8.3, "F": 0.68, "NO2+NO3": 2.23, "HAR_Total": 121.0, "Ca": 16.4, "Mg": 19.44, "Na": 306.4, "K": 2.6, "Cl": 205.0, "SO4": 35.2, "HCO3": 507.58, "SAR": 13.29, "RSC": 6.08, "Na%": 79.34, "GWQI": 108.51, "GWQI_Class": "Poor", "Irrigation_Suitability": "Unsuitable", "Fluoride_Risk": "Safe (<1.0 mg/L)", "Nitrate_Risk": "Natural Background (<10 mg/L)", "Drinking_Status": "Permissible / Marginal", "Gi_Z_F": 0.19, "Gi_Z_NO3": -1.53, "Gi_Z_GWQI": 0.16, "Gi_Z_TDS": 0.56, "Hotspot_F": "Not Significant", "Hotspot_NO3": "Not Significant", "Hotspot_GWQI": "Not Significant" }, "geometry": { "type": "Point", "coordinates": [ 78.238333, 9.928611 ] } },
{ "type": "Feature", "properties": { "Well No": "HP 21080", "Taluk": "Madurai North", "Village": "Kalimangalam", "Latitude_DD": 9.878333, "Longitude_DD": 78.238889, "Total_Samples": 5, "TDS": 2566.8, "EC_GEN": 4334.0, "pH_GEN": 8.68, "F": 1.83, "NO2+NO3": 2.0, "HAR_Total": 156.0, "Ca": 23.2, "Mg": 23.81, "Na": 933.8, "K": 10.4, "Cl": 817.0, "SO4": 266.8, "HCO3": 936.96, "SAR": 33.87, "RSC": 12.72, "Na%": 92.07, "GWQI": 263.45, "GWQI_Class": "Very Poor", "Irrigation_Suitability": "Unsuitable", "Fluoride_Risk": "Dental Fluorosis Risk (1.5-2.0 mg/L)", "Nitrate_Risk": "Natural Background (<10 mg/L)", "Drinking_Status": "Unsafe for Drinking", "Gi_Z_F": -1.3, "Gi_Z_NO3": -1.28, "Gi_Z_GWQI": -0.13, "Gi_Z_TDS": 0.24, "Hotspot_F": "Not Significant", "Hotspot_NO3": "Not Significant", "Hotspot_GWQI": "Not Significant" }, "geometry": { "type": "Point", "coordinates": [ 78.238889, 9.878333 ] } },
{ "type": "Feature", "properties": { "Well No": "HP 21081", "Taluk": "Madurai North", "Village": "Elamanur", "Latitude_DD": 9.900556, "Longitude_DD": 78.210833, "Total_Samples": 5, "TDS": 1758.0, "EC_GEN": 3106.0, "pH_GEN": 8.1, "F": 0.39, "NO2+NO3": 15.8, "HAR_Total": 778.0, "Ca": 104.0, "Mg": 125.87, "Na": 358.0, "K": 21.0, "Cl": 690.8, "SO4": 146.8, "HCO3": 481.9, "SAR": 6.01, "RSC": 0.0, "Na%": 51.15, "GWQI": 212.28, "GWQI_Class": "Very Poor", "Irrigation_Suitability": "Unsuitable", "Fluoride_Risk": "Safe (<1.0 mg/L)", "Nitrate_Risk": "Acceptable (10-45 mg/L)", "Drinking_Status": "Unsafe for Drinking", "Gi_Z_F": 1.17, "Gi_Z_NO3": -2.35, "Gi_Z_GWQI": 0.03, "Gi_Z_TDS": 0.83, "Hotspot_F": "Not Significant", "Hotspot_NO3": "Coldspot (95% Confidence)", "Hotspot_GWQI": "Not Significant" }, "geometry": { "type": "Point", "coordinates": [ 78.210833, 9.900556 ] } },
{ "type": "Feature", "properties": { "Well No": "HP 21082", "Taluk": "Madurai South", "Village": "Nallur", "Latitude_DD": 9.788333, "Longitude_DD": 78.133333, "Total_Samples": 5, "TDS": 448.0, "EC_GEN": 816.0, "pH_GEN": 8.06, "F": 0.34, "NO2+NO3": 7.2, "HAR_Total": 279.0, "Ca": 58.0, "Mg": 32.56, "Na": 62.2, "K": 3.2, "Cl": 90.0, "SO4": 18.6, "HCO3": 258.16, "SAR": 1.66, "RSC": 0.08, "Na%": 31.94, "GWQI": 75.17, "GWQI_Class": "Good", "Irrigation_Suitability": "Good / Permissible", "Fluoride_Risk": "Safe (<1.0 mg/L)", "Nitrate_Risk": "Natural Background (<10 mg/L)", "Drinking_Status": "Permissible / Marginal", "Gi_Z_F": 1.41, "Gi_Z_NO3": 1.02, "Gi_Z_GWQI": 3.29, "Gi_Z_TDS": 3.85, "Hotspot_F": "Not Significant", "Hotspot_NO3": "Not Significant", "Hotspot_GWQI": "Hotspot (99% Confidence)" }, "geometry": { "type": "Point", "coordinates": [ 78.133333, 9.788333 ] } },
{ "type": "Feature", "properties": { "Well No": "HP 21083", "Taluk": "Madurai South", "Village": "Nilaiyur", "Latitude_DD": 9.855556, "Longitude_DD": 78.059167, "Total_Samples": 5, "TDS": 1607.8, "EC_GEN": 2802.0, "pH_GEN": 8.14, "F": 0.56, "NO2+NO3": 16.6, "HAR_Total": 580.0, "Ca": 89.6, "Mg": 86.51, "Na": 374.4, "K": 33.2, "Cl": 472.8, "SO4": 176.2, "HCO3": 601.46, "SAR": 6.78, "RSC": 0.56, "Na%": 54.97, "GWQI": 198.68, "GWQI_Class": "Poor", "Irrigation_Suitability": "Marginal / Moderate", "Fluoride_Risk": "Safe (<1.0 mg/L)", "Nitrate_Risk": "Acceptable (10-45 mg/L)", "Drinking_Status": "Permissible / Marginal", "Gi_Z_F": 0.12, "Gi_Z_NO3": 1.27, "Gi_Z_GWQI": 2.59, "Gi_Z_TDS": 3.02, "Hotspot_F": "Not Significant", "Hotspot_NO3": "Not Significant", "Hotspot_GWQI": "Hotspot (99% Confidence)" }, "geometry": { "type": "Point", "coordinates": [ 78.059167, 9.855556 ] } },
{ "type": "Feature", "properties": { "Well No": "HP 21084", "Taluk": "Madurai South", "Village": "Sakkilipatti", "Latitude_DD": 9.901389, "Longitude_DD": 78.011111, "Total_Samples": 5, "TDS": 983.6, "EC_GEN": 1740.0, "pH_GEN": 8.08, "F": 0.81, "NO2+NO3": 4.8, "HAR_Total": 367.0, "Ca": 54.4, "Mg": 56.13, "Na": 245.2, "K": 5.0, "Cl": 294.4, "SO4": 93.6, "HCO3": 427.0, "SAR": 5.62, "RSC": 0.5, "Na%": 56.16, "GWQI": 129.36, "GWQI_Class": "Poor", "Irrigation_Suitability": "Good / Permissible", "Fluoride_Risk": "Safe (<1.0 mg/L)", "Nitrate_Risk": "Natural Background (<10 mg/L)", "Drinking_Status": "Permissible / Marginal", "Gi_Z_F": 0.48, "Gi_Z_NO3": 0.57, "Gi_Z_GWQI": 0.96, "Gi_Z_TDS": 1.07, "Hotspot_F": "Not Significant", "Hotspot_NO3": "Not Significant", "Hotspot_GWQI": "Not Significant" }, "geometry": { "type": "Point", "coordinates": [ 78.011111, 9.901389 ] } },
{ "type": "Feature", "properties": { "Well No": "HP21068", "Taluk": "Vadipatti", "Village": "Alanganallur", "Latitude_DD": 10.048333, "Longitude_DD": 78.083889, "Total_Samples": 2, "TDS": 941.5, "EC_GEN": 1670.0, "pH_GEN": 8.05, "F": 0.43, "NO2+NO3": 24.0, "HAR_Total": 670.0, "Ca": 124.0, "Mg": 87.48, "Na": 90.0, "K": 4.5, "Cl": 304.5, "SO4": 56.5, "HCO3": 335.5, "SAR": 1.6, "RSC": 0.0, "Na%": 23.28, "GWQI": 137.14, "GWQI_Class": "Poor", "Irrigation_Suitability": "Good / Permissible", "Fluoride_Risk": "Safe (<1.0 mg/L)", "Nitrate_Risk": "Acceptable (10-45 mg/L)", "Drinking_Status": "Unsafe for Drinking", "Gi_Z_F": -0.3, "Gi_Z_NO3": -2.67, "Gi_Z_GWQI": -2.86, "Gi_Z_TDS": -2.89, "Hotspot_F": "Not Significant", "Hotspot_NO3": "Coldspot (99% Confidence)", "Hotspot_GWQI": "Coldspot (99% Confidence)" }, "geometry": { "type": "Point", "coordinates": [ 78.083889, 10.048333 ] } },
{ "type": "Feature", "properties": { "Well No": "HP21069", "Taluk": "Vadipatti", "Village": "Muduvarpatti", "Latitude_DD": 10.080278, "Longitude_DD": 78.124722, "Total_Samples": 2, "TDS": 858.0, "EC_GEN": 1480.0, "pH_GEN": 8.1, "F": 0.42, "NO2+NO3": 21.5, "HAR_Total": 432.5, "Ca": 84.0, "Mg": 54.07, "Na": 131.5, "K": 27.5, "Cl": 235.5, "SO4": 56.0, "HCO3": 344.65, "SAR": 2.76, "RSC": 0.0, "Na%": 38.0, "GWQI": 126.35, "GWQI_Class": "Poor", "Irrigation_Suitability": "Good / Permissible", "Fluoride_Risk": "Safe (<1.0 mg/L)", "Nitrate_Risk": "Acceptable (10-45 mg/L)", "Drinking_Status": "Permissible / Marginal", "Gi_Z_F": -0.86, "Gi_Z_NO3": -2.23, "Gi_Z_GWQI": -2.87, "Gi_Z_TDS": -2.9, "Hotspot_F": "Not Significant", "Hotspot_NO3": "Coldspot (95% Confidence)", "Hotspot_GWQI": "Coldspot (99% Confidence)" }, "geometry": { "type": "Point", "coordinates": [ 78.124722, 10.080278 ] } },
{ "type": "Feature", "properties": { "Well No": "MWS21043", "Taluk": "Usilampatti", "Village": "Pullaneri", "Latitude_DD": 9.9325, "Longitude_DD": 77.946667, "Total_Samples": 3, "TDS": 1836.0, "EC_GEN": 3236.67, "pH_GEN": 8.17, "F": 0.4, "NO2+NO3": 6.0, "HAR_Total": 866.67, "Ca": 136.0, "Mg": 127.98, "Na": 359.0, "K": 12.33, "Cl": 671.0, "SO4": 267.0, "HCO3": 475.8, "SAR": 5.3, "RSC": 0.0, "Na%": 46.81, "GWQI": 220.99, "GWQI_Class": "Very Poor", "Irrigation_Suitability": "Unsuitable", "Fluoride_Risk": "Safe (<1.0 mg/L)", "Nitrate_Risk": "Natural Background (<10 mg/L)", "Drinking_Status": "Unsafe for Drinking", "Gi_Z_F": 1.19, "Gi_Z_NO3": 0.98, "Gi_Z_GWQI": 0.01, "Gi_Z_TDS": -0.05, "Hotspot_F": "Not Significant", "Hotspot_NO3": "Not Significant", "Hotspot_GWQI": "Not Significant" }, "geometry": { "type": "Point", "coordinates": [ 77.946667, 9.9325 ] } },
{ "type": "Feature", "properties": { "Well No": "MWS21044", "Taluk": "Usilampatti", "Village": "Sangampatti", "Latitude_DD": 9.948333, "Longitude_DD": 77.898333, "Total_Samples": 1, "TDS": 960.0, "EC_GEN": 1670.0, "pH_GEN": 8.0, "F": 0.8, "NO2+NO3": 6.0, "HAR_Total": 320.0, "Ca": 20.0, "Mg": 65.61, "Na": 225.0, "K": 32.0, "Cl": 255.0, "SO4": 117.0, "HCO3": 439.2, "SAR": 5.47, "RSC": 0.8, "Na%": 57.56, "GWQI": 134.2, "GWQI_Class": "Poor", "Irrigation_Suitability": "Good / Permissible", "Fluoride_Risk": "Safe (<1.0 mg/L)", "Nitrate_Risk": "Natural Background (<10 mg/L)", "Drinking_Status": "Permissible / Marginal", "Gi_Z_F": 2.5, "Gi_Z_NO3": 0.31, "Gi_Z_GWQI": 0.39, "Gi_Z_TDS": -0.0, "Hotspot_F": "Hotspot (95% Confidence)", "Hotspot_NO3": "Not Significant", "Hotspot_GWQI": "Not Significant" }, "geometry": { "type": "Point", "coordinates": [ 77.898333, 9.948333 ] } },
{ "type": "Feature", "properties": { "Well No": "MWS21046", "Taluk": "Peraiyur", "Village": "Perunkamanallur", "Latitude_DD": 9.862778, "Longitude_DD": 77.818056, "Total_Samples": 5, "TDS": 887.0, "EC_GEN": 1568.0, "pH_GEN": 8.08, "F": 1.53, "NO2+NO3": 12.6, "HAR_Total": 334.0, "Ca": 37.2, "Mg": 58.56, "Na": 209.8, "K": 4.8, "Cl": 267.4, "SO4": 65.0, "HCO3": 376.98, "SAR": 5.19, "RSC": 1.28, "Na%": 58.61, "GWQI": 128.75, "GWQI_Class": "Poor", "Irrigation_Suitability": "Marginal / Moderate", "Fluoride_Risk": "Dental Fluorosis Risk (1.5-2.0 mg/L)", "Nitrate_Risk": "Acceptable (10-45 mg/L)", "Drinking_Status": "Unsafe for Drinking", "Gi_Z_F": 1.72, "Gi_Z_NO3": 2.75, "Gi_Z_GWQI": 1.01, "Gi_Z_TDS": 0.63, "Hotspot_F": "Hotspot (90% Confidence)", "Hotspot_NO3": "Hotspot (99% Confidence)", "Hotspot_GWQI": "Not Significant" }, "geometry": { "type": "Point", "coordinates": [ 77.818056, 9.862778 ] } },
{ "type": "Feature", "properties": { "Well No": "MWS21048", "Taluk": "Peraiyur", "Village": "Pappinaickenpatti", "Latitude_DD": 9.820278, "Longitude_DD": 77.711111, "Total_Samples": 5, "TDS": 1154.8, "EC_GEN": 1970.0, "pH_GEN": 8.08, "F": 0.35, "NO2+NO3": 10.4, "HAR_Total": 354.0, "Ca": 44.0, "Mg": 59.29, "Na": 261.4, "K": 70.6, "Cl": 331.8, "SO4": 116.6, "HCO3": 436.52, "SAR": 5.72, "RSC": 0.68, "Na%": 50.24, "GWQI": 158.72, "GWQI_Class": "Poor", "Irrigation_Suitability": "Good / Permissible", "Fluoride_Risk": "Safe (<1.0 mg/L)", "Nitrate_Risk": "Acceptable (10-45 mg/L)", "Drinking_Status": "Permissible / Marginal", "Gi_Z_F": 2.06, "Gi_Z_NO3": 0.97, "Gi_Z_GWQI": -1.06, "Gi_Z_TDS": -1.24, "Hotspot_F": "Hotspot (95% Confidence)", "Hotspot_NO3": "Not Significant", "Hotspot_GWQI": "Not Significant" }, "geometry": { "type": "Point", "coordinates": [ 77.711111, 9.820278 ] } },
{ "type": "Feature", "properties": { "Well No": "MWS21050", "Taluk": "Thirumangalam", "Village": "Mathipanur", "Latitude_DD": 9.795556, "Longitude_DD": 77.8375, "Total_Samples": 5, "TDS": 936.6, "EC_GEN": 1652.0, "pH_GEN": 8.16, "F": 0.41, "NO2+NO3": 12.6, "HAR_Total": 415.0, "Ca": 41.2, "Mg": 75.82, "Na": 193.4, "K": 3.2, "Cl": 258.6, "SO4": 123.6, "HCO3": 364.95, "SAR": 3.97, "RSC": 0.36, "Na%": 48.29, "GWQI": 126.2, "GWQI_Class": "Poor", "Irrigation_Suitability": "Good / Permissible", "Fluoride_Risk": "Safe (<1.0 mg/L)", "Nitrate_Risk": "Acceptable (10-45 mg/L)", "Drinking_Status": "Permissible / Marginal", "Gi_Z_F": 2.35, "Gi_Z_NO3": 2.82, "Gi_Z_GWQI": 0.83, "Gi_Z_TDS": 0.51, "Hotspot_F": "Hotspot (95% Confidence)", "Hotspot_NO3": "Hotspot (99% Confidence)", "Hotspot_GWQI": "Not Significant" }, "geometry": { "type": "Point", "coordinates": [ 77.8375, 9.795556 ] } },
{ "type": "Feature", "properties": { "Well No": "MWS21052", "Taluk": "Peraiyur", "Village": "Muthunagayapuram", "Latitude_DD": 9.771389, "Longitude_DD": 77.812222, "Total_Samples": 5, "TDS": 940.6, "EC_GEN": 1644.0, "pH_GEN": 8.04, "F": 0.63, "NO2+NO3": 22.8, "HAR_Total": 327.0, "Ca": 38.4, "Mg": 56.13, "Na": 186.4, "K": 37.4, "Cl": 222.6, "SO4": 81.6, "HCO3": 407.48, "SAR": 4.61, "RSC": 0.96, "Na%": 49.97, "GWQI": 133.78, "GWQI_Class": "Poor", "Irrigation_Suitability": "Good / Permissible", "Fluoride_Risk": "Safe (<1.0 mg/L)", "Nitrate_Risk": "Acceptable (10-45 mg/L)", "Drinking_Status": "Permissible / Marginal", "Gi_Z_F": 1.82, "Gi_Z_NO3": 1.08, "Gi_Z_GWQI": 0.05, "Gi_Z_TDS": -0.12, "Hotspot_F": "Hotspot (90% Confidence)", "Hotspot_NO3": "Not Significant", "Hotspot_GWQI": "Not Significant" }, "geometry": { "type": "Point", "coordinates": [ 77.812222, 9.771389 ] } },
{ "type": "Feature", "properties": { "Well No": "MWS21056", "Taluk": "Usilampatti", "Village": "Meikkilarpatti", "Latitude_DD": 9.980556, "Longitude_DD": 77.802778, "Total_Samples": 5, "TDS": 808.6, "EC_GEN": 1426.0, "pH_GEN": 8.12, "F": 0.43, "NO2+NO3": 11.6, "HAR_Total": 437.0, "Ca": 52.0, "Mg": 74.6, "Na": 118.2, "K": 36.0, "Cl": 219.2, "SO4": 65.0, "HCO3": 370.03, "SAR": 2.67, "RSC": 0.96, "Na%": 37.81, "GWQI": 127.24, "GWQI_Class": "Poor", "Irrigation_Suitability": "Good / Permissible", "Fluoride_Risk": "Safe (<1.0 mg/L)", "Nitrate_Risk": "Acceptable (10-45 mg/L)", "Drinking_Status": "Permissible / Marginal", "Gi_Z_F": 2.61, "Gi_Z_NO3": 2.09, "Gi_Z_GWQI": 1.7, "Gi_Z_TDS": 1.26, "Hotspot_F": "Hotspot (99% Confidence)", "Hotspot_NO3": "Hotspot (95% Confidence)", "Hotspot_GWQI": "Hotspot (90% Confidence)" }, "geometry": { "type": "Point", "coordinates": [ 77.802778, 9.980556 ] } },
{ "type": "Feature", "properties": { "Well No": "MWS21059", "Taluk": "Vadipatti", "Village": "Kaupatti", "Latitude_DD": 10.022222, "Longitude_DD": 77.92, "Total_Samples": 5, "TDS": 928.6, "EC_GEN": 1614.0, "pH_GEN": 8.14, "F": 0.91, "NO2+NO3": 15.2, "HAR_Total": 381.0, "Ca": 53.6, "Mg": 60.02, "Na": 197.8, "K": 11.6, "Cl": 240.6, "SO4": 95.4, "HCO3": 405.04, "SAR": 4.38, "RSC": 0.22, "Na%": 50.96, "GWQI": 131.32, "GWQI_Class": "Poor", "Irrigation_Suitability": "Good / Permissible", "Fluoride_Risk": "Safe (<1.0 mg/L)", "Nitrate_Risk": "Acceptable (10-45 mg/L)", "Drinking_Status": "Permissible / Marginal", "Gi_Z_F": 0.51, "Gi_Z_NO3": -0.46, "Gi_Z_GWQI": -0.19, "Gi_Z_TDS": -0.54, "Hotspot_F": "Not Significant", "Hotspot_NO3": "Not Significant", "Hotspot_GWQI": "Not Significant" }, "geometry": { "type": "Point", "coordinates": [ 77.92, 10.022222 ] } },
{ "type": "Feature", "properties": { "Well No": "MWS21061", "Taluk": "Vadipatti", "Village": "Thathampatti", "Latitude_DD": 10.022222, "Longitude_DD": 78.015556, "Total_Samples": 5, "TDS": 505.6, "EC_GEN": 910.0, "pH_GEN": 8.06, "F": 0.43, "NO2+NO3": 4.2, "HAR_Total": 254.0, "Ca": 60.0, "Mg": 25.27, "Na": 85.4, "K": 18.6, "Cl": 87.2, "SO4": 29.8, "HCO3": 337.32, "SAR": 2.34, "RSC": 0.52, "Na%": 40.02, "GWQI": 85.0, "GWQI_Class": "Good", "Irrigation_Suitability": "Good / Permissible", "Fluoride_Risk": "Safe (<1.0 mg/L)", "Nitrate_Risk": "Natural Background (<10 mg/L)", "Drinking_Status": "Permissible / Marginal", "Gi_Z_F": 0.26, "Gi_Z_NO3": -1.57, "Gi_Z_GWQI": -0.5, "Gi_Z_TDS": -0.41, "Hotspot_F": "Not Significant", "Hotspot_NO3": "Not Significant", "Hotspot_GWQI": "Not Significant" }, "geometry": { "type": "Point", "coordinates": [ 78.015556, 10.022222 ] } },
{ "type": "Feature", "properties": { "Well No": "MWS21062", "Taluk": "Vadipatti", "Village": "PeriyaIanthaikulam", "Latitude_DD": 10.068333, "Longitude_DD": 78.051389, "Total_Samples": 5, "TDS": 436.2, "EC_GEN": 814.0, "pH_GEN": 7.98, "F": 0.85, "NO2+NO3": 4.6, "HAR_Total": 260.0, "Ca": 34.8, "Mg": 42.04, "Na": 62.4, "K": 11.4, "Cl": 40.2, "SO4": 34.4, "HCO3": 322.72, "SAR": 1.73, "RSC": 0.52, "Na%": 32.8, "GWQI": 82.02, "GWQI_Class": "Good", "Irrigation_Suitability": "Good / Permissible", "Fluoride_Risk": "Safe (<1.0 mg/L)", "Nitrate_Risk": "Natural Background (<10 mg/L)", "Drinking_Status": "Permissible / Marginal", "Gi_Z_F": -0.94, "Gi_Z_NO3": -1.79, "Gi_Z_GWQI": -2.59, "Gi_Z_TDS": -2.63, "Hotspot_F": "Not Significant", "Hotspot_NO3": "Coldspot (90% Confidence)", "Hotspot_GWQI": "Coldspot (99% Confidence)" }, "geometry": { "type": "Point", "coordinates": [ 78.051389, 10.068333 ] } },
{ "type": "Feature", "properties": { "Well No": "MWS21063", "Taluk": "Madurai North", "Village": "Erukalnatham", "Latitude_DD": 10.014722, "Longitude_DD": 78.173889, "Total_Samples": 5, "TDS": 613.4, "EC_GEN": 1110.0, "pH_GEN": 8.1, "F": 0.62, "NO2+NO3": 9.2, "HAR_Total": 342.0, "Ca": 62.4, "Mg": 45.2, "Na": 97.8, "K": 8.2, "Cl": 126.0, "SO4": 48.6, "HCO3": 343.5, "SAR": 2.29, "RSC": 0.08, "Na%": 36.34, "GWQI": 98.48, "GWQI_Class": "Good", "Irrigation_Suitability": "Good / Permissible", "Fluoride_Risk": "Safe (<1.0 mg/L)", "Nitrate_Risk": "Natural Background (<10 mg/L)", "Drinking_Status": "Permissible / Marginal", "Gi_Z_F": -0.76, "Gi_Z_NO3": -1.9, "Gi_Z_GWQI": -1.71, "Gi_Z_TDS": -1.51, "Hotspot_F": "Not Significant", "Hotspot_NO3": "Coldspot (90% Confidence)", "Hotspot_GWQI": "Coldspot (90% Confidence)" }, "geometry": { "type": "Point", "coordinates": [ 78.173889, 10.014722 ] } },
{ "type": "Feature", "properties": { "Well No": "MWS21065", "Taluk": "Madurai North", "Village": "Mangulam", "Latitude_DD": 10.049167, "Longitude_DD": 78.25, "Total_Samples": 5, "TDS": 381.8, "EC_GEN": 690.0, "pH_GEN": 8.12, "F": 0.63, "NO2+NO3": 2.41, "HAR_Total": 186.0, "Ca": 38.8, "Mg": 21.63, "Na": 75.8, "K": 2.22, "Cl": 64.6, "SO4": 37.8, "HCO3": 209.28, "SAR": 2.42, "RSC": 0.02, "Na%": 46.43, "GWQI": 68.38, "GWQI_Class": "Good", "Irrigation_Suitability": "Good / Permissible", "Fluoride_Risk": "Safe (<1.0 mg/L)", "Nitrate_Risk": "Natural Background (<10 mg/L)", "Drinking_Status": "Safe Drinking Water", "Gi_Z_F": -1.1, "Gi_Z_NO3": -1.93, "Gi_Z_GWQI": -1.19, "Gi_Z_TDS": -0.93, "Hotspot_F": "Not Significant", "Hotspot_NO3": "Coldspot (90% Confidence)", "Hotspot_GWQI": "Not Significant" }, "geometry": { "type": "Point", "coordinates": [ 78.25, 10.049167 ] } },
{ "type": "Feature", "properties": { "Well No": "MWS21066", "Taluk": "Melur", "Village": "Attukulam", "Latitude_DD": 10.0025, "Longitude_DD": 78.356667, "Total_Samples": 5, "TDS": 562.4, "EC_GEN": 1000.0, "pH_GEN": 8.08, "F": 0.54, "NO2+NO3": 8.82, "HAR_Total": 268.0, "Ca": 41.6, "Mg": 39.85, "Na": 105.0, "K": 4.8, "Cl": 154.8, "SO4": 53.4, "HCO3": 221.94, "SAR": 2.75, "RSC": 0.05, "Na%": 45.5, "GWQI": 86.87, "GWQI_Class": "Good", "Irrigation_Suitability": "Good / Permissible", "Fluoride_Risk": "Safe (<1.0 mg/L)", "Nitrate_Risk": "Natural Background (<10 mg/L)", "Drinking_Status": "Permissible / Marginal", "Gi_Z_F": -2.11, "Gi_Z_NO3": -1.87, "Gi_Z_GWQI": -1.14, "Gi_Z_TDS": -0.7, "Hotspot_F": "Coldspot (95% Confidence)", "Hotspot_NO3": "Coldspot (90% Confidence)", "Hotspot_GWQI": "Not Significant" }, "geometry": { "type": "Point", "coordinates": [ 78.356667, 10.0025 ] } }
]
}
