Well No,District,Taluk,Village,Date of collection,Year,Month,Season,Latitude_DD,Longitude_DD,Coord_Source,TDS,EC_GEN,pH_GEN,F,NO2+NO3,Ca,Mg,Na,K,Cl,SO4,CO3,HCO3,HAR_Total,SAR,RSC,Na%,GWQI,GWQI_Class,SAR_Calc,RSC_Calc,Na%_Calc,SAR_Hazard,EC_Hazard,USSL_Class,RSC_Class,Wilcox_Class,Irrigation_Suitability,Fluoride_Risk,Nitrate_Risk,Nitrate_Source,Drinking_Status
21001D,Madurai,Madurai South,Thiruparankundram,2007-01-10,2007,1,Post-Monsoon,9.877778,78.097222,Original,1246.0,2270,8.2,0.76,2.0,36,51.03,368.0,4.0,355,120,0.0,610.0,300,9.244999,4.002966,72.41351,149.77,Poor,9.24,4.0,72.87,S1 (Low),C4 (Very High),C4-S1,Unsuitable (>2.5),Doubtful to Unsuitable,Unsuitable,Safe (<1.0 mg/L),Natural Background (<10 mg/L),Within Drinking Norms,Permissible / Marginal
21002D,Madurai,Thirumangalam,Chokkanathapuram,2007-01-09,2007,1,Post-Monsoon,9.945556,77.975556,Original,533.0,970,7.3,0.82,17.0,50,60.75,64.0,3.0,92,23,0.0,329.4,375,1.438124,0.0,26.88456,82.17,Good,1.44,-2.1,27.61,S1 (Low),C3 (High),C3-S1,Safe (<1.25),Permissible to Doubtful,Good / Permissible,Safe (<1.0 mg/L),Acceptable (10-45 mg/L),Within Drinking Norms,Permissible / Marginal
21003D,Madurai,Peraiyur,Chinnakattalai,2007-01-09,2007,1,Post-Monsoon,9.845556,77.796667,Original,1238.0,2120,7.1,0.7,15.0,72,75.33,276.0,5.0,284,168,0.0,579.5,490,5.425696,0.0,54.75606,139.58,Poor,5.42,-0.3,55.33,S1 (Low),C3 (High),C3-S1,Safe (<1.25),Doubtful to Unsuitable,Good / Permissible,Safe (<1.0 mg/L),Acceptable (10-45 mg/L),Within Drinking Norms,Permissible / Marginal
21004D,Madurai,Thirumangalam,Chinna Ulagani,2007-01-10,2007,1,Post-Monsoon,9.773611,78.052222,Original,668.0,1200,7.9,1.2,4.0,18,30.375,207.0,2.0,188,27,0.0,353.8,170,6.908004,2.40146,72.30424,94.14,Good,6.9,2.4,72.7,S1 (Low),C3 (High),C3-S1,Marginal (1.25-2.5),Doubtful to Unsuitable,Marginal / Moderate,Permissible (1.0-1.5 mg/L),Natural Background (<10 mg/L),Within Drinking Norms,Permissible / Marginal
21005D,Madurai,Madurai South,Eliyarpatti,2007-01-10,2007,1,Post-Monsoon,9.794444,78.090278,Original,219.0,400,8.2,0.53,2.0,34,9.72,35.0,3.0,18,8,2.420921,162.4998,125,1.362612,0.2476681,37.17054,52.5,Good,1.36,0.25,39.03,S1 (Low),C2 (Medium),C2-S1,Safe (<1.25),Good to Permissible,Excellent,Safe (<1.0 mg/L),Natural Background (<10 mg/L),Within Drinking Norms,Safe Drinking Water
21006D,Madurai,Peraiyur,Elumalai RF,2007-01-09,2007,1,Post-Monsoon,9.861111,77.7,Original,974.0,1680,7.2,0.42,18.0,88,70.47,161.0,23.0,142,77,0.0,671.0,510,3.102478,0.8080948,39.3835,126.3,Poor,3.1,0.81,42.68,S1 (Low),C3 (High),C3-S1,Safe (<1.25),Permissible to Doubtful,Good / Permissible,Safe (<1.0 mg/L),Acceptable (10-45 mg/L),Within Drinking Norms,Permissible / Marginal
21007D,Madurai,Thirumangalam,Kallikudi,2007-01-10,2007,1,Post-Monsoon,9.693889,77.971111,Original,1877.0,3270,7.2,0.62,25.0,248,218.7,78.0,2.0,709,432,0.0,158.6,1520,0.870627,0.0,10.03293,240.63,Very Poor,0.87,-27.78,10.18,S1 (Low),C4 (Very High),C4-S1,Safe (<1.25),Unsuitable,Unsuitable,Safe (<1.0 mg/L),Acceptable (10-45 mg/L),Within Drinking Norms,Unsafe for Drinking
21008D,Madurai,Madurai South,Melamathur,2007-01-04,2007,1,Post-Monsoon,9.968056,78.007778,Original,712.0,1250,7.0,0.49,14.0,80,38.88,115.0,12.0,121,74,0.0,414.8,360,2.637911,0.0,40.01489,88.17,Good,2.64,-0.39,42.46,S1 (Low),C3 (High),C3-S1,Safe (<1.25),Permissible to Doubtful,Good / Permissible,Safe (<1.0 mg/L),Acceptable (10-45 mg/L),Within Drinking Norms,Permissible / Marginal
21010D,Madurai,Madurai North,Karupayoorani,2007-01-08,2007,1,Post-Monsoon,9.931944,78.177778,Original,1084.0,1900,8.2,0.31,6.0,44,46.17,285.0,16.0,425,120,0.0,244.0,300,7.160254,0.0,65.93668,131.07,Poor,7.16,-2.0,68.1,S1 (Low),C3 (High),C3-S1,Safe (<1.25),Doubtful to Unsuitable,Marginal / Moderate,Safe (<1.0 mg/L),Natural Background (<10 mg/L),Within Drinking Norms,Permissible / Marginal
21011D,Madurai,Peraiyur,Mallapuram,2007-01-08,2007,1,Post-Monsoon,9.805556,77.668333,Original,602.0,1090,7.7,0.33,7.0,80,34.02,92.0,3.0,167,44,0.0,305.0,340,2.171571,0.0,36.81369,84.17,Good,2.17,-1.79,37.51,S1 (Low),C3 (High),C3-S1,Safe (<1.25),Permissible to Doubtful,Good / Permissible,Safe (<1.0 mg/L),Natural Background (<10 mg/L),Within Drinking Norms,Permissible / Marginal
21012D,Madurai,Thirumangalam,Kurayur,2007-01-10,2007,1,Post-Monsoon,9.694444,78.025,Original,1076.0,1750,7.6,0.66,19.0,64,46.17,258.0,2.0,227,149,0.0,488.0,350,6.001545,1.005801,61.43631,124.99,Poor,6.0,1.0,61.7,S1 (Low),C3 (High),C3-S1,Safe (<1.25),Doubtful to Unsuitable,Marginal / Moderate,Safe (<1.0 mg/L),Acceptable (10-45 mg/L),Within Drinking Norms,Permissible / Marginal
21013D,Madurai,Vadipatti,Manianji,2007-01-04,2007,1,Post-Monsoon,10.004167,78.1025,Original,1245.0,1890,8.5,0.64,31.0,40,53.46,299.0,16.0,326,168,48.0,317.2,320,7.273115,0.4040164,65.65156,153.18,Poor,7.27,0.4,67.71,S1 (Low),C3 (High),C3-S1,Safe (<1.25),Doubtful to Unsuitable,Marginal / Moderate,Safe (<1.0 mg/L),Acceptable (10-45 mg/L),Within Drinking Norms,Permissible / Marginal
21014D,Madurai,Madurai South,Kilakuilkudi,2007-01-09,2007,1,Post-Monsoon,9.928333,78.055,Original,509.0,930,8.0,0.32,2.0,90,41.31,46.0,4.0,71,24,0.0,451.4,395,1.007344,0.0,20.02097,87.09,Good,1.01,-0.49,21.04,S1 (Low),C3 (High),C3-S1,Safe (<1.25),Permissible to Doubtful,Good / Permissible,Safe (<1.0 mg/L),Natural Background (<10 mg/L),Within Drinking Norms,Permissible / Marginal
21015D,Madurai,Peraiyur,Peraiyur,2007-01-09,2007,1,Post-Monsoon,9.74,77.793333,Original,518.0,870,7.4,0.28,13.0,74,31.59,64.0,2.0,82,60,0.0,292.8,315,1.569459,0.0,30.4997,70.55,Good,1.57,-1.49,31.05,S1 (Low),C3 (High),C3-S1,Safe (<1.25),Permissible to Doubtful,Good / Permissible,Safe (<1.0 mg/L),Acceptable (10-45 mg/L),Within Drinking Norms,Permissible / Marginal
21016D,Madurai,Peraiyur,Subbulapuram,2007-01-10,2007,1,Post-Monsoon,9.675556,77.809444,Original,339.0,620,7.8,0.18,6.0,66,24.3,28.0,2.0,46,26,1.17902,198.7894,265,0.7486405,0.0,18.5592,58.42,Good,0.75,-2.0,19.33,S1 (Low),C2 (Medium),C2-S1,Safe (<1.25),Good to Permissible,Excellent,Safe (<1.0 mg/L),Natural Background (<10 mg/L),Within Drinking Norms,Permissible / Marginal
21017D,Madurai,Thirumangalam,Thangalacheri,2007-01-10,2007,1,Post-Monsoon,9.836111,77.868889,Original,1926.0,3260,7.5,0.27,36.0,208,140.94,248.0,11.0,638,336,0.0,366.0,1100,3.254157,0.0,32.64295,226.37,Very Poor,3.25,-15.98,33.48,S1 (Low),C4 (Very High),C4-S1,Safe (<1.25),Unsuitable,Unsuitable,Safe (<1.0 mg/L),Acceptable (10-45 mg/L),Within Drinking Norms,Unsafe for Drinking
21018D,Madurai,Thirumangalam,Peikulam,2007-01-10,2007,1,Post-Monsoon,9.645833,77.991111,Original,710.0,1240,7.4,0.13,17.0,60,35.235,147.0,7.0,142,60,0.0,366.0,295,3.724797,0.1054989,51.28897,85.78,Good,3.72,0.1,52.71,S1 (Low),C3 (High),C3-S1,Safe (<1.25),Permissible to Doubtful,Good / Permissible,Safe (<1.0 mg/L),Acceptable (10-45 mg/L),Within Drinking Norms,Permissible / Marginal
21019D,Madurai,Melur,Karungalakudi,2007-01-08,2007,1,Post-Monsoon,10.155556,78.369167,Original,356.0,650,7.4,0.41,1.0,60,14.58,60.0,4.0,60,12,0.5417611,229.4457,210,1.802244,0.0,37.78988,52.13,Good,1.8,-0.42,39.26,S1 (Low),C2 (Medium),C2-S1,Safe (<1.25),Good to Permissible,Excellent,Safe (<1.0 mg/L),Natural Background (<10 mg/L),Within Drinking Norms,Permissible / Marginal
21020D,Madurai,Melur,Pallapatti,2007-01-08,2007,1,Post-Monsoon,10.247222,78.386111,Original,807.0,1480,7.0,0.35,4.0,72,87.48,115.0,3.0,160,43,0.0,616.1,540,2.15344,0.0,31.51869,103.53,Poor,2.15,-0.7,31.99,S1 (Low),C3 (High),C3-S1,Safe (<1.25),Permissible to Doubtful,Good / Permissible,Safe (<1.0 mg/L),Natural Background (<10 mg/L),Within Drinking Norms,Permissible / Marginal
21021D,Madurai,Melur,Athipatti,2007-01-08,2007,1,Post-Monsoon,10.086111,78.391667,Original,1811.0,3240,6.5,0.24,19.0,176,116.64,322.0,4.0,879,96,0.0,268.4,920,4.620055,0.0,43.10949,200.52,Very Poor,4.62,-13.98,43.41,S1 (Low),C4 (Very High),C4-S1,Safe (<1.25),Unsuitable,Unsuitable,Safe (<1.0 mg/L),Acceptable (10-45 mg/L),Within Drinking Norms,Unsafe for Drinking
21022D,Madurai,Melur,Pulipatti,2007-01-08,2007,1,Post-Monsoon,10.086111,78.291667,Original,220.0,390,7.0,0.21,2.0,40,4.86,32.0,3.0,25,14,0.1408629,149.8541,120,1.271672,0.06487363,36.01558,26.99,Excellent,1.27,0.06,37.99,S1 (Low),C2 (Medium),C2-S1,Safe (<1.25),Good to Permissible,Excellent,Safe (<1.0 mg/L),Natural Background (<10 mg/L),Within Drinking Norms,Safe Drinking Water
21023D,Madurai,Melur,Uranganpatti,2007-01-08,2007,1,Post-Monsoon,9.998333,78.43,Original,427.0,780,7.0,0.33,2.0,60,44.955,41.0,3.0,46,12,0.3239908,344.671,335,0.9748446,0.0,20.8495,57.93,Good,0.97,-1.03,21.74,S1 (Low),C3 (High),C3-S1,Safe (<1.25),Permissible to Doubtful,Good / Permissible,Safe (<1.0 mg/L),Natural Background (<10 mg/L),Within Drinking Norms,Permissible / Marginal
21024D,Madurai,Melur,Thiruvadur,2007-01-08,2007,1,Post-Monsoon,9.956944,78.319444,Original,550.0,1000,7.0,0.2,3.0,80,25.515,92.0,6.0,71,63,0.0,402.6,305,2.292917,0.5071523,39.05231,66.71,Good,2.29,0.51,40.54,S1 (Low),C3 (High),C3-S1,Safe (<1.25),Permissible to Doubtful,Good / Permissible,Safe (<1.0 mg/L),Natural Background (<10 mg/L),Within Drinking Norms,Permissible / Marginal
21025D,Madurai,Madurai North,Varichiyur,2007-01-08,2007,1,Post-Monsoon,9.908889,78.256111,Original,869.0,1530,8.5,0.54,20.0,116,51.03,120.0,6.0,213,91,24.0,317.2,500,2.335709,0.0,33.97958,130.76,Poor,2.33,-3.99,34.97,S1 (Low),C3 (High),C3-S1,Safe (<1.25),Permissible to Doubtful,Good / Permissible,Safe (<1.0 mg/L),Acceptable (10-45 mg/L),Within Drinking Norms,Permissible / Marginal
21026D,Madurai,Vadipatti,Senthamangalam,2007-01-04,2007,1,Post-Monsoon,10.138333,78.141111,Original,690.0,1260,8.2,0.37,13.0,80,58.32,83.0,16.0,106,53,0.0,475.8,440,1.72198,0.0,28.18134,113.84,Poor,1.72,-0.99,31.37,S1 (Low),C3 (High),C3-S1,Safe (<1.25),Permissible to Doubtful,Good / Permissible,Safe (<1.0 mg/L),Acceptable (10-45 mg/L),Within Drinking Norms,Permissible / Marginal
21027D,Madurai,Vadipatti,Thiruvedagam,2007-01-04,2007,1,Post-Monsoon,10.019444,77.972222,Original,97.3,170,8.2,0.18,2.0,20,7.29,3.0,3.0,7,17,0.8061981,54.11456,80,0.1459874,0.0,7.228699,36.57,Excellent,0.15,-0.68,11.48,S1 (Low),C1 (Low),C1-S1,Safe (<1.25),Excellent to Good,Excellent,Safe (<1.0 mg/L),Natural Background (<10 mg/L),Within Drinking Norms,Safe Drinking Water
21028D,Madurai,Usilampatti,Veppanuthu,2007-01-10,2007,1,Post-Monsoon,9.897222,77.841667,Original,1100.0,1960,7.4,0.79,10.0,80,85.05,207.0,6.0,390,58,0.0,457.5,550,3.840892,0.0,44.68832,136.31,Poor,3.84,-3.49,45.44,S1 (Low),C3 (High),C3-S1,Safe (<1.25),Permissible to Doubtful,Good / Permissible,Safe (<1.0 mg/L),Acceptable (10-45 mg/L),Within Drinking Norms,Permissible / Marginal
21029D,Madurai,Usilampatti,Vikramangalam,2007-01-09,2007,1,Post-Monsoon,10.021667,77.886667,Original,2108.0,3400,8.5,0.7,12.0,240,27.945,446.0,31.0,638,442,60.0,335.5,715,7.261054,0.0,56.28129,238.92,Very Poor,7.26,-6.78,58.57,S1 (Low),C4 (Very High),C4-S1,Safe (<1.25),Unsuitable,Unsuitable,Safe (<1.0 mg/L),Acceptable (10-45 mg/L),Within Drinking Norms,Unsafe for Drinking
21030D,Madurai,Peraiyur,Kunnathur,2007-01-10,2007,1,Post-Monsoon,9.746944,77.889444,Original,293.0,510,7.2,0.73,1.0,30,17.01,64.0,2.0,28,24,0.2975048,199.6946,145,2.313106,0.3863015,48.56786,43.74,Excellent,2.31,0.39,49.45,S1 (Low),C2 (Medium),C2-S1,Safe (<1.25),Permissible to Doubtful,Good / Permissible,Safe (<1.0 mg/L),Natural Background (<10 mg/L),Within Drinking Norms,Safe Drinking Water
21031D,Madurai,Usilampatti,Uthappanaickanur,2007-01-09,2007,1,Post-Monsoon,10.035556,77.791111,Original,921.0,1570,8.4,0.39,17.0,72,44.955,184.0,15.0,241,134,48.0,213.5,365,4.191428,0.0,51.04432,125.49,Poor,4.19,-2.19,53.48,S1 (Low),C3 (High),C3-S1,Safe (<1.25),Permissible to Doubtful,Good / Permissible,Safe (<1.0 mg/L),Acceptable (10-45 mg/L),Within Drinking Norms,Permissible / Marginal
21032D,Madurai,Usilampatti,Doddappanaickanur,2007-01-09,2007,1,Post-Monsoon,9.971111,77.736111,Original,1375.0,2270,8.2,0.44,22.0,112,55.89,290.0,29.0,355,163,0.0,549.0,510,5.588871,0.0,53.5765,173.15,Poor,5.59,-1.19,56.72,S1 (Low),C4 (Very High),C4-S1,Safe (<1.25),Doubtful to Unsuitable,Marginal / Moderate,Safe (<1.0 mg/L),Acceptable (10-45 mg/L),Within Drinking Norms,Permissible / Marginal
21033D,Madurai,Usilampatti,Usilampatti,2007-01-09,2007,1,Post-Monsoon,9.959722,77.791667,Original,1893.0,2880,8.2,0.86,95.0,116,74.115,414.0,7.0,383,230,0.0,494.1,595,7.386359,0.0,59.87739,218.56,Very Poor,7.38,-3.79,60.46,S1 (Low),C4 (Very High),C4-S1,Safe (<1.25),Doubtful to Unsuitable,Marginal / Moderate,Safe (<1.0 mg/L),Anthropogenic High (45-100 mg/L),Agricultural Fertilizer Runoff,Unsafe for Drinking
83004A,Madurai,Thirumangalam,Kallikudi,2007-01-10,2007,1,Post-Monsoon,9.7025,77.943333,Original,2663.0,4180,8.5,0.48,98.0,232,116.64,472.0,35.0,716,490,30.0,274.5,1060,6.309567,0.0,48.19215,308.34,Unsuitable,6.31,-15.68,50.28,S1 (Low),C4 (Very High),C4-S1,Safe (<1.25),Unsuitable,Unsuitable,Safe (<1.0 mg/L),Anthropogenic High (45-100 mg/L),Urban Domestic / Septic Leaching,Unsafe for Drinking
83005,Madurai,Madurai South,Thiruparankundram,2007-01-10,2007,1,Post-Monsoon,9.879167,78.114444,Original,1481.0,2520,8.6,0.59,14.0,72,63.18,391.0,6.0,404,230,72.0,359.9,440,8.111668,0.0,65.53182,175.61,Poor,8.11,-0.49,66.11,S1 (Low),C4 (Very High),C4-S1,Safe (<1.25),Doubtful to Unsuitable,Marginal / Moderate,Safe (<1.0 mg/L),Acceptable (10-45 mg/L),Within Drinking Norms,Unsafe for Drinking
83013,Madurai,Usilampatti,Usilamaptti,2007-01-09,2007,1,Post-Monsoon,9.966111,77.7925,Original,482.0,880,8.2,0.54,3.0,40,41.31,83.0,9.0,117,17,3.88885,261.0319,270,2.198071,0.0,39.08942,83.81,Good,2.2,-0.99,41.57,S1 (Low),C3 (High),C3-S1,Safe (<1.25),Permissible to Doubtful,Good / Permissible,Safe (<1.0 mg/L),Natural Background (<10 mg/L),Within Drinking Norms,Permissible / Marginal
83016A,Madurai,Melur,Chittampatti,2007-01-08,2007,1,Post-Monsoon,9.988056,78.243056,Original,834.0,1420,8.2,0.66,11.0,52,70.47,138.0,20.0,126,156,0.0,445.3,420,2.930067,0.0,40.26451,128.73,Poor,2.93,-1.1,43.68,S1 (Low),C3 (High),C3-S1,Safe (<1.25),Permissible to Doubtful,Good / Permissible,Safe (<1.0 mg/L),Acceptable (10-45 mg/L),Within Drinking Norms,Permissible / Marginal
83048,Madurai,Thirumangalam,Puliankulam (M),2007-01-10,2007,1,Post-Monsoon,9.651667,77.909167,Original,579.0,1050,8.2,0.37,4.0,42,47.385,120.0,7.0,135,5,0.0,414.8,300,3.014801,0.803893,45.81118,93.0,Good,3.01,0.8,47.37,S1 (Low),C3 (High),C3-S1,Safe (<1.25),Permissible to Doubtful,Good / Permissible,Safe (<1.0 mg/L),Natural Background (<10 mg/L),Within Drinking Norms,Permissible / Marginal
83049,Madurai,Thirumangalam,Peikulam,2007-01-10,2007,1,Post-Monsoon,9.645556,77.990278,Original,503.0,870,8.2,0.13,9.0,48,19.44,106.0,11.0,78,56,0.0,292.8,200,3.262277,0.8042508,51.88068,79.06,Good,3.26,0.8,55.04,S1 (Low),C3 (High),C3-S1,Safe (<1.25),Permissible to Doubtful,Good / Permissible,Safe (<1.0 mg/L),Natural Background (<10 mg/L),Within Drinking Norms,Permissible / Marginal
83051,Madurai,Peraiyur,Karaikeni,2007-01-10,2007,1,Post-Monsoon,9.708333,77.968333,Original,307.0,560,7.8,0.66,1.0,60,27.945,18.0,4.0,25,16,1.473822,248.4946,265,0.4812458,0.0,12.67104,62.04,Good,0.48,-1.17,14.32,S1 (Low),C2 (Medium),C2-S1,Safe (<1.25),Good to Permissible,Excellent,Safe (<1.0 mg/L),Natural Background (<10 mg/L),Within Drinking Norms,Permissible / Marginal
83052,Madurai,Peraiyur,Saptur,2007-01-09,2007,1,Post-Monsoon,9.756389,77.741389,Original,746.0,1360,8.0,0.39,2.0,66,43.74,152.0,16.0,121,57,0.0,561.2,345,3.561387,2.305792,47.51831,109.28,Poor,3.56,2.3,50.45,S1 (Low),C3 (High),C3-S1,Marginal (1.25-2.5),Permissible to Doubtful,Marginal / Moderate,Safe (<1.0 mg/L),Natural Background (<10 mg/L),Within Drinking Norms,Permissible / Marginal
83059,Madurai,Thirumangalam,Sengapadai,2007-01-08,2007,1,Post-Monsoon,9.781944,77.95,Original,1365.0,2400,8.1,0.69,32.0,120,121.5,189.0,7.0,447,134,0.0,414.8,800,2.907797,0.0,33.71124,183.78,Poor,2.91,-9.19,34.43,S1 (Low),C4 (Very High),C4-S1,Safe (<1.25),Doubtful to Unsuitable,Marginal / Moderate,Safe (<1.0 mg/L),Acceptable (10-45 mg/L),Within Drinking Norms,Unsafe for Drinking
83062A,Madurai,Thirumangalam,Kappalur,2007-01-10,2007,1,Post-Monsoon,9.840278,78.016667,Original,2054.0,3570,7.8,0.37,23.0,216,179.82,225.0,21.0,744,422,0.0,286.7,1280,2.736793,0.0,27.26129,255.78,Very Poor,2.74,-20.88,28.75,S1 (Low),C4 (Very High),C4-S1,Safe (<1.25),Unsuitable,Unsuitable,Safe (<1.0 mg/L),Acceptable (10-45 mg/L),Within Drinking Norms,Unsafe for Drinking
83064,Madurai,Peraiyur,Thirumanickam,2007-01-09,2007,1,Post-Monsoon,9.848889,77.752222,Original,1222.0,2100,7.8,0.34,10.0,148,72.9,198.0,9.0,355,139,0.0,512.4,670,3.329202,0.0,38.74723,154.0,Poor,3.33,-4.99,39.77,S1 (Low),C3 (High),C3-S1,Safe (<1.25),Doubtful to Unsuitable,Good / Permissible,Safe (<1.0 mg/L),Acceptable (10-45 mg/L),Within Drinking Norms,Unsafe for Drinking
83082,Madurai,Usilampatti,Uthappanaickanur,2007-01-09,2007,1,Post-Monsoon,10.033333,77.787778,Original,796.0,1440,7.6,0.7,11.0,90,81.405,69.0,15.0,177,108,0.0,414.8,560,1.268855,0.0,20.59223,120.68,Poor,1.27,-4.39,23.22,S1 (Low),C3 (High),C3-S1,Safe (<1.25),Permissible to Doubtful,Good / Permissible,Safe (<1.0 mg/L),Acceptable (10-45 mg/L),Within Drinking Norms,Permissible / Marginal
83095,Madurai,Melur,Pulipatti,2007-01-08,2007,1,Post-Monsoon,10.084444,78.288889,Original,1740.0,3130,8.2,0.56,1.0,88,136.08,368.0,2.0,851,202,0.0,176.9,780,5.733418,0.0,50.57918,204.45,Very Poor,5.73,-12.69,50.73,S1 (Low),C4 (Very High),C4-S1,Safe (<1.25),Unsuitable,Unsuitable,Safe (<1.0 mg/L),Natural Background (<10 mg/L),Within Drinking Norms,Unsafe for Drinking
83099,Madurai,Madurai North,Kadavur,2007-01-04,2007,1,Post-Monsoon,10.075,78.175,Original,427.0,780,8.0,0.36,2.0,24,59.535,55.0,7.0,60,36,2.700149,287.2498,305,1.370233,0.0,27.59959,76.89,Good,1.37,-1.3,29.65,S1 (Low),C3 (High),C3-S1,Safe (<1.25),Permissible to Doubtful,Good / Permissible,Safe (<1.0 mg/L),Natural Background (<10 mg/L),Within Drinking Norms,Permissible / Marginal
83014B,Madurai,Vadipatti,Mullipallam,2007-01-04,2007,1,Post-Monsoon,10.019444,77.950556,Original,92.1,160,8.2,0.06,1.0,20,2.43,10.0,2.0,28,3,0.5126122,34.40814,60,0.5620049,0.0,25.82697,32.63,Excellent,0.56,-0.62,28.86,S1 (Low),C1 (Low),C1-S1,Safe (<1.25),Good to Permissible,Excellent,Safe (<1.0 mg/L),Natural Background (<10 mg/L),Within Drinking Norms,Safe Drinking Water
21001D,Madurai,Madurai South,Thiruparankundram,2007-07-05,2007,7,Pre-Monsoon,9.877778,78.097222,Original,1248.0,2270,7.5,0.8,4.0,76,60.75,322.0,4.0,390,87,0.0,579.5,440,6.680326,0.7069892,61.16174,143.89,Poor,6.68,0.7,61.6,S1 (Low),C4 (Very High),C4-S1,Safe (<1.25),Doubtful to Unsuitable,Marginal / Moderate,Safe (<1.0 mg/L),Natural Background (<10 mg/L),Within Drinking Norms,Permissible / Marginal
21002D,Madurai,Thirumangalam,Chokkanathapuram,2007-07-04,2007,7,Pre-Monsoon,9.945556,77.975556,Original,600.0,1040,8.0,0.41,11.0,76,53.46,64.0,4.0,174,30,0.0,305.0,410,1.375523,0.0,25.12939,94.72,Good,1.37,-3.19,26.04,S1 (Low),C3 (High),C3-S1,Safe (<1.25),Permissible to Doubtful,Good / Permissible,Safe (<1.0 mg/L),Acceptable (10-45 mg/L),Within Drinking Norms,Permissible / Marginal
21003D,Madurai,Peraiyur,Chinnakattalai,2007-07-04,2007,7,Pre-Monsoon,9.845556,77.796667,Original,1183.0,2000,7.8,0.8,13.0,144,36.45,244.0,8.0,312,115,0.0,530.7,510,4.702985,0.0,50.531,146.27,Poor,4.7,-1.49,51.49,S1 (Low),C3 (High),C3-S1,Safe (<1.25),Doubtful to Unsuitable,Good / Permissible,Safe (<1.0 mg/L),Acceptable (10-45 mg/L),Within Drinking Norms,Permissible / Marginal
21004D,Madurai,Thirumangalam,Chinna Ulagani,2007-07-05,2007,7,Pre-Monsoon,9.773611,78.052222,Original,664.0,1170,8.2,0.66,5.0,48,31.59,161.0,2.0,227,23,0.0,292.8,250,4.431407,0.0,58.12105,95.56,Good,4.43,-0.2,58.53,S1 (Low),C3 (High),C3-S1,Safe (<1.25),Permissible to Doubtful,Good / Permissible,Safe (<1.0 mg/L),Natural Background (<10 mg/L),Within Drinking Norms,Permissible / Marginal
21005D,Madurai,Madurai South,Eliyarpatti,2007-07-05,2007,7,Pre-Monsoon,9.794444,78.090278,Original,718.0,1250,7.3,0.48,32.0,122,47.385,53.0,2.0,188,19,0.0,286.7,500,1.031631,0.0,18.67581,96.45,Good,1.03,-5.29,19.08,S1 (Low),C3 (High),C3-S1,Safe (<1.25),Permissible to Doubtful,Good / Permissible,Safe (<1.0 mg/L),Acceptable (10-45 mg/L),Within Drinking Norms,Permissible / Marginal
21006D,Madurai,Peraiyur,Elumalai RF,2007-07-04,2007,7,Pre-Monsoon,9.861111,77.7,Original,612.0,1040,8.2,0.85,21.0,66,66.825,46.0,8.0,99,27,0.0,414.8,440,0.9542864,0.0,18.19301,110.04,Poor,0.95,-2.0,20.05,S1 (Low),C3 (High),C3-S1,Safe (<1.25),Permissible to Doubtful,Good / Permissible,Safe (<1.0 mg/L),Acceptable (10-45 mg/L),Within Drinking Norms,Permissible / Marginal
21007D,Madurai,Thirumangalam,Kallikudi,2007-07-05,2007,7,Pre-Monsoon,9.693889,77.971111,Original,1709.0,3000,7.9,0.5,24.0,216,218.7,60.0,3.0,695,288,0.0,250.1,1440,0.6880456,0.0,8.29515,235.49,Very Poor,0.69,-24.68,8.53,S1 (Low),C4 (Very High),C4-S1,Safe (<1.25),Unsuitable,Marginal / Moderate,Safe (<1.0 mg/L),Acceptable (10-45 mg/L),Within Drinking Norms,Unsafe for Drinking
21008D,Madurai,Madurai South,Melamathur,2007-07-03,2007,7,Pre-Monsoon,9.968056,78.007778,Original,646.0,1180,8.1,0.52,18.0,62,57.105,76.0,24.0,121,23,0.0,402.6,390,1.674699,0.0,28.22393,109.92,Poor,1.67,-1.2,33.45,S1 (Low),C3 (High),C3-S1,Safe (<1.25),Permissible to Doubtful,Good / Permissible,Safe (<1.0 mg/L),Acceptable (10-45 mg/L),Within Drinking Norms,Permissible / Marginal
21009D,Madurai,Thirumangalam,Kappalur,2007-07-05,2007,7,Pre-Monsoon,9.843056,78.018611,Original,1140.0,1990,7.5,0.2,38.0,168,91.125,101.0,5.0,355,55,0.0,396.5,795,1.558983,0.0,21.53169,147.33,Poor,1.56,-9.39,22.15,S1 (Low),C3 (High),C3-S1,Safe (<1.25),Permissible to Doubtful,Good / Permissible,Safe (<1.0 mg/L),Acceptable (10-45 mg/L),Within Drinking Norms,Unsafe for Drinking
21010D,Madurai,Madurai North,Karupayoorani,2007-07-02,2007,7,Pre-Monsoon,9.931944,78.177778,Original,1078.0,1830,8.2,0.29,6.0,64,17.01,299.0,29.0,447,79,0.0,231.8,230,8.58168,0.0,70.91039,128.13,Poor,8.58,-0.79,74.95,S1 (Low),C3 (High),C3-S1,Safe (<1.25),Doubtful to Unsuitable,Marginal / Moderate,Safe (<1.0 mg/L),Natural Background (<10 mg/L),Within Drinking Norms,Permissible / Marginal
21011D,Madurai,Peraiyur,Mallapuram,2007-07-04,2007,7,Pre-Monsoon,9.805556,77.668333,Original,1115.0,1950,7.5,0.62,31.0,120,121.5,87.0,11.0,333,91,0.0,427.0,800,1.33851,0.0,18.87218,154.66,Poor,1.34,-8.99,20.27,S1 (Low),C3 (High),C3-S1,Safe (<1.25),Permissible to Doubtful,Good / Permissible,Safe (<1.0 mg/L),Acceptable (10-45 mg/L),Within Drinking Norms,Unsafe for Drinking
21012D,Madurai,Thirumangalam,Kurayur,2007-07-05,2007,7,Pre-Monsoon,9.694444,78.025,Original,756.0,1350,8.1,0.57,11.0,48,34.02,184.0,2.0,131,52,0.0,512.4,260,4.96604,3.204026,60.40608,104.63,Poor,4.96,3.2,60.78,S1 (Low),C3 (High),C3-S1,Unsuitable (>2.5),Doubtful to Unsuitable,Unsuitable,Safe (<1.0 mg/L),Acceptable (10-45 mg/L),Within Drinking Norms,Permissible / Marginal
21013D,Madurai,Vadipatti,Manianji,2007-07-03,2007,7,Pre-Monsoon,10.004167,78.1025,Original,525.0,950,8.2,0.34,6.0,40,30.375,115.0,4.0,50,43,0.0,433.1,225,3.336409,2.603376,52.10526,84.28,Good,3.33,2.6,53.16,S1 (Low),C3 (High),C3-S1,Unsuitable (>2.5),Permissible to Doubtful,Unsuitable,Safe (<1.0 mg/L),Natural Background (<10 mg/L),Within Drinking Norms,Permissible / Marginal
21014D,Madurai,Madurai South,Kilakuilkudi,2007-07-04,2007,7,Pre-Monsoon,9.928333,78.055,Original,546.0,1000,6.8,0.23,4.0,64,55.89,69.0,7.0,82,18,0.0,463.6,390,1.520467,0.0,27.35109,76.7,Good,1.52,-0.2,28.97,S1 (Low),C3 (High),C3-S1,Safe (<1.25),Permissible to Doubtful,Good / Permissible,Safe (<1.0 mg/L),Natural Background (<10 mg/L),Within Drinking Norms,Permissible / Marginal
21015D,Madurai,Peraiyur,Peraiyur,2007-07-04,2007,7,Pre-Monsoon,9.74,77.793333,Original,481.0,840,7.4,0.52,10.0,66,40.095,53.0,2.0,78,30,0.6477637,274.3397,330,1.269732,0.0,25.75952,70.27,Good,1.27,-2.08,26.32,S1 (Low),C3 (High),C3-S1,Safe (<1.25),Permissible to Doubtful,Good / Permissible,Safe (<1.0 mg/L),Acceptable (10-45 mg/L),Within Drinking Norms,Permissible / Marginal
21016D,Madurai,Peraiyur,Subbulapuram,2007-07-05,2007,7,Pre-Monsoon,9.675556,77.809444,Original,270.0,480,7.7,0.24,8.0,42,23.085,20.0,3.0,28,13,0.7970239,169.1779,200,0.6154848,0.0,17.60212,49.08,Excellent,0.62,-1.2,19.15,S1 (Low),C2 (Medium),C2-S1,Safe (<1.25),Good to Permissible,Excellent,Safe (<1.0 mg/L),Natural Background (<10 mg/L),Within Drinking Norms,Safe Drinking Water
21017D,Madurai,Thirumangalam,Thangalacheri,2007-07-05,2007,7,Pre-Monsoon,9.836111,77.868889,Original,1839.0,3140,8.0,0.15,47.0,200,160.38,189.0,23.0,666,182,0.0,420.9,1160,2.414908,0.0,25.70069,235.58,Very Poor,2.41,-16.28,27.53,S1 (Low),C4 (Very High),C4-S1,Safe (<1.25),Unsuitable,Unsuitable,Safe (<1.0 mg/L),Anthropogenic High (45-100 mg/L),Urban Domestic / Septic Leaching,Unsafe for Drinking
21018D,Madurai,Thirumangalam,Peikulam,2007-07-05,2007,7,Pre-Monsoon,9.645833,77.991111,Original,801.0,1360,7.7,0.15,21.0,64,53.46,138.0,16.0,170,79,0.0,378.2,380,3.080714,0.0,42.86111,106.5,Poor,3.08,-1.4,45.77,S1 (Low),C3 (High),C3-S1,Safe (<1.25),Permissible to Doubtful,Good / Permissible,Safe (<1.0 mg/L),Acceptable (10-45 mg/L),Within Drinking Norms,Permissible / Marginal
21019D,Madurai,Melur,Karungalakudi,2007-07-02,2007,7,Pre-Monsoon,10.155556,78.369167,Original,300.0,540,8.2,0.71,2.0,58,8.505,46.0,2.0,39,8,3.081489,206.8393,180,1.492544,0.0,35.43653,62.8,Good,1.49,-0.1,36.33,S1 (Low),C2 (Medium),C2-S1,Safe (<1.25),Good to Permissible,Excellent,Safe (<1.0 mg/L),Natural Background (<10 mg/L),Within Drinking Norms,Safe Drinking Water
21020D,Madurai,Melur,Pallapatti,2007-07-02,2007,7,Pre-Monsoon,10.247222,78.386111,Original,431.0,790,8.2,0.38,4.0,52,58.32,28.0,2.0,60,14,4.769608,320.1512,370,0.6334257,0.0,14.05873,82.18,Good,0.63,-1.99,14.64,S1 (Low),C3 (High),C3-S1,Safe (<1.25),Permissible to Doubtful,Good / Permissible,Safe (<1.0 mg/L),Natural Background (<10 mg/L),Within Drinking Norms,Permissible / Marginal
21021D,Madurai,Melur,Athipatti,2007-07-02,2007,7,Pre-Monsoon,10.086111,78.391667,Original,1034.0,1880,7.7,0.24,8.0,92,60.75,207.0,2.0,390,58,0.0,378.2,480,4.111831,0.0,48.29071,123.75,Poor,4.11,-3.39,48.55,S1 (Low),C3 (High),C3-S1,Safe (<1.25),Permissible to Doubtful,Good / Permissible,Safe (<1.0 mg/L),Natural Background (<10 mg/L),Within Drinking Norms,Permissible / Marginal
21022D,Madurai,Melur,Pulipatti,2007-07-02,2007,7,Pre-Monsoon,10.086111,78.291667,Original,258.0,460,8.2,0.18,3.0,46,7.29,39.0,4.0,46,10,2.200731,147.72,145,1.409878,0.0,36.13811,52.39,Good,1.41,-0.4,38.31,S1 (Low),C2 (Medium),C2-S1,Safe (<1.25),Good to Permissible,Excellent,Safe (<1.0 mg/L),Natural Background (<10 mg/L),Within Drinking Norms,Safe Drinking Water
21023D,Madurai,Melur,Uranganpatti,2007-07-02,2007,7,Pre-Monsoon,9.998333,78.43,Original,300.0,550,8.2,0.25,3.0,60,18.225,32.0,2.0,46,20,2.64111,177.2796,225,0.9285668,0.0,23.44456,60.56,Good,0.93,-1.5,24.3,S1 (Low),C2 (Medium),C2-S1,Safe (<1.25),Good to Permissible,Excellent,Safe (<1.0 mg/L),Natural Background (<10 mg/L),Within Drinking Norms,Permissible / Marginal
21024D,Madurai,Melur,Thiruvadur,2007-07-02,2007,7,Pre-Monsoon,9.956944,78.319444,Original,470.0,850,7.6,0.28,4.0,54,30.375,74.0,7.0,85,48,0.9506307,254.0295,260,1.997309,0.0,37.46201,68.05,Good,2.0,-1.0,39.53,S1 (Low),C3 (High),C3-S1,Safe (<1.25),Permissible to Doubtful,Good / Permissible,Safe (<1.0 mg/L),Natural Background (<10 mg/L),Within Drinking Norms,Permissible / Marginal
21025D,Madurai,Madurai North,Varichiyur,2007-07-02,2007,7,Pre-Monsoon,9.908889,78.256111,Original,940.0,1550,7.5,0.6,16.0,84,6.075,258.0,7.0,262,40,0.0,420.9,235,7.326957,2.207163,69.73301,103.93,Poor,7.32,2.21,70.84,S1 (Low),C3 (High),C3-S1,Marginal (1.25-2.5),Doubtful to Unsuitable,Marginal / Moderate,Safe (<1.0 mg/L),Acceptable (10-45 mg/L),Within Drinking Norms,Permissible / Marginal
21026D,Madurai,Vadipatti,Senthamangalam,2007-07-03,2007,7,Pre-Monsoon,10.138333,78.141111,Original,690.0,1220,7.3,0.31,14.0,80,42.525,117.0,3.0,92,31,0.0,524.6,375,2.629515,1.107177,40.20666,88.74,Good,2.63,1.11,40.8,S1 (Low),C3 (High),C3-S1,Safe (<1.25),Permissible to Doubtful,Good / Permissible,Safe (<1.0 mg/L),Acceptable (10-45 mg/L),Within Drinking Norms,Permissible / Marginal
21027D,Madurai,Vadipatti,Thiruvedagam,2007-07-03,2007,7,Pre-Monsoon,10.019444,77.972222,Original,635.0,1140,7.8,0.23,4.0,36,68.04,101.0,16.0,131,35,0.0,463.6,370,2.284648,0.203569,36.01643,96.94,Good,2.28,0.2,39.36,S1 (Low),C3 (High),C3-S1,Safe (<1.25),Permissible to Doubtful,Good / Permissible,Safe (<1.0 mg/L),Natural Background (<10 mg/L),Within Drinking Norms,Permissible / Marginal
21028D,Madurai,Usilampatti,Veppanuthu,2007-07-05,2007,7,Pre-Monsoon,9.897222,77.841667,Original,1095.0,2000,8.0,0.54,9.0,40,106.92,207.0,11.0,362,59,0.0,536.8,540,3.875707,0.0,44.8412,148.16,Poor,3.87,-2.0,46.23,S1 (Low),C3 (High),C3-S1,Safe (<1.25),Doubtful to Unsuitable,Good / Permissible,Safe (<1.0 mg/L),Natural Background (<10 mg/L),Within Drinking Norms,Permissible / Marginal
21029D,Madurai,Usilampatti,Vikramangalam,2007-07-04,2007,7,Pre-Monsoon,10.021667,77.886667,Original,2079.0,3580,8.0,0.28,19.0,288,82.62,322.0,57.0,752,185,0.0,616.1,1060,4.304889,0.0,38.23139,255.8,Very Poor,4.3,-11.07,42.2,S1 (Low),C4 (Very High),C4-S1,Safe (<1.25),Unsuitable,Unsuitable,Safe (<1.0 mg/L),Acceptable (10-45 mg/L),Within Drinking Norms,Unsafe for Drinking
21030D,Madurai,Peraiyur,Kunnathur,2007-07-05,2007,7,Pre-Monsoon,9.746944,77.889444,Original,330.0,590,7.7,0.5,5.0,42,21.87,48.0,3.0,28,18,1.125259,238.8497,195,1.495999,0.05691645,34.45203,56.57,Good,1.5,0.06,35.71,S1 (Low),C2 (Medium),C2-S1,Safe (<1.25),Good to Permissible,Excellent,Safe (<1.0 mg/L),Natural Background (<10 mg/L),Within Drinking Norms,Safe Drinking Water
21031D,Madurai,Usilampatti,Uthappanaickanur,2007-07-04,2007,7,Pre-Monsoon,10.035556,77.791111,Original,2056.0,3640,7.8,0.29,33.0,136,213.84,253.0,74.0,851,91,0.0,579.5,1220,3.151755,0.0,29.51871,273.24,Very Poor,3.15,-14.89,34.58,S1 (Low),C4 (Very High),C4-S1,Safe (<1.25),Unsuitable,Unsuitable,Safe (<1.0 mg/L),Acceptable (10-45 mg/L),Within Drinking Norms,Unsafe for Drinking
21032D,Madurai,Usilampatti,Doddappanaickanur,2007-07-04,2007,7,Pre-Monsoon,9.971111,77.736111,Original,1236.0,2200,8.2,0.33,14.0,80,111.78,189.0,38.0,390,113,0.0,506.3,660,3.201184,0.0,36.72816,174.93,Poor,3.2,-4.89,41.06,S1 (Low),C3 (High),C3-S1,Safe (<1.25),Doubtful to Unsuitable,Good / Permissible,Safe (<1.0 mg/L),Acceptable (10-45 mg/L),Within Drinking Norms,Unsafe for Drinking
21033D,Madurai,Usilampatti,Usilampatti,2007-07-04,2007,7,Pre-Monsoon,9.959722,77.791667,Original,1867.0,3020,8.1,0.47,95.0,104,170.1,276.0,9.0,496,192,0.0,396.5,960,3.875988,0.0,38.20581,234.01,Very Poor,3.87,-12.69,38.93,S1 (Low),C4 (Very High),C4-S1,Safe (<1.25),Unsuitable,Unsuitable,Safe (<1.0 mg/L),Anthropogenic High (45-100 mg/L),Agricultural Fertilizer Runoff,Unsafe for Drinking
83004A,Madurai,Thirumangalam,Kallikudi,2007-07-05,2007,7,Pre-Monsoon,9.7025,77.943333,Original,2673.0,4160,7.9,0.61,91.0,296,87.48,419.0,113.0,851,326,0.0,353.8,1100,5.498881,0.0,42.30015,323.79,Unsuitable,5.5,-16.17,49.0,S1 (Low),C4 (Very High),C4-S1,Safe (<1.25),Unsuitable,Unsuitable,Safe (<1.0 mg/L),Anthropogenic High (45-100 mg/L),Urban Domestic / Septic Leaching,Unsafe for Drinking
83005,Madurai,Madurai South,Thiruparankundram,2007-07-05,2007,7,Pre-Monsoon,9.879167,78.114444,Original,1558.0,2700,7.4,1.1,11.0,60,85.05,414.0,5.0,525,102,0.0,640.5,500,8.056289,0.5057521,64.01988,173.18,Poor,8.05,0.5,64.46,S1 (Low),C4 (Very High),C4-S1,Safe (<1.25),Doubtful to Unsuitable,Marginal / Moderate,Permissible (1.0-1.5 mg/L),Acceptable (10-45 mg/L),Within Drinking Norms,Permissible / Marginal
83013,Madurai,Usilampatti,Usilamaptti,2007-07-04,2007,7,Pre-Monsoon,9.966111,77.7925,Original,548.0,1000,6.7,0.82,3.0,54,48.6,92.0,9.0,142,14,0.0,347.7,335,2.187373,0.0,36.62609,81.09,Good,2.19,-1.0,38.72,S1 (Low),C3 (High),C3-S1,Safe (<1.25),Permissible to Doubtful,Good / Permissible,Safe (<1.0 mg/L),Natural Background (<10 mg/L),Within Drinking Norms,Permissible / Marginal
83014B,Madurai,Vadipatti,Mullipallam,2007-07-03,2007,7,Pre-Monsoon,10.019444,77.950556,Original,449.0,820,7.3,0.19,2.0,50,34.02,81.0,4.0,50,31,0.5896728,314.4004,265,2.165433,0.0,39.49761,59.95,Good,2.16,-0.12,40.63,S1 (Low),C3 (High),C3-S1,Safe (<1.25),Permissible to Doubtful,Good / Permissible,Safe (<1.0 mg/L),Natural Background (<10 mg/L),Within Drinking Norms,Permissible / Marginal
83016A,Madurai,Melur,Chittampatti,2007-07-02,2007,7,Pre-Monsoon,9.988056,78.243056,Original,1552.0,2660,8.2,0.47,7.0,88,48.6,345.0,145.0,425,46,0.0,841.8,420,7.326497,5.407357,55.36267,222.3,Very Poor,7.32,5.4,69.04,S1 (Low),C4 (Very High),C4-S1,Unsuitable (>2.5),Doubtful to Unsuitable,Unsuitable,Safe (<1.0 mg/L),Natural Background (<10 mg/L),Within Drinking Norms,Permissible / Marginal
83048,Madurai,Thirumangalam,Puliankulam (M),2007-07-05,2007,7,Pre-Monsoon,9.651667,77.909167,Original,518.0,950,7.6,0.51,6.0,92,54.675,23.0,7.0,103,23,0.0,378.2,455,0.4692641,0.0,9.741579,86.77,Good,0.47,-2.89,11.48,S1 (Low),C3 (High),C3-S1,Safe (<1.25),Permissible to Doubtful,Good / Permissible,Safe (<1.0 mg/L),Natural Background (<10 mg/L),Within Drinking Norms,Permissible / Marginal
83049,Madurai,Thirumangalam,Peikulam,2007-07-05,2007,7,Pre-Monsoon,9.645556,77.990278,Original,454.0,800,7.8,0.38,8.0,90,18.225,46.0,10.0,71,24,1.532782,258.4357,300,1.156065,0.0,24.25962,73.28,Good,1.16,-1.7,27.35,S1 (Low),C3 (High),C3-S1,Safe (<1.25),Permissible to Doubtful,Good / Permissible,Safe (<1.0 mg/L),Natural Background (<10 mg/L),Within Drinking Norms,Permissible / Marginal
83051,Madurai,Peraiyur,Karaikeni,2007-07-05,2007,7,Pre-Monsoon,9.708333,77.968333,Original,612.0,1110,7.9,0.75,3.0,104,52.245,62.0,4.0,174,12,0.0,384.3,475,1.238099,0.0,21.94628,100.79,Poor,1.24,-3.19,22.77,S1 (Low),C3 (High),C3-S1,Safe (<1.25),Permissible to Doubtful,Good / Permissible,Safe (<1.0 mg/L),Natural Background (<10 mg/L),Within Drinking Norms,Permissible / Marginal
83062A,Madurai,Thirumangalam,Kappalur,2007-07-05,2007,7,Pre-Monsoon,9.840278,78.016667,Original,1949.0,3340,7.9,0.38,22.0,216,82.62,345.0,51.0,794,211,0.0,305.0,880,5.06189,0.0,44.28155,232.2,Very Poor,5.06,-12.58,48.12,S1 (Low),C4 (Very High),C4-S1,Safe (<1.25),Unsuitable,Unsuitable,Safe (<1.0 mg/L),Acceptable (10-45 mg/L),Within Drinking Norms,Unsafe for Drinking
83082,Madurai,Usilampatti,Uthappanaickanur,2007-07-04,2007,7,Pre-Monsoon,10.033333,77.787778,Original,880.0,1600,7.9,0.7,7.0,80,85.05,120.0,32.0,227,14,0.0,585.6,550,2.226604,0.0,30.65163,138.23,Poor,2.23,-1.4,35.45,S1 (Low),C3 (High),C3-S1,Safe (<1.25),Permissible to Doubtful,Good / Permissible,Safe (<1.0 mg/L),Natural Background (<10 mg/L),Within Drinking Norms,Permissible / Marginal
83095,Madurai,Melur,Pulipatti,2007-07-02,2007,7,Pre-Monsoon,10.084444,78.288889,Original,1698.0,3100,8.0,0.88,1.0,96,150.66,336.0,3.0,950,72,0.0,170.8,860,4.985423,0.0,45.84398,204.46,Very Poor,4.98,-14.39,46.07,S1 (Low),C4 (Very High),C4-S1,Safe (<1.25),Unsuitable,Unsuitable,Safe (<1.0 mg/L),Natural Background (<10 mg/L),Within Drinking Norms,Unsafe for Drinking
83099,Madurai,Madurai North,Kadavur,2007-07-03,2007,7,Pre-Monsoon,10.075,78.175,Original,458.0,840,7.5,0.67,4.0,70,51.03,32.0,6.0,64,23,0.9483471,319.0358,385,0.7097347,0.0,15.06754,76.73,Good,0.71,-2.43,16.72,S1 (Low),C3 (High),C3-S1,Safe (<1.25),Permissible to Doubtful,Good / Permissible,Safe (<1.0 mg/L),Natural Background (<10 mg/L),Within Drinking Norms,Permissible / Marginal
21001D,Madurai,Madurai South,Thiruparankundram,2008-01-02,2008,1,Post-Monsoon,9.877778,78.097222,Original,1267.0,2280,8.1,1.4,4.0,52,65.61,345.0,2.0,390,118,0.0,549.0,400,7.506162,1.004861,65.09981,160.3,Poor,7.5,1.0,65.31,S1 (Low),C4 (Very High),C4-S1,Safe (<1.25),Doubtful to Unsuitable,Marginal / Moderate,Permissible (1.0-1.5 mg/L),Natural Background (<10 mg/L),Within Drinking Norms,Permissible / Marginal
21002D,Madurai,Thirumangalam,Chokkanathapuram,2008-01-02,2008,1,Post-Monsoon,9.945556,77.975556,Original,635.0,1150,8.0,1.1,8.0,102,47.385,58.0,5.0,177,44,0.0,335.5,450,1.189979,0.0,21.67354,107.41,Poor,1.19,-3.49,22.76,S1 (Low),C3 (High),C3-S1,Safe (<1.25),Permissible to Doubtful,Good / Permissible,Permissible (1.0-1.5 mg/L),Natural Background (<10 mg/L),Within Drinking Norms,Permissible / Marginal
21003D,Madurai,Peraiyur,Chinnakattalai,2008-01-04,2008,1,Post-Monsoon,9.845556,77.796667,Original,1208.0,2190,7.6,0.93,2.0,64,99.63,248.0,4.0,319,144,0.0,640.5,570,4.519879,0.0,48.41316,154.0,Poor,4.52,-0.9,48.86,S1 (Low),C3 (High),C3-S1,Safe (<1.25),Doubtful to Unsuitable,Good / Permissible,Safe (<1.0 mg/L),Natural Background (<10 mg/L),Within Drinking Norms,Permissible / Marginal
21004D,Madurai,Thirumangalam,Chinna Ulagani,2008-01-02,2008,1,Post-Monsoon,9.773611,78.052222,Original,909.0,1640,7.9,1.2,15.0,64,75.33,156.0,4.0,305,55,0.0,366.0,470,3.131196,0.0,41.67921,130.55,Poor,3.13,-3.4,42.29,S1 (Low),C3 (High),C3-S1,Safe (<1.25),Permissible to Doubtful,Good / Permissible,Permissible (1.0-1.5 mg/L),Acceptable (10-45 mg/L),Within Drinking Norms,Permissible / Marginal
21005D,Madurai,Madurai South,Eliyarpatti,2008-01-02,2008,1,Post-Monsoon,9.794444,78.090278,Original,846.0,1450,7.7,0.79,41.0,144,42.525,83.0,2.0,216,15,0.0,323.3,535,1.561917,0.0,25.16399,118.76,Poor,1.56,-5.39,25.51,S1 (Low),C3 (High),C3-S1,Safe (<1.25),Permissible to Doubtful,Good / Permissible,Safe (<1.0 mg/L),Acceptable (10-45 mg/L),Within Drinking Norms,Permissible / Marginal
21006D,Madurai,Peraiyur,Elumalai RF,2008-01-04,2008,1,Post-Monsoon,9.861111,77.7,Original,574.0,1020,7.5,1.0,13.0,64,65.61,51.0,2.0,89,31,0.0,427.0,430,1.070242,0.0,20.42261,93.76,Good,1.07,-1.6,20.88,S1 (Low),C3 (High),C3-S1,Safe (<1.25),Permissible to Doubtful,Good / Permissible,Permissible (1.0-1.5 mg/L),Acceptable (10-45 mg/L),Within Drinking Norms,Permissible / Marginal
21007D,Madurai,Thirumangalam,Kallikudi,2008-01-02,2008,1,Post-Monsoon,9.693889,77.971111,Original,1791.0,3170,8.2,1.4,18.0,288,165.24,74.0,4.0,638,408,0.0,268.4,1400,0.8607284,0.0,10.28672,253.35,Very Poor,0.86,-23.57,10.61,S1 (Low),C4 (Very High),C4-S1,Safe (<1.25),Unsuitable,Unsuitable,Permissible (1.0-1.5 mg/L),Acceptable (10-45 mg/L),Within Drinking Norms,Unsafe for Drinking
21008D,Madurai,Madurai South,Melamathur,2008-01-05,2008,1,Post-Monsoon,9.968056,78.007778,Original,720.0,1240,7.7,1.1,16.0,74,44.955,120.0,12.0,117,81,0.0,402.6,370,2.715023,0.0,40.40381,108.86,Poor,2.71,-0.79,42.77,S1 (Low),C3 (High),C3-S1,Safe (<1.25),Permissible to Doubtful,Good / Permissible,Permissible (1.0-1.5 mg/L),Acceptable (10-45 mg/L),Within Drinking Norms,Permissible / Marginal
21009D,Madurai,Thirumangalam,Kappalur,2008-01-02,2008,1,Post-Monsoon,9.843056,78.018611,Original,1146.0,1950,7.4,0.54,47.0,116,89.91,143.0,5.0,383,58,0.0,286.7,660,2.422339,0.0,31.84022,142.73,Poor,2.42,-8.49,32.48,S1 (Low),C3 (High),C3-S1,Safe (<1.25),Permissible to Doubtful,Good / Permissible,Safe (<1.0 mg/L),Anthropogenic High (45-100 mg/L),Agricultural Fertilizer Runoff,Unsafe for Drinking
21010D,Madurai,Madurai North,Karupayoorani,2008-01-03,2008,1,Post-Monsoon,9.931944,78.177778,Original,1138.0,1980,7.2,0.55,5.0,60,36.45,313.0,13.0,447,110,0.0,274.5,300,7.864604,0.0,68.27534,118.17,Poor,7.86,-1.5,69.93,S1 (Low),C3 (High),C3-S1,Safe (<1.25),Doubtful to Unsuitable,Marginal / Moderate,Safe (<1.0 mg/L),Natural Background (<10 mg/L),Within Drinking Norms,Permissible / Marginal
21011D,Madurai,Peraiyur,Mallapuram,2008-01-04,2008,1,Post-Monsoon,9.805556,77.668333,Original,831.0,1450,7.4,1.2,18.0,88,52.245,129.0,22.0,142,67,0.0,506.3,435,2.691785,0.0,37.74854,121.04,Poor,2.69,-0.39,41.52,S1 (Low),C3 (High),C3-S1,Safe (<1.25),Permissible to Doubtful,Good / Permissible,Permissible (1.0-1.5 mg/L),Acceptable (10-45 mg/L),Within Drinking Norms,Permissible / Marginal
21012D,Madurai,Thirumangalam,Kurayur,2008-01-02,2008,1,Post-Monsoon,9.694444,78.025,Original,823.0,1410,7.7,1.5,10.0,48,31.59,214.0,2.0,124,103,0.0,512.4,250,5.890194,3.403985,64.8469,112.2,Poor,5.89,3.4,65.19,S1 (Low),C3 (High),C3-S1,Unsuitable (>2.5),Doubtful to Unsuitable,Unsuitable,Permissible (1.0-1.5 mg/L),Acceptable (10-45 mg/L),Within Drinking Norms,Permissible / Marginal
21013D,Madurai,Vadipatti,Manianji,2008-01-05,2008,1,Post-Monsoon,10.004167,78.1025,Original,505.0,920,7.5,0.87,5.0,50,40.095,83.0,4.0,64,36,0.0,414.8,290,2.121031,1.004528,37.97441,79.37,Good,2.12,1.0,39.04,S1 (Low),C3 (High),C3-S1,Safe (<1.25),Permissible to Doubtful,Good / Permissible,Safe (<1.0 mg/L),Natural Background (<10 mg/L),Within Drinking Norms,Permissible / Marginal
21014D,Madurai,Madurai South,Kilakuilkudi,2008-01-04,2008,1,Post-Monsoon,9.928333,78.055,Original,655.0,1200,7.2,0.81,1.0,100,59.535,64.0,6.0,160,29,0.0,463.6,495,1.251908,0.0,21.70331,95.4,Good,1.25,-2.29,22.89,S1 (Low),C3 (High),C3-S1,Safe (<1.25),Permissible to Doubtful,Good / Permissible,Safe (<1.0 mg/L),Natural Background (<10 mg/L),Within Drinking Norms,Permissible / Marginal
21015D,Madurai,Peraiyur,Peraiyur,2008-01-04,2008,1,Post-Monsoon,9.74,77.793333,Original,368.0,670,8.1,1.1,3.0,56,30.375,39.0,2.0,53,39,2.630753,222.3063,265,1.042666,0.0,24.09072,76.55,Good,1.04,-1.56,24.81,S1 (Low),C2 (Medium),C2-S1,Safe (<1.25),Good to Permissible,Excellent,Permissible (1.0-1.5 mg/L),Natural Background (<10 mg/L),Within Drinking Norms,Permissible / Marginal
21016D,Madurai,Peraiyur,Subbulapuram,2008-01-02,2008,1,Post-Monsoon,9.675556,77.809444,Original,257.0,470,7.5,0.57,0.5,48,21.87,19.0,2.0,21,19,0.607518,204.3767,210,0.5706415,0.0,16.29223,48.07,Excellent,0.57,-0.83,17.29,S1 (Low),C2 (Medium),C2-S1,Safe (<1.25),Good to Permissible,Excellent,Safe (<1.0 mg/L),Natural Background (<10 mg/L),Within Drinking Norms,Permissible / Marginal
21017D,Madurai,Thirumangalam,Thangalacheri,2008-01-02,2008,1,Post-Monsoon,9.836111,77.868889,Original,2152.0,3900,7.9,0.6,11.0,176,204.12,276.0,38.0,851,312,0.0,488.0,1280,3.356911,0.0,31.13649,275.93,Very Poor,3.36,-17.59,33.65,S1 (Low),C4 (Very High),C4-S1,Safe (<1.25),Unsuitable,Unsuitable,Safe (<1.0 mg/L),Acceptable (10-45 mg/L),Within Drinking Norms,Unsafe for Drinking
21018D,Madurai,Thirumangalam,Peikulam,2008-01-02,2008,1,Post-Monsoon,9.645833,77.991111,Original,811.0,1390,8.2,0.21,18.0,94,41.31,129.0,16.0,177,77,0.0,390.4,405,2.789876,0.0,39.76518,116.83,Poor,2.79,-1.69,42.65,S1 (Low),C3 (High),C3-S1,Safe (<1.25),Permissible to Doubtful,Good / Permissible,Safe (<1.0 mg/L),Acceptable (10-45 mg/L),Within Drinking Norms,Permissible / Marginal
21019D,Madurai,Melur,Karungalakudi,2008-01-03,2008,1,Post-Monsoon,10.155556,78.369167,Original,375.0,680,7.4,0.92,3.0,54,23.085,58.0,2.0,71,18,0.529983,224.4575,230,1.664521,0.0,35.19367,60.25,Good,1.66,-0.9,35.9,S1 (Low),C2 (Medium),C2-S1,Safe (<1.25),Good to Permissible,Excellent,Safe (<1.0 mg/L),Natural Background (<10 mg/L),Within Drinking Norms,Permissible / Marginal
21020D,Madurai,Melur,Pallapatti,2008-01-03,2008,1,Post-Monsoon,10.247222,78.386111,Original,454.0,830,8.0,0.95,3.0,56,53.46,44.0,1.0,53,18,3.305459,351.6445,360,1.009145,0.0,20.95521,85.9,Good,1.01,-1.32,21.23,S1 (Low),C3 (High),C3-S1,Safe (<1.25),Permissible to Doubtful,Good / Permissible,Safe (<1.0 mg/L),Natural Background (<10 mg/L),Within Drinking Norms,Permissible / Marginal
21021D,Madurai,Melur,Athipatti,2008-01-03,2008,1,Post-Monsoon,10.086111,78.391667,Original,1296.0,2250,7.9,0.75,16.0,152,24.3,308.0,1.0,432,46,0.0,524.6,480,6.119705,0.0,58.22865,150.89,Poor,6.12,-0.99,58.33,S1 (Low),C4 (Very High),C4-S1,Safe (<1.25),Doubtful to Unsuitable,Good / Permissible,Safe (<1.0 mg/L),Acceptable (10-45 mg/L),Within Drinking Norms,Permissible / Marginal
21022D,Madurai,Melur,Pulipatti,2008-01-03,2008,1,Post-Monsoon,10.086111,78.291667,Original,173.0,310,7.5,1.3,1.0,24,6.075,35.0,1.0,21,11,0.3407822,114.6434,85,1.652447,0.1928917,46.90685,41.97,Excellent,1.65,0.19,47.68,S1 (Low),C2 (Medium),C2-S1,Safe (<1.25),Permissible to Doubtful,Good / Permissible,Permissible (1.0-1.5 mg/L),Natural Background (<10 mg/L),Within Drinking Norms,Permissible / Marginal
21023D,Madurai,Melur,Uranganpatti,2008-01-03,2008,1,Post-Monsoon,9.998333,78.43,Original,505.0,910,7.3,1.0,6.0,90,21.87,74.0,1.0,67,13,0.0,427.0,315,1.814882,0.7079861,33.75619,75.87,Good,1.81,0.71,34.01,S1 (Low),C3 (High),C3-S1,Safe (<1.25),Permissible to Doubtful,Good / Permissible,Permissible (1.0-1.5 mg/L),Natural Background (<10 mg/L),Within Drinking Norms,Permissible / Marginal
21024D,Madurai,Melur,Thiruvadur,2008-01-03,2008,1,Post-Monsoon,9.956944,78.319444,Original,568.0,1040,7.8,0.85,1.0,76,37.665,90.0,4.0,71,67,0.0,433.1,345,2.108845,0.206913,35.88498,91.63,Good,2.11,0.21,36.81,S1 (Low),C3 (High),C3-S1,Safe (<1.25),Permissible to Doubtful,Good / Permissible,Safe (<1.0 mg/L),Natural Background (<10 mg/L),Within Drinking Norms,Permissible / Marginal
21025D,Madurai,Madurai North,Varichiyur,2008-01-03,2008,1,Post-Monsoon,9.908889,78.256111,Original,971.0,1690,7.7,1.2,15.0,120,63.18,145.0,4.0,262,67,0.0,488.0,560,2.666738,0.0,35.84216,135.84,Poor,2.67,-3.19,36.41,S1 (Low),C3 (High),C3-S1,Safe (<1.25),Permissible to Doubtful,Good / Permissible,Permissible (1.0-1.5 mg/L),Acceptable (10-45 mg/L),Within Drinking Norms,Permissible / Marginal
21026D,Madurai,Vadipatti,Senthamangalam,2008-01-05,2008,1,Post-Monsoon,10.138333,78.141111,Original,576.0,1050,7.9,0.82,4.0,90,66.825,28.0,5.0,92,28,0.0,494.1,500,0.5449389,0.0,10.74378,103.23,Poor,0.54,-1.89,11.87,S1 (Low),C3 (High),C3-S1,Safe (<1.25),Permissible to Doubtful,Good / Permissible,Safe (<1.0 mg/L),Natural Background (<10 mg/L),Within Drinking Norms,Permissible / Marginal
21027D,Madurai,Vadipatti,Thiruvedagam,2008-01-05,2008,1,Post-Monsoon,10.019444,77.972222,Original,497.0,910,7.8,0.78,1.0,34,58.32,71.0,12.0,92,31,1.886544,318.0819,325,1.71365,0.0,31.22349,85.79,Good,1.71,-1.22,34.31,S1 (Low),C3 (High),C3-S1,Safe (<1.25),Permissible to Doubtful,Good / Permissible,Safe (<1.0 mg/L),Natural Background (<10 mg/L),Within Drinking Norms,Permissible / Marginal
21028D,Madurai,Usilampatti,Veppanuthu,2008-01-02,2008,1,Post-Monsoon,9.897222,77.841667,Original,1148.0,1950,8.0,0.31,10.0,72,65.61,253.0,10.0,383,72,0.0,500.2,450,5.19004,0.0,54.33782,140.52,Poor,5.19,-0.8,55.59,S1 (Low),C3 (High),C3-S1,Safe (<1.25),Permissible to Doubtful,Good / Permissible,Safe (<1.0 mg/L),Acceptable (10-45 mg/L),Within Drinking Norms,Permissible / Marginal
21029D,Madurai,Usilampatti,Vikramangalam,2008-01-04,2008,1,Post-Monsoon,10.021667,77.886667,Original,1985.0,3420,7.3,0.31,18.0,216,136.08,276.0,51.0,723,230,0.0,549.0,1100,3.621617,0.0,34.022,240.08,Very Poor,3.62,-12.98,37.71,S1 (Low),C4 (Very High),C4-S1,Safe (<1.25),Unsuitable,Unsuitable,Safe (<1.0 mg/L),Acceptable (10-45 mg/L),Within Drinking Norms,Unsafe for Drinking
21030D,Madurai,Peraiyur,Kunnathur,2008-01-02,2008,1,Post-Monsoon,9.746944,77.889444,Original,343.0,630,8.1,1.0,1.0,56,23.085,41.0,4.0,28,31,2.981618,251.9554,235,1.164068,0.0,27.10332,72.43,Good,1.16,-0.47,28.65,S1 (Low),C2 (Medium),C2-S1,Safe (<1.25),Good to Permissible,Excellent,Permissible (1.0-1.5 mg/L),Natural Background (<10 mg/L),Within Drinking Norms,Permissible / Marginal
21031D,Madurai,Usilampatti,Uthappanaickanur,2008-01-04,2008,1,Post-Monsoon,10.035556,77.791111,Original,1579.0,2750,7.8,0.87,19.0,148,153.09,173.0,47.0,489,240,0.0,488.0,1000,2.380628,0.0,26.21014,221.26,Very Poor,2.38,-11.99,30.39,S1 (Low),C4 (Very High),C4-S1,Safe (<1.25),Doubtful to Unsuitable,Marginal / Moderate,Safe (<1.0 mg/L),Acceptable (10-45 mg/L),Within Drinking Norms,Unsafe for Drinking
21032D,Madurai,Usilampatti,Doddappanaickanur,2008-01-04,2008,1,Post-Monsoon,9.971111,77.736111,Original,1115.0,2000,7.6,0.79,5.0,100,109.35,129.0,38.0,347,106,0.0,524.6,700,2.121687,0.0,27.27615,161.29,Poor,2.12,-5.39,31.99,S1 (Low),C3 (High),C3-S1,Safe (<1.25),Doubtful to Unsuitable,Good / Permissible,Safe (<1.0 mg/L),Natural Background (<10 mg/L),Within Drinking Norms,Unsafe for Drinking
21033D,Madurai,Usilampatti,Usilampatti,2008-01-04,2008,1,Post-Monsoon,9.959722,77.791667,Original,1744.0,3000,8.2,1.4,69.0,104,238.14,150.0,11.0,525,168,0.0,488.0,1240,1.85339,0.0,20.65275,254.89,Very Poor,1.85,-16.79,21.53,S1 (Low),C4 (Very High),C4-S1,Safe (<1.25),Unsuitable,Marginal / Moderate,Permissible (1.0-1.5 mg/L),Anthropogenic High (45-100 mg/L),Urban Domestic / Septic Leaching,Unsafe for Drinking
83004A,Madurai,Thirumangalam,Kallikudi,2008-01-02,2008,1,Post-Monsoon,9.7025,77.943333,Original,109.0,200,8.0,0.4,1.0,14,8.505,17.0,1.0,7,2,0.8842183,94.06578,70,0.8842866,0.1728052,34.1778,35.47,Excellent,0.88,0.17,35.35,S1 (Low),C1 (Low),C1-S1,Safe (<1.25),Good to Permissible,Excellent,Safe (<1.0 mg/L),Natural Background (<10 mg/L),Within Drinking Norms,Safe Drinking Water
83005,Madurai,Madurai South,Thiruparankundram,2008-01-02,2008,1,Post-Monsoon,9.879167,78.114444,Original,1477.0,2570,8.1,1.0,11.0,40,94.77,368.0,4.0,440,230,0.0,500.2,490,7.233263,0.0,61.79391,178.78,Poor,7.23,-1.6,62.18,S1 (Low),C4 (Very High),C4-S1,Safe (<1.25),Doubtful to Unsuitable,Marginal / Moderate,Permissible (1.0-1.5 mg/L),Acceptable (10-45 mg/L),Within Drinking Norms,Permissible / Marginal
83013,Madurai,Usilampatti,Usilamaptti,2008-01-04,2008,1,Post-Monsoon,9.966111,77.7925,Original,481.0,880,7.9,0.51,2.0,32,51.03,81.0,3.0,124,23,1.926656,258.0336,290,2.06965,0.0,37.49736,77.59,Good,2.07,-1.5,38.3,S1 (Low),C3 (High),C3-S1,Safe (<1.25),Permissible to Doubtful,Good / Permissible,Safe (<1.0 mg/L),Natural Background (<10 mg/L),Within Drinking Norms,Permissible / Marginal
83014B,Madurai,Vadipatti,Mullipallam,2008-01-05,2008,1,Post-Monsoon,10.019444,77.950556,Original,674.0,1220,7.6,0.67,8.0,74,68.04,71.0,11.0,113,58,0.0,488.0,465,1.432806,0.0,24.39147,104.85,Poor,1.43,-1.3,26.6,S1 (Low),C3 (High),C3-S1,Safe (<1.25),Permissible to Doubtful,Good / Permissible,Safe (<1.0 mg/L),Natural Background (<10 mg/L),Within Drinking Norms,Permissible / Marginal
83016A,Madurai,Melur,Chittampatti,2008-01-03,2008,1,Post-Monsoon,9.988056,78.243056,Original,1544.0,2800,8.1,0.3,4.0,68,65.61,368.0,102.0,369,72,0.0,963.8,440,7.634364,7.005486,58.40227,209.21,Very Poor,7.63,7.0,67.91,S1 (Low),C4 (Very High),C4-S1,Unsuitable (>2.5),Doubtful to Unsuitable,Unsuitable,Safe (<1.0 mg/L),Natural Background (<10 mg/L),Within Drinking Norms,Permissible / Marginal
83048,Madurai,Thirumangalam,Puliankulam (M),2008-01-02,2008,1,Post-Monsoon,9.651667,77.909167,Original,639.0,1170,7.5,0.13,8.0,92,59.535,64.0,5.0,135,9,0.0,475.8,475,1.27797,0.0,22.44674,91.47,Good,1.28,-1.69,23.47,S1 (Low),C3 (High),C3-S1,Safe (<1.25),Permissible to Doubtful,Good / Permissible,Safe (<1.0 mg/L),Natural Background (<10 mg/L),Within Drinking Norms,Permissible / Marginal
83049,Madurai,Thirumangalam,Peikulam,2008-01-02,2008,1,Post-Monsoon,9.645556,77.990278,Original,548.0,950,7.9,1.09,15.0,54,24.3,87.0,10.0,103,58,0.0,292.8,235,2.470051,0.1049021,43.32564,89.81,Good,2.47,0.1,46.24,S1 (Low),C3 (High),C3-S1,Safe (<1.25),Permissible to Doubtful,Good / Permissible,Permissible (1.0-1.5 mg/L),Acceptable (10-45 mg/L),Within Drinking Norms,Permissible / Marginal
83051,Madurai,Peraiyur,Karaikeni,2008-01-02,2008,1,Post-Monsoon,9.708333,77.968333,Original,360.0,660,7.8,1.1,3.0,38,43.74,37.0,4.0,32,22,1.650703,278.3177,275,0.9708939,0.0,22.33004,73.06,Good,0.97,-0.88,23.74,S1 (Low),C2 (Medium),C2-S1,Safe (<1.25),Good to Permissible,Excellent,Permissible (1.0-1.5 mg/L),Natural Background (<10 mg/L),Within Drinking Norms,Permissible / Marginal
83052,Madurai,Peraiyur,Saptur,2008-01-04,2008,1,Post-Monsoon,9.756389,77.741389,Original,834.0,1520,7.8,0.35,7.0,80,63.18,129.0,29.0,170,72,0.0,518.5,460,2.61746,0.0,36.09814,122.76,Poor,2.62,-0.69,40.86,S1 (Low),C3 (High),C3-S1,Safe (<1.25),Permissible to Doubtful,Good / Permissible,Safe (<1.0 mg/L),Natural Background (<10 mg/L),Within Drinking Norms,Permissible / Marginal
83062A,Madurai,Thirumangalam,Kappalur,2008-01-02,2008,1,Post-Monsoon,9.840278,78.016667,Original,1631.0,2800,7.8,0.67,16.0,132,123.93,267.0,23.0,624,264,0.0,256.2,840,4.008902,0.0,40.06503,202.02,Very Poor,4.01,-12.59,42.08,S1 (Low),C4 (Very High),C4-S1,Safe (<1.25),Doubtful to Unsuitable,Marginal / Moderate,Safe (<1.0 mg/L),Acceptable (10-45 mg/L),Within Drinking Norms,Unsafe for Drinking
83064,Madurai,Peraiyur,Thirumanickam,2008-01-04,2008,1,Post-Monsoon,9.848889,77.752222,Original,2924.0,4500,7.6,0.43,95.0,304,126.36,460.0,38.0,744,653,0.0,353.8,1280,5.596035,0.0,42.98378,324.55,Unsuitable,5.59,-19.77,45.06,S1 (Low),C4 (Very High),C4-S1,Safe (<1.25),Unsuitable,Unsuitable,Safe (<1.0 mg/L),Anthropogenic High (45-100 mg/L),Urban Domestic / Septic Leaching,Unsafe for Drinking
83082,Madurai,Usilampatti,Uthappanaickanur,2008-01-04,2008,1,Post-Monsoon,10.033333,77.787778,Original,900.0,1610,7.8,0.66,14.0,84,104.49,76.0,11.0,227,139,0.0,396.5,640,1.307235,0.0,20.18519,135.56,Poor,1.31,-6.29,21.89,S1 (Low),C3 (High),C3-S1,Safe (<1.25),Permissible to Doubtful,Good / Permissible,Safe (<1.0 mg/L),Acceptable (10-45 mg/L),Within Drinking Norms,Unsafe for Drinking
83095,Madurai,Melur,Pulipatti,2008-01-03,2008,1,Post-Monsoon,10.084444,78.288889,Original,1779.0,3250,7.9,0.09,1.0,112,102.06,414.0,2.0,851,168,0.0,256.2,700,6.809382,0.0,56.19279,192.09,Poor,6.81,-9.79,56.34,S1 (Low),C4 (Very High),C4-S1,Safe (<1.25),Unsuitable,Unsuitable,Safe (<1.0 mg/L),Natural Background (<10 mg/L),Within Drinking Norms,Unsafe for Drinking
83099,Madurai,Madurai North,Kadavur,2008-01-05,2008,1,Post-Monsoon,10.075,78.175,Original,507.0,930,7.7,0.52,5.0,76,63.18,23.0,3.0,71,36,0.0,427.0,450,0.4718307,0.0,9.935981,87.65,Good,0.47,-1.99,10.69,S1 (Low),C3 (High),C3-S1,Safe (<1.25),Permissible to Doubtful,Good / Permissible,Safe (<1.0 mg/L),Natural Background (<10 mg/L),Within Drinking Norms,Permissible / Marginal
21001D,Madurai,Madurai South,Thiruparankundram,2008-07-07,2008,7,Pre-Monsoon,9.877778,78.097222,Original,1203.0,2140,7.9,1.2,4.0,32,60.75,327.0,1.0,340,154,0.0,518.5,330,7.8323,1.902948,68.23485,145.66,Poor,7.83,1.9,68.35,S1 (Low),C3 (High),C3-S1,Marginal (1.25-2.5),Doubtful to Unsuitable,Marginal / Moderate,Permissible (1.0-1.5 mg/L),Natural Background (<10 mg/L),Within Drinking Norms,Permissible / Marginal
21002D,Madurai,Thirumangalam,Chokkanathapuram,2008-07-02,2008,7,Pre-Monsoon,9.945556,77.975556,Original,631.0,1150,8.3,0.56,11.0,50,85.05,60.0,7.0,199,19,2.4,324.52,475,1.197872,0.0,21.24819,110.71,Poor,1.2,-4.1,22.7,S1 (Low),C3 (High),C3-S1,Safe (<1.25),Permissible to Doubtful,Good / Permissible,Safe (<1.0 mg/L),Acceptable (10-45 mg/L),Within Drinking Norms,Permissible / Marginal
21003D,Madurai,Peraiyur,Chinnakattalai,2008-07-02,2008,7,Pre-Monsoon,9.845556,77.796667,Original,1122.0,2050,8.8,1.1,3.0,60,97.2,207.0,16.0,319,182,18.0,420.9,550,3.840596,0.0,44.1245,171.4,Poor,3.84,-3.5,46.12,S1 (Low),C3 (High),C3-S1,Safe (<1.25),Doubtful to Unsuitable,Good / Permissible,Permissible (1.0-1.5 mg/L),Natural Background (<10 mg/L),Within Drinking Norms,Unsafe for Drinking
21004D,Madurai,Thirumangalam,Chinna Ulagani,2008-07-07,2008,7,Pre-Monsoon,9.773611,78.052222,Original,716.0,1200,8.1,1.3,10.0,88,6.075,184.0,3.0,170,22,0.0,396.5,245,5.117693,1.607595,61.69945,104.47,Poor,5.12,1.61,62.28,S1 (Low),C3 (High),C3-S1,Marginal (1.25-2.5),Doubtful to Unsuitable,Marginal / Moderate,Permissible (1.0-1.5 mg/L),Acceptable (10-45 mg/L),Within Drinking Norms,Permissible / Marginal
21005D,Madurai,Madurai South,Eliyarpatti,2008-07-07,2008,7,Pre-Monsoon,9.794444,78.090278,Original,941.0,1560,8.0,0.57,56.0,116,75.33,83.0,3.0,241,77,0.0,195.2,600,1.474652,0.0,23.03256,134.43,Poor,1.47,-8.79,23.51,S1 (Low),C3 (High),C3-S1,Safe (<1.25),Permissible to Doubtful,Good / Permissible,Safe (<1.0 mg/L),Anthropogenic High (45-100 mg/L),Urban Domestic / Septic Leaching,Unsafe for Drinking
21006D,Madurai,Peraiyur,Elumalai RF,2008-07-02,2008,7,Pre-Monsoon,9.861111,77.7,Original,422.0,750,8.2,0.86,14.0,30,48.6,46.0,14.0,53,24,4.916401,330.0044,275,1.206983,0.07674585,25.47184,88.97,Good,1.21,0.08,30.02,S1 (Low),C3 (High),C3-S1,Safe (<1.25),Permissible to Doubtful,Excellent,Safe (<1.0 mg/L),Acceptable (10-45 mg/L),Within Drinking Norms,Permissible / Marginal
21007D,Madurai,Thirumangalam,Kallikudi,2008-07-03,2008,7,Pre-Monsoon,9.693889,77.971111,Original,1814.0,3090,8.3,0.71,22.0,368,116.64,74.0,8.0,709,374,6.0,122.0,1400,0.8608325,0.0,10.2554,243.41,Very Poor,0.86,-25.76,10.9,S1 (Low),C4 (Very High),C4-S1,Safe (<1.25),Unsuitable,Unsuitable,Safe (<1.0 mg/L),Acceptable (10-45 mg/L),Within Drinking Norms,Unsafe for Drinking
21008D,Madurai,Madurai South,Melamathur,2008-07-08,2008,7,Pre-Monsoon,9.968056,78.007778,Original,724.0,1220,8.3,0.76,22.0,66,43.74,124.0,4.0,206,48,12.0,250.1,345,2.905342,0.0,43.53616,109.5,Poor,2.9,-2.39,44.35,S1 (Low),C3 (High),C3-S1,Safe (<1.25),Permissible to Doubtful,Good / Permissible,Safe (<1.0 mg/L),Acceptable (10-45 mg/L),Within Drinking Norms,Permissible / Marginal
21009D,Madurai,Thirumangalam,Kappalur,2008-07-07,2008,7,Pre-Monsoon,9.843056,78.018611,Original,1001.0,1780,8.2,0.45,31.0,156,94.77,53.0,8.0,284,67,0.0,402.6,780,0.8258891,0.0,12.74137,152.89,Poor,0.83,-8.99,13.87,S1 (Low),C3 (High),C3-S1,Safe (<1.25),Permissible to Doubtful,Good / Permissible,Safe (<1.0 mg/L),Acceptable (10-45 mg/L),Within Drinking Norms,Unsafe for Drinking
21010D,Madurai,Madurai North,Karupayoorani,2008-07-01,2008,7,Pre-Monsoon,9.931944,78.177778,Original,1082.0,1890,7.7,0.4,3.0,40,36.45,320.0,3.0,454,120,0.0,195.2,250,8.80717,0.0,73.29168,114.73,Poor,8.8,-1.8,73.69,S1 (Low),C3 (High),C3-S1,Safe (<1.25),Doubtful to Unsuitable,Marginal / Moderate,Safe (<1.0 mg/L),Natural Background (<10 mg/L),Within Drinking Norms,Permissible / Marginal
21011D,Madurai,Peraiyur,Mallapuram,2008-07-02,2008,7,Pre-Monsoon,9.805556,77.668333,Original,568.0,990,8.1,0.93,15.0,20,26.73,156.0,5.0,82,22,0.0,378.2,160,5.366472,3.001536,67.11024,88.98,Good,5.36,3.0,68.36,S1 (Low),C3 (High),C3-S1,Unsuitable (>2.5),Doubtful to Unsuitable,Unsuitable,Safe (<1.0 mg/L),Acceptable (10-45 mg/L),Within Drinking Norms,Permissible / Marginal
21012D,Madurai,Thirumangalam,Kurayur,2008-07-03,2008,7,Pre-Monsoon,9.694444,78.025,Original,768.0,1300,8.2,0.64,18.0,24,31.59,207.0,27.0,113,58,0.0,457.5,190,6.5346,3.701827,66.73703,112.79,Poor,6.53,3.7,71.84,S1 (Low),C3 (High),C3-S1,Unsuitable (>2.5),Doubtful to Unsuitable,Unsuitable,Safe (<1.0 mg/L),Acceptable (10-45 mg/L),Within Drinking Norms,Permissible / Marginal
21013D,Madurai,Vadipatti,Manianji,2008-07-08,2008,7,Pre-Monsoon,10.004167,78.1025,Original,486.0,880,8.2,0.77,7.0,50,40.095,74.0,5.0,64,38,4.402626,295.5181,290,1.891039,0.0,35.2119,87.2,Good,1.89,-0.81,36.6,S1 (Low),C3 (High),C3-S1,Safe (<1.25),Permissible to Doubtful,Good / Permissible,Safe (<1.0 mg/L),Natural Background (<10 mg/L),Within Drinking Norms,Permissible / Marginal
21014D,Madurai,Madurai South,Kilakuilkudi,2008-07-02,2008,7,Pre-Monsoon,9.928333,78.055,Original,579.0,1060,8.4,0.51,8.0,40,109.35,28.0,7.0,149,38,6.0,347.7,550,0.519461,0.0,9.828905,113.55,Poor,0.52,-5.1,11.27,S1 (Low),C3 (High),C3-S1,Safe (<1.25),Permissible to Doubtful,Good / Permissible,Safe (<1.0 mg/L),Natural Background (<10 mg/L),Within Drinking Norms,Permissible / Marginal
21015D,Madurai,Peraiyur,Peraiyur,2008-07-02,2008,7,Pre-Monsoon,9.74,77.793333,Original,451.0,760,8.1,0.54,22.0,64,36.45,32.0,5.0,78,30,2.045977,172.8911,310,0.7909849,0.0,18.04616,80.6,Good,0.79,-3.29,19.7,S1 (Low),C3 (High),C3-S1,Safe (<1.25),Permissible to Doubtful,Good / Permissible,Safe (<1.0 mg/L),Acceptable (10-45 mg/L),Within Drinking Norms,Permissible / Marginal
21016D,Madurai,Peraiyur,Subbulapuram,2008-07-07,2008,7,Pre-Monsoon,9.675556,77.809444,Original,308.0,540,8.1,0.3,12.0,56,26.73,23.0,4.0,60,2,1.75359,148.1835,250,0.633101,0.0,16.40882,62.69,Good,0.63,-2.51,18.08,S1 (Low),C2 (Medium),C2-S1,Safe (<1.25),Good to Permissible,Excellent,Safe (<1.0 mg/L),Acceptable (10-45 mg/L),Within Drinking Norms,Permissible / Marginal
21017D,Madurai,Thirumangalam,Thangalacheri,2008-07-07,2008,7,Pre-Monsoon,9.836111,77.868889,Original,1802.0,2980,8.0,0.28,45.0,88,177.39,267.0,23.0,659,298,0.0,183.0,950,3.769155,0.0,37.23489,223.76,Very Poor,3.77,-15.99,39.11,S1 (Low),C4 (Very High),C4-S1,Safe (<1.25),Doubtful to Unsuitable,Marginal / Moderate,Safe (<1.0 mg/L),Acceptable (10-45 mg/L),Within Drinking Norms,Unsafe for Drinking
21018D,Madurai,Thirumangalam,Peikulam,2008-07-03,2008,7,Pre-Monsoon,9.645833,77.991111,Original,822.0,1300,7.8,0.13,28.0,82,27.945,143.0,23.0,312,48,0.0,122.0,320,3.479412,0.0,47.12177,102.99,Poor,3.48,-4.39,51.57,S1 (Low),C3 (High),C3-S1,Safe (<1.25),Permissible to Doubtful,Good / Permissible,Safe (<1.0 mg/L),Acceptable (10-45 mg/L),Within Drinking Norms,Permissible / Marginal
21019D,Madurai,Melur,Karungalakudi,2008-07-01,2008,7,Pre-Monsoon,10.155556,78.369167,Original,336.0,610,7.9,0.54,3.0,30,18.225,74.0,2.0,67,17,1.407862,188.5524,150,2.629537,0.1407,51.36288,57.82,Good,2.63,0.14,52.17,S1 (Low),C2 (Medium),C2-S1,Safe (<1.25),Permissible to Doubtful,Good / Permissible,Safe (<1.0 mg/L),Natural Background (<10 mg/L),Within Drinking Norms,Safe Drinking Water
21020D,Madurai,Melur,Pallapatti,2008-07-01,2008,7,Pre-Monsoon,10.247222,78.386111,Original,428.0,780,8.4,0.72,4.0,50,51.03,37.0,4.0,71,19,6.68655,283.1879,335,0.8796823,0.0,19.14571,87.51,Good,0.88,-1.83,20.35,S1 (Low),C3 (High),C3-S1,Safe (<1.25),Permissible to Doubtful,Good / Permissible,Safe (<1.0 mg/L),Natural Background (<10 mg/L),Within Drinking Norms,Permissible / Marginal
21021D,Madurai,Melur,Athipatti,2008-07-01,2008,7,Pre-Monsoon,10.086111,78.391667,Original,1211.0,2030,8.3,0.66,25.0,80,41.31,299.0,4.0,425,134,0.0,231.8,370,6.765165,0.0,63.44342,145.85,Poor,6.76,-3.59,63.93,S1 (Low),C3 (High),C3-S1,Safe (<1.25),Doubtful to Unsuitable,Marginal / Moderate,Safe (<1.0 mg/L),Acceptable (10-45 mg/L),Within Drinking Norms,Permissible / Marginal
21022D,Madurai,Melur,Pulipatti,2008-07-01,2008,7,Pre-Monsoon,10.086111,78.291667,Original,250.0,420,8.1,0.44,5.0,30,14.58,46.0,5.0,43,3,1.636635,138.3004,135,1.723076,0.0,41.46334,53.09,Good,1.72,-0.38,44.1,S1 (Low),C2 (Medium),C2-S1,Safe (<1.25),Permissible to Doubtful,Good / Permissible,Safe (<1.0 mg/L),Natural Background (<10 mg/L),Within Drinking Norms,Safe Drinking Water
21023D,Madurai,Melur,Uranganpatti,2008-07-01,2008,7,Pre-Monsoon,9.998333,78.43,Original,385.0,700,8.2,0.57,6.0,46,32.805,46.0,5.0,64,41,2.934696,196.9861,250,1.266095,0.0,28.08715,74.22,Good,1.27,-1.67,29.87,S1 (Low),C2 (Medium),C2-S1,Safe (<1.25),Good to Permissible,Excellent,Safe (<1.0 mg/L),Natural Background (<10 mg/L),Within Drinking Norms,Permissible / Marginal
21024D,Madurai,Melur,Thiruvadur,2008-07-01,2008,7,Pre-Monsoon,9.956944,78.319444,Original,519.0,950,8.2,0.48,5.0,40,41.31,94.0,16.0,64,43,0.0,396.5,270,2.489382,1.10364,41.32783,91.69,Good,2.49,1.1,45.45,S1 (Low),C3 (High),C3-S1,Safe (<1.25),Permissible to Doubtful,Good / Permissible,Safe (<1.0 mg/L),Natural Background (<10 mg/L),Within Drinking Norms,Permissible / Marginal
21025D,Madurai,Madurai North,Varichiyur,2008-07-01,2008,7,Pre-Monsoon,9.908889,78.256111,Original,914.0,1670,7.7,0.73,18.0,52,89.91,152.0,8.0,312,72,0.0,292.8,500,2.957764,0.0,39.33201,125.72,Poor,2.96,-5.2,40.54,S1 (Low),C3 (High),C3-S1,Safe (<1.25),Permissible to Doubtful,Good / Permissible,Safe (<1.0 mg/L),Acceptable (10-45 mg/L),Within Drinking Norms,Permissible / Marginal
21026D,Madurai,Vadipatti,Senthamangalam,2008-07-08,2008,7,Pre-Monsoon,10.138333,78.141111,Original,540.0,980,8.3,0.7,17.0,86,53.46,28.0,10.0,99,19,6.0,329.4,435,0.5842577,0.0,11.98205,103.34,Poor,0.58,-3.09,14.49,S1 (Low),C3 (High),C3-S1,Safe (<1.25),Permissible to Doubtful,Good / Permissible,Safe (<1.0 mg/L),Acceptable (10-45 mg/L),Within Drinking Norms,Permissible / Marginal
21027D,Madurai,Vadipatti,Thiruvedagam,2008-07-08,2008,7,Pre-Monsoon,10.019444,77.972222,Original,474.0,870,8.5,0.71,2.0,44,51.03,55.0,18.0,89,19,8.944304,300.8976,320,1.337899,0.0,25.86982,96.67,Good,1.34,-1.17,30.84,S1 (Low),C3 (High),C3-S1,Safe (<1.25),Permissible to Doubtful,Good / Permissible,Safe (<1.0 mg/L),Natural Background (<10 mg/L),Within Drinking Norms,Permissible / Marginal
21028D,Madurai,Usilampatti,Veppanuthu,2008-07-07,2008,7,Pre-Monsoon,9.897222,77.841667,Original,1143.0,2050,7.8,0.85,8.0,80,87.48,230.0,11.0,411,48,0.0,481.9,560,4.229358,0.0,46.58272,149.71,Poor,4.23,-3.29,47.88,S1 (Low),C3 (High),C3-S1,Safe (<1.25),Doubtful to Unsuitable,Good / Permissible,Safe (<1.0 mg/L),Natural Background (<10 mg/L),Within Drinking Norms,Permissible / Marginal
21029D,Madurai,Usilampatti,Vikramangalam,2008-07-02,2008,7,Pre-Monsoon,10.021667,77.886667,Original,2027.0,3250,7.5,0.36,25.0,176,82.62,345.0,117.0,737,336,0.0,244.0,780,5.376362,0.0,44.6879,247.38,Very Poor,5.37,-11.58,53.59,S1 (Low),C4 (Very High),C4-S1,Safe (<1.25),Unsuitable,Unsuitable,Safe (<1.0 mg/L),Acceptable (10-45 mg/L),Within Drinking Norms,Unsafe for Drinking
21030D,Madurai,Peraiyur,Kunnathur,2008-07-07,2008,7,Pre-Monsoon,9.746944,77.889444,Original,450.0,750,8.3,0.48,5.0,50,30.375,60.0,5.0,64,21,4.876862,260.0234,250,1.651484,0.0,33.75182,77.96,Good,1.65,-0.57,35.39,S1 (Low),C3 (High),C3-S1,Safe (<1.25),Permissible to Doubtful,Excellent,Safe (<1.0 mg/L),Natural Background (<10 mg/L),Within Drinking Norms,Permissible / Marginal
21031D,Madurai,Usilampatti,Uthappanaickanur,2008-07-02,2008,7,Pre-Monsoon,10.035556,77.791111,Original,1182.0,2010,7.9,0.45,36.0,76,106.92,115.0,102.0,333,120,0.0,335.5,630,1.993645,0.0,24.76099,186.31,Poor,1.99,-7.09,37.66,S1 (Low),C3 (High),C3-S1,Safe (<1.25),Doubtful to Unsuitable,Good / Permissible,Safe (<1.0 mg/L),Acceptable (10-45 mg/L),Within Drinking Norms,Unsafe for Drinking
21032D,Madurai,Usilampatti,Doddappanaickanur,2008-07-02,2008,7,Pre-Monsoon,9.971111,77.736111,Original,995.0,1820,8.5,0.6,6.0,84,94.77,147.0,4.0,248,144,12.0,463.6,600,2.611438,0.0,34.58746,149.58,Poor,2.61,-3.99,35.13,S1 (Low),C3 (High),C3-S1,Safe (<1.25),Permissible to Doubtful,Good / Permissible,Safe (<1.0 mg/L),Natural Background (<10 mg/L),Within Drinking Norms,Permissible / Marginal
21033D,Madurai,Usilampatti,Usilampatti,2008-07-02,2008,7,Pre-Monsoon,9.959722,77.791667,Original,1733.0,2850,8.5,1.2,81.0,84,170.1,253.0,13.0,581,120,12.0,280.6,910,3.64917,0.0,37.27116,234.54,Very Poor,3.65,-13.19,38.38,S1 (Low),C4 (Very High),C4-S1,Safe (<1.25),Doubtful to Unsuitable,Marginal / Moderate,Permissible (1.0-1.5 mg/L),Anthropogenic High (45-100 mg/L),Urban Domestic / Septic Leaching,Unsafe for Drinking
21034D,Madurai,Melur,Chittampatti,2008-07-01,2008,7,Pre-Monsoon,10.0,78.275,Original,918.0,1680,8.5,0.59,12.0,132,111.78,37.0,6.0,347,48,12.0,341.6,790,0.5728635,0.0,9.171228,151.39,Poor,0.57,-9.79,10.04,S1 (Low),C3 (High),C3-S1,Safe (<1.25),Permissible to Doubtful,Good / Permissible,Safe (<1.0 mg/L),Acceptable (10-45 mg/L),Within Drinking Norms,Unsafe for Drinking
83004A,Madurai,Thirumangalam,Kallikudi,2008-07-03,2008,7,Pre-Monsoon,9.7025,77.943333,Original,2450.0,3710,7.8,0.52,87.0,224,38.88,423.0,184.0,709,365,0.0,244.0,720,6.862295,0.0,49.08664,306.97,Unsuitable,6.86,-10.38,61.63,S1 (Low),C4 (Very High),C4-S1,Safe (<1.25),Unsuitable,Unsuitable,Safe (<1.0 mg/L),Anthropogenic High (45-100 mg/L),Urban Domestic / Septic Leaching,Unsafe for Drinking
83005,Madurai,Madurai South,Thiruparankundram,2008-07-07,2008,7,Pre-Monsoon,9.879167,78.114444,Original,1580.0,2760,7.7,0.84,18.0,80,89.91,377.0,6.0,553,144,0.0,500.2,570,6.871353,0.0,58.68596,180.71,Poor,6.87,-3.19,59.22,S1 (Low),C4 (Very High),C4-S1,Safe (<1.25),Doubtful to Unsuitable,Marginal / Moderate,Safe (<1.0 mg/L),Acceptable (10-45 mg/L),Within Drinking Norms,Permissible / Marginal
83013,Madurai,Usilampatti,Usilamaptti,2008-07-02,2008,7,Pre-Monsoon,9.966111,77.7925,Original,525.0,950,8.2,1.1,3.0,50,43.74,83.0,11.0,142,22,0.0,323.3,305,2.068179,0.0,36.15301,97.27,Good,2.07,-0.8,38.96,S1 (Low),C3 (High),C3-S1,Safe (<1.25),Permissible to Doubtful,Good / Permissible,Permissible (1.0-1.5 mg/L),Natural Background (<10 mg/L),Within Drinking Norms,Permissible / Marginal
83014B,Madurai,Vadipatti,Mullipallam,2008-07-08,2008,7,Pre-Monsoon,10.019444,77.950556,Original,411.0,750,8.1,0.67,3.0,42,30.375,53.0,31.0,46,19,3.39096,286.5461,230,1.52086,0.2143895,29.96421,83.57,Good,1.52,0.21,40.26,S1 (Low),C3 (High),C3-S1,Safe (<1.25),Permissible to Doubtful,Excellent,Safe (<1.0 mg/L),Natural Background (<10 mg/L),Within Drinking Norms,Permissible / Marginal
83016A,Madurai,Melur,Chittampatti,2008-07-01,2008,7,Pre-Monsoon,9.988056,78.243056,Original,7264.0,10050,8.2,0.49,3.0,200,121.5,1380.0,1232.0,2907,1152,0.0,518.5,1000,18.99207,0.0,53.82785,1016.42,Unsuitable,18.98,-11.48,82.08,S3 (High),C4 (Very High),C4-S3,Safe (<1.25),Unsuitable,Unsuitable,Safe (<1.0 mg/L),Natural Background (<10 mg/L),Within Drinking Norms,Unsafe for Drinking
83048,Madurai,Thirumangalam,Puliankulam (M),2008-07-03,2008,7,Pre-Monsoon,9.651667,77.909167,Original,487.0,890,7.7,0.4,5.0,40,44.955,83.0,6.0,96,4,1.476939,313.498,285,2.13941,0.0,38.16703,74.32,Good,2.14,-0.51,39.78,S1 (Low),C3 (High),C3-S1,Safe (<1.25),Permissible to Doubtful,Good / Permissible,Safe (<1.0 mg/L),Natural Background (<10 mg/L),Within Drinking Norms,Permissible / Marginal
83049,Madurai,Thirumangalam,Peikulam,2008-07-07,2008,7,Pre-Monsoon,9.645556,77.990278,Original,370.0,660,8.2,0.23,2.0,26,18.225,69.0,21.0,39,35,3.521868,236.3989,140,2.537845,1.195053,47.372,68.47,Good,2.54,1.19,55.84,S1 (Low),C2 (Medium),C2-S1,Safe (<1.25),Permissible to Doubtful,Good / Permissible,Safe (<1.0 mg/L),Natural Background (<10 mg/L),Within Drinking Norms,Safe Drinking Water
83051,Madurai,Peraiyur,Karaikeni,2008-07-02,2008,7,Pre-Monsoon,9.708333,77.968333,Original,453.0,830,7.8,1.4,2.0,64,43.74,55.0,4.0,46,17,2.063425,347.905,340,1.298092,0.0,25.75797,86.58,Good,1.3,-1.02,26.85,S1 (Low),C3 (High),C3-S1,Safe (<1.25),Permissible to Doubtful,Good / Permissible,Permissible (1.0-1.5 mg/L),Natural Background (<10 mg/L),Within Drinking Norms,Permissible / Marginal
83062A,Madurai,Thirumangalam,Kappalur,2008-07-07,2008,7,Pre-Monsoon,9.840278,78.016667,Original,1552.0,2770,7.7,0.34,50.0,100,143.37,253.0,4.0,674,211,0.0,201.3,840,3.798391,0.0,39.4507,193.82,Poor,3.8,-13.49,39.8,S1 (Low),C4 (Very High),C4-S1,Safe (<1.25),Doubtful to Unsuitable,Marginal / Moderate,Safe (<1.0 mg/L),Anthropogenic High (45-100 mg/L),Urban Domestic / Septic Leaching,Unsafe for Drinking
83064,Madurai,Peraiyur,Thirumanickam,2008-07-02,2008,7,Pre-Monsoon,9.848889,77.752222,Original,1315.0,2120,7.8,0.35,98.0,100,140.94,115.0,11.0,425,43,0.0,91.5,830,1.736916,0.0,22.87074,174.78,Poor,1.74,-15.09,24.15,S1 (Low),C3 (High),C3-S1,Safe (<1.25),Doubtful to Unsuitable,Good / Permissible,Safe (<1.0 mg/L),Anthropogenic High (45-100 mg/L),Agricultural Fertilizer Runoff,Unsafe for Drinking
83082,Madurai,Usilampatti,Uthappanaickanur,2008-07-02,2008,7,Pre-Monsoon,10.033333,77.787778,Original,600.0,1090,8.1,0.94,10.0,100,42.525,51.0,12.0,152,53,0.0,292.8,425,1.076716,0.0,20.13942,105.67,Poor,1.08,-3.69,22.92,S1 (Low),C3 (High),C3-S1,Safe (<1.25),Permissible to Doubtful,Good / Permissible,Safe (<1.0 mg/L),Acceptable (10-45 mg/L),Within Drinking Norms,Permissible / Marginal
83095,Madurai,Melur,Pulipatti,2008-07-01,2008,7,Pre-Monsoon,10.084444,78.288889,Original,1607.0,2870,7.9,0.65,1.0,56,102.06,386.0,3.0,709,211,0.0,268.4,560,7.097323,0.0,59.8368,179.9,Poor,7.09,-6.8,60.1,S1 (Low),C4 (Very High),C4-S1,Safe (<1.25),Doubtful to Unsuitable,Marginal / Moderate,Safe (<1.0 mg/L),Natural Background (<10 mg/L),Within Drinking Norms,Permissible / Marginal
83099,Madurai,Madurai North,Kadavur,2008-07-03,2008,7,Pre-Monsoon,10.075,78.175,Original,459.0,840,7.8,0.43,7.0,58,55.89,32.0,7.0,74,34,1.621223,273.3472,375,0.7190943,0.0,15.35573,79.71,Good,0.72,-2.96,17.32,S1 (Low),C3 (High),C3-S1,Safe (<1.25),Permissible to Doubtful,Good / Permissible,Safe (<1.0 mg/L),Natural Background (<10 mg/L),Within Drinking Norms,Permissible / Marginal
21001D,Madurai,Madurai South,Thiruparankundram,2012-07-06,2012,7,Pre-Monsoon,9.877778,78.097222,Original,1277.0,2140,8.0,1.5,3.0,20,21.87,442.0,23.0,369,91,0.0,591.7,140,16.25545,6.900995,85.02562,151.32,Poor,16.25,6.9,87.62,S2 (Medium),C3 (High),C3-S2,Unsuitable (>2.5),Unsuitable,Unsuitable,Permissible (1.0-1.5 mg/L),Natural Background (<10 mg/L),Within Drinking Norms,Permissible / Marginal
21002D,Madurai,Thirumangalam,Chokkanathapuram,2012-07-04,2012,7,Pre-Monsoon,9.945556,77.975556,Original,790.0,1450,7.9,0.72,4.0,100,72.9,78.0,20.0,269,53,0.0,359.9,550,1.447404,0.0,22.78028,124.16,Poor,1.45,-5.09,26.21,S1 (Low),C3 (High),C3-S1,Safe (<1.25),Permissible to Doubtful,Good / Permissible,Safe (<1.0 mg/L),Natural Background (<10 mg/L),Within Drinking Norms,Permissible / Marginal
21003D,Madurai,Peraiyur,Chinnakattalai,2012-07-09,2012,7,Pre-Monsoon,9.845556,77.796667,Original,1175.0,1960,8.1,1.42,43.0,28,72.9,276.0,14.0,269,82,0.0,488.0,370,6.242911,0.6028401,60.75721,158.62,Poor,6.24,0.6,62.56,S1 (Low),C3 (High),C3-S1,Safe (<1.25),Doubtful to Unsuitable,Marginal / Moderate,Permissible (1.0-1.5 mg/L),Acceptable (10-45 mg/L),Within Drinking Norms,Permissible / Marginal
21004D,Madurai,Thirumangalam,Chinna Ulagani,2012-07-06,2012,7,Pre-Monsoon,9.773611,78.052222,Original,3641.0,6400,8.1,0.84,19.0,296,160.38,828.0,22.0,1716,245,0.0,573.4,1400,9.630969,0.0,55.7973,386.37,Unsuitable,9.63,-18.57,56.66,S1 (Low),C4 (Very High),C4-S1,Safe (<1.25),Unsuitable,Unsuitable,Safe (<1.0 mg/L),Acceptable (10-45 mg/L),Within Drinking Norms,Unsafe for Drinking
21005D,Madurai,Madurai South,Eliyarpatti,2012-07-06,2012,7,Pre-Monsoon,9.794444,78.090278,Original,543.0,860,8.2,0.79,33.0,50,36.45,71.0,11.0,142,31,0.0,109.8,275,1.863239,0.0,34.84,92.65,Good,1.86,-3.7,38.0,S1 (Low),C3 (High),C3-S1,Safe (<1.25),Permissible to Doubtful,Good / Permissible,Safe (<1.0 mg/L),Acceptable (10-45 mg/L),Within Drinking Norms,Permissible / Marginal
21006D,Madurai,Peraiyur,Elumalai RF,2012-07-04,2012,7,Pre-Monsoon,9.861111,77.7,Original,372.0,700,7.8,1.1,11.0,40,57.105,11.0,5.0,32,18,1.532782,258.4357,335,0.2615107,0.0,6.552993,78.65,Good,0.26,-2.41,8.3,S1 (Low),C2 (Medium),C2-S1,Safe (<1.25),Good to Permissible,Excellent,Permissible (1.0-1.5 mg/L),Acceptable (10-45 mg/L),Within Drinking Norms,Permissible / Marginal
21007D,Madurai,Thirumangalam,Kallikudi,2012-07-06,2012,7,Pre-Monsoon,9.693889,77.971111,Original,2048.0,3640,7.9,1.05,30.0,288,165.24,191.0,24.0,752,240,0.0,512.4,1400,2.22161,0.0,22.52002,271.91,Very Poor,2.22,-19.57,24.18,S1 (Low),C4 (Very High),C4-S1,Safe (<1.25),Unsuitable,Unsuitable,Permissible (1.0-1.5 mg/L),Acceptable (10-45 mg/L),Within Drinking Norms,Unsafe for Drinking
21008D,Madurai,Madurai South,Melamathur,2012-07-03,2012,7,Pre-Monsoon,9.968056,78.007778,Original,705.0,1200,8.0,1.2,70.0,24,44.955,168.0,7.0,152,67,0.0,335.5,245,4.670094,0.6023155,59.01027,118.92,Poor,4.67,0.6,60.44,S1 (Low),C3 (High),C3-S1,Safe (<1.25),Permissible to Doubtful,Good / Permissible,Permissible (1.0-1.5 mg/L),Anthropogenic High (45-100 mg/L),Urban Domestic / Septic Leaching,Unsafe for Drinking
21009D,Madurai,Thirumangalam,Kappalur,2012-07-09,2012,7,Pre-Monsoon,9.843056,78.018611,Original,1319.0,2200,8.2,0.63,62.0,100,114.21,170.0,28.0,461,28,0.0,280.6,720,2.756892,0.0,32.86582,183.11,Poor,2.76,-9.79,36.04,S1 (Low),C3 (High),C3-S1,Safe (<1.25),Doubtful to Unsuitable,Good / Permissible,Safe (<1.0 mg/L),Anthropogenic High (45-100 mg/L),Agricultural Fertilizer Runoff,Unsafe for Drinking
21010D,Madurai,Madurai North,Karupayoorani,2012-07-02,2012,7,Pre-Monsoon,9.931944,78.177778,Original,1106.0,1890,8.5,0.64,11.0,24,75.33,274.0,28.0,404,56,6.0,317.2,370,6.197531,0.0,59.49965,149.82,Poor,6.19,-2.0,63.06,S1 (Low),C3 (High),C3-S1,Safe (<1.25),Permissible to Doubtful,Good / Permissible,Safe (<1.0 mg/L),Acceptable (10-45 mg/L),Within Drinking Norms,Permissible / Marginal
21011D,Madurai,Peraiyur,Mallapuram,2012-07-04,2012,7,Pre-Monsoon,9.805556,77.668333,Original,137.0,240,8.0,0.88,3.0,16,15.795,7.0,9.0,11,6,0.9307806,99.01922,105,0.2972712,0.0,11.5646,47.81,Excellent,0.3,-0.44,20.3,S1 (Low),C1 (Low),C1-S1,Safe (<1.25),Excellent to Good,Excellent,Safe (<1.0 mg/L),Natural Background (<10 mg/L),Within Drinking Norms,Safe Drinking Water
21012D,Madurai,Thirumangalam,Kurayur,2012-07-06,2012,7,Pre-Monsoon,9.694444,78.025,Original,859.0,1410,7.8,1.1,30.0,52,55.89,154.0,24.0,191,91,0.0,317.2,360,3.531926,0.0,46.17643,124.84,Poor,3.53,-2.0,50.4,S1 (Low),C3 (High),C3-S1,Safe (<1.25),Permissible to Doubtful,Good / Permissible,Permissible (1.0-1.5 mg/L),Acceptable (10-45 mg/L),Within Drinking Norms,Permissible / Marginal
21013D,Madurai,Vadipatti,Manianji,2012-07-02,2012,7,Pre-Monsoon,10.004167,78.1025,Original,423.0,760,8.2,0.47,9.0,26,37.665,74.0,9.0,67,22,3.521868,236.3989,220,2.170893,0.0,41.02546,76.66,Good,2.17,-0.41,43.95,S1 (Low),C3 (High),C3-S1,Safe (<1.25),Permissible to Doubtful,Good / Permissible,Safe (<1.0 mg/L),Natural Background (<10 mg/L),Within Drinking Norms,Permissible / Marginal
21014D,Madurai,Madurai South,Kilakuilkudi,2012-07-04,2012,7,Pre-Monsoon,9.928333,78.055,Original,243.0,470,7.9,0.14,3.0,32,34.02,10.0,3.0,28,10,1.370805,183.5895,220,0.2933808,0.0,8.862411,51.19,Good,0.29,-1.34,10.42,S1 (Low),C2 (Medium),C2-S1,Safe (<1.25),Good to Permissible,Excellent,Safe (<1.0 mg/L),Natural Background (<10 mg/L),Within Drinking Norms,Permissible / Marginal
21015D,Madurai,Peraiyur,Peraiyur,2012-07-09,2012,7,Pre-Monsoon,9.74,77.793333,Original,454.0,830,7.9,0.56,14.0,70,41.31,32.0,7.0,82,7,1.852543,248.1077,345,0.7497842,0.0,16.44594,80.31,Good,0.75,-2.77,18.55,S1 (Low),C3 (High),C3-S1,Safe (<1.25),Permissible to Doubtful,Good / Permissible,Safe (<1.0 mg/L),Acceptable (10-45 mg/L),Within Drinking Norms,Permissible / Marginal
21016D,Madurai,Peraiyur,Subbulapuram,2012-07-09,2012,7,Pre-Monsoon,9.675556,77.809444,Original,299.0,530,7.9,0.41,11.0,54,19.44,23.0,5.0,32,17,1.222578,163.7377,215,0.6827297,0.0,18.44858,58.15,Good,0.68,-1.57,20.8,S1 (Low),C2 (Medium),C2-S1,Safe (<1.25),Good to Permissible,Excellent,Safe (<1.0 mg/L),Acceptable (10-45 mg/L),Within Drinking Norms,Permissible / Marginal
21017D,Madurai,Thirumangalam,Thangalacheri,2012-07-09,2012,7,Pre-Monsoon,9.836111,77.868889,Original,1978.0,3270,8.4,0.59,91.0,132,97.2,368.0,63.0,539,67,6.0,610.0,730,5.927369,0.0,49.70491,252.8,Very Poor,5.92,-4.39,54.7,S1 (Low),C4 (Very High),C4-S1,Safe (<1.25),Unsuitable,Unsuitable,Safe (<1.0 mg/L),Anthropogenic High (45-100 mg/L),Urban Domestic / Septic Leaching,Unsafe for Drinking
21018D,Madurai,Thirumangalam,Peikulam,2012-07-06,2012,7,Pre-Monsoon,9.645833,77.991111,Original,1121.0,3940,7.9,0.1,64.0,92,153.09,32.0,47.0,284,27,0.0,408.7,860,0.4747975,0.0,7.036054,199.73,Poor,0.47,-10.49,13.11,S1 (Low),C4 (Very High),C4-S1,Safe (<1.25),Unsuitable,Unsuitable,Safe (<1.0 mg/L),Anthropogenic High (45-100 mg/L),Agricultural Fertilizer Runoff,Unsafe for Drinking
21025D,Madurai,Madurai North,Varichiyur,2012-07-02,2012,7,Pre-Monsoon,9.908889,78.256111,Original,1177.0,1980,8.7,0.69,30.0,40,72.9,276.0,25.0,411,53,12.0,305.0,400,6.004549,0.0,58.16615,161.53,Poor,6.0,-2.6,61.25,S1 (Low),C3 (High),C3-S1,Safe (<1.25),Permissible to Doubtful,Good / Permissible,Safe (<1.0 mg/L),Acceptable (10-45 mg/L),Within Drinking Norms,Unsafe for Drinking
21026D,Madurai,Vadipatti,Senthamangalam,2012-07-02,2012,7,Pre-Monsoon,10.138333,78.141111,Original,551.0,1020,7.9,0.82,16.0,24,81.405,55.0,13.0,106,24,0.0,353.8,395,1.204008,0.0,22.52442,100.25,Poor,1.2,-2.1,25.64,S1 (Low),C3 (High),C3-S1,Safe (<1.25),Permissible to Doubtful,Good / Permissible,Safe (<1.0 mg/L),Acceptable (10-45 mg/L),Within Drinking Norms,Permissible / Marginal
21027D,Madurai,Vadipatti,Thiruvedagam,2012-07-03,2012,7,Pre-Monsoon,10.019444,77.972222,Original,640.0,1200,7.8,0.92,8.0,40,78.975,85.0,9.0,160,20,0.0,420.9,425,1.793991,0.0,29.76322,105.92,Poor,1.79,-1.6,31.6,S1 (Low),C3 (High),C3-S1,Safe (<1.25),Permissible to Doubtful,Good / Permissible,Safe (<1.0 mg/L),Natural Background (<10 mg/L),Within Drinking Norms,Permissible / Marginal
21028D,Madurai,Usilampatti,Veppanuthu,2012-07-04,2012,7,Pre-Monsoon,9.897222,77.841667,Original,1266.0,2210,8.5,1.0,21.0,40,85.05,290.0,27.0,482,53,12.0,347.7,450,5.948163,0.0,56.56728,171.63,Poor,5.95,-2.9,59.65,S1 (Low),C3 (High),C3-S1,Safe (<1.25),Doubtful to Unsuitable,Good / Permissible,Permissible (1.0-1.5 mg/L),Acceptable (10-45 mg/L),Within Drinking Norms,Permissible / Marginal
21029D,Madurai,Usilampatti,Vikramangalam,2012-07-03,2012,7,Pre-Monsoon,10.021667,77.886667,Original,2119.0,3730,8.3,0.33,31.0,128,165.24,386.0,51.0,752,197,6.0,591.7,1000,5.311465,0.0,44.09208,267.86,Very Poor,5.31,-10.09,47.5,S1 (Low),C4 (Very High),C4-S1,Safe (<1.25),Unsuitable,Unsuitable,Safe (<1.0 mg/L),Acceptable (10-45 mg/L),Within Drinking Norms,Unsafe for Drinking
21030D,Madurai,Peraiyur,Kunnathur,2012-07-09,2012,7,Pre-Monsoon,9.746944,77.889444,Original,414.0,730,8.0,0.87,7.0,56,26.73,55.0,9.0,43,27,2.513899,267.4361,250,1.513937,0.0,31.40909,77.46,Good,1.51,-0.53,34.42,S1 (Low),C2 (Medium),C2-S1,Safe (<1.25),Good to Permissible,Excellent,Safe (<1.0 mg/L),Natural Background (<10 mg/L),Within Drinking Norms,Permissible / Marginal
21031D,Madurai,Usilampatti,Uthappanaickanur,2012-07-04,2012,7,Pre-Monsoon,10.035556,77.791111,Original,1420.0,2370,7.9,0.94,49.0,116,126.36,173.0,35.0,347,154,0.0,500.2,810,2.645115,0.0,30.58089,199.28,Poor,2.64,-7.99,34.21,S1 (Low),C4 (Very High),C4-S1,Safe (<1.25),Doubtful to Unsuitable,Marginal / Moderate,Safe (<1.0 mg/L),Anthropogenic High (45-100 mg/L),Agricultural Fertilizer Runoff,Unsafe for Drinking
21032D,Madurai,Usilampatti,Doddappanaickanur,2012-07-04,2012,7,Pre-Monsoon,9.971111,77.736111,Original,873.0,1640,8.0,0.85,7.0,40,92.34,156.0,9.0,227,67,0.0,500.2,480,3.098061,0.0,40.8515,131.07,Poor,3.1,-1.4,42.22,S1 (Low),C3 (High),C3-S1,Safe (<1.25),Permissible to Doubtful,Good / Permissible,Safe (<1.0 mg/L),Natural Background (<10 mg/L),Within Drinking Norms,Permissible / Marginal
21033D,Madurai,Usilampatti,Usilampatti,2012-07-04,2012,7,Pre-Monsoon,9.959722,77.791667,Original,2360.0,4000,7.6,1.4,98.0,56,272.16,336.0,66.0,737,91,0.0,732.0,1260,4.11817,0.0,35.22297,315.25,Unsuitable,4.12,-13.2,39.28,S1 (Low),C4 (Very High),C4-S1,Safe (<1.25),Unsuitable,Unsuitable,Permissible (1.0-1.5 mg/L),Anthropogenic High (45-100 mg/L),Urban Domestic / Septic Leaching,Unsafe for Drinking
21035D,Madurai,Madurai North,Madurai North,2012-07-09,2012,7,Pre-Monsoon,9.843056,78.141667,Original,1672.0,2850,8.0,0.53,40.0,72,97.2,414.0,14.0,454,91,0.0,707.6,580,7.480142,0.006951519,60.11161,196.95,Poor,7.48,0.0,61.29,S1 (Low),C4 (Very High),C4-S1,Safe (<1.25),Doubtful to Unsuitable,Marginal / Moderate,Safe (<1.0 mg/L),Acceptable (10-45 mg/L),Within Drinking Norms,Permissible / Marginal
21036D,Madurai,Madurai North,Koolapandi,2012-07-02,2012,7,Pre-Monsoon,10.008333,78.147222,Original,375.0,710,8.2,1.2,4.0,18,49.815,53.0,4.0,57,15,3.815454,256.1053,250,1.458416,0.0,31.13209,81.61,Good,1.46,-0.67,32.5,S1 (Low),C2 (Medium),C2-S1,Safe (<1.25),Good to Permissible,Excellent,Permissible (1.0-1.5 mg/L),Natural Background (<10 mg/L),Within Drinking Norms,Permissible / Marginal
21037D,Madurai,Thirumangalam,Kandai,2012-07-09,2012,7,Pre-Monsoon,9.877778,77.913333,Original,703.0,1320,8.0,1.3,13.0,20,87.48,110.0,13.0,191,30,0.0,390.4,410,2.363497,0.0,35.938,120.09,Poor,2.36,-1.8,38.42,S1 (Low),C3 (High),C3-S1,Safe (<1.25),Permissible to Doubtful,Good / Permissible,Permissible (1.0-1.5 mg/L),Acceptable (10-45 mg/L),Within Drinking Norms,Permissible / Marginal
21038,Madurai,Vadipatti,Saranthangi,2012-07-02,2012,7,Pre-Monsoon,10.100556,78.151944,Original,584.0,1010,8.0,0.69,26.0,40,66.825,58.0,13.0,60,53,0.0,353.8,375,1.303226,0.0,24.37443,101.95,Poor,1.3,-1.7,27.58,S1 (Low),C3 (High),C3-S1,Safe (<1.25),Permissible to Doubtful,Good / Permissible,Safe (<1.0 mg/L),Acceptable (10-45 mg/L),Within Drinking Norms,Permissible / Marginal
21039,Madurai,Usilampatti,K.nattarpatti,2012-07-03,2012,7,Pre-Monsoon,9.968889,77.863611,Original,582.0,1120,7.8,2.5,7.0,50,87.48,28.0,20.0,149,26,0.0,378.2,485,0.5532116,0.0,10.66187,125.83,Poor,0.55,-3.5,15.13,S1 (Low),C3 (High),C3-S1,Safe (<1.25),Permissible to Doubtful,Good / Permissible,Skeletal Fluorosis Risk (>2.0 mg/L),Natural Background (<10 mg/L),Within Drinking Norms,Unsafe for Drinking
21040,Madurai,Peraiyur,T.kallipatti,2012-07-09,2012,7,Pre-Monsoon,9.715833,77.859444,Original,373.0,670,7.6,1.4,7.0,16,41.31,64.0,4.0,71,19,0.7828593,209.1972,210,1.921541,0.0,39.29799,70.32,Good,1.92,-0.74,40.73,S1 (Low),C2 (Medium),C2-S1,Safe (<1.25),Good to Permissible,Excellent,Permissible (1.0-1.5 mg/L),Natural Background (<10 mg/L),Within Drinking Norms,Permissible / Marginal
21041,Madurai,Peraiyur,Sedapatti,2012-07-09,2012,7,Pre-Monsoon,9.826389,77.8,Original,663.0,1220,8.1,1.8,13.0,36,65.61,117.0,5.0,89,53,0.0,481.9,360,2.683094,0.7034883,41.00048,119.46,Poor,2.68,0.7,42.02,S1 (Low),C3 (High),C3-S1,Safe (<1.25),Permissible to Doubtful,Good / Permissible,Dental Fluorosis Risk (1.5-2.0 mg/L),Acceptable (10-45 mg/L),Within Drinking Norms,Unsafe for Drinking
21042,Madurai,Peraiyur,Saptur,2012-07-04,2012,7,Pre-Monsoon,9.764722,77.740278,Original,442.0,790,7.9,1.86,9.0,14,34.02,106.0,4.0,46,23,2.148997,287.8113,175,3.48634,1.291136,56.15223,84.9,Good,3.48,1.29,57.38,S1 (Low),C3 (High),C3-S1,Marginal (1.25-2.5),Permissible to Doubtful,Marginal / Moderate,Dental Fluorosis Risk (1.5-2.0 mg/L),Natural Background (<10 mg/L),Within Drinking Norms,Unsafe for Drinking
21068,Madurai,Vadipatti,Alanganallur,2012-07-02,2012,7,Pre-Monsoon,10.048333,78.083889,Original,674.0,1100,8.0,0.45,44.0,40,89.91,48.0,7.0,174,39,0.0,164.7,470,0.9633408,0.0,17.90391,108.08,Poor,0.96,-6.7,19.43,S1 (Low),C3 (High),C3-S1,Safe (<1.25),Permissible to Doubtful,Good / Permissible,Safe (<1.0 mg/L),Acceptable (10-45 mg/L),Within Drinking Norms,Permissible / Marginal
21069,Madurai,Vadipatti,Maduvarpatti,2012-07-02,2012,7,Pre-Monsoon,10.080278,78.124722,Original,695.0,1130,8.3,0.54,30.0,46,29.16,140.0,29.0,121,36,0.0,317.2,235,3.974508,0.5041738,52.8317,109.14,Poor,3.97,0.5,59.26,S1 (Low),C3 (High),C3-S1,Safe (<1.25),Permissible to Doubtful,Good / Permissible,Safe (<1.0 mg/L),Acceptable (10-45 mg/L),Within Drinking Norms,Permissible / Marginal
83004A,Madurai,Thirumangalam,Kallikudi,2012-07-06,2012,7,Pre-Monsoon,9.7025,77.943333,Original,1838.0,2870,8.2,0.73,89.0,44,106.92,368.0,90.0,482,184,0.0,396.5,550,6.827307,0.0,54.62613,240.52,Very Poor,6.82,-4.5,62.47,S1 (Low),C4 (Very High),C4-S1,Safe (<1.25),Doubtful to Unsuitable,Marginal / Moderate,Safe (<1.0 mg/L),Anthropogenic High (45-100 mg/L),Agricultural Fertilizer Runoff,Unsafe for Drinking
83005,Madurai,Madurai South,Thiruparankundram,2012-07-06,2012,7,Pre-Monsoon,9.879167,78.114444,Original,1681.0,3180,8.8,1.0,20.0,40,218.7,262.0,20.0,624,115,12.0,603.9,1000,3.604521,0.0,35.72482,245.59,Very Poor,3.6,-9.7,37.31,S1 (Low),C4 (Very High),C4-S1,Safe (<1.25),Unsuitable,Unsuitable,Permissible (1.0-1.5 mg/L),Acceptable (10-45 mg/L),Within Drinking Norms,Unsafe for Drinking
83006,Madurai,Thirumangalam,Sathangudi,2012-07-09,2012,7,Pre-Monsoon,9.839167,77.939722,Original,3337.0,5730,8.4,0.54,87.0,104,311.04,644.0,25.0,1347,225,6.0,579.5,1540,7.13998,0.0,47.12983,390.49,Unsuitable,7.14,-21.09,48.19,S1 (Low),C4 (Very High),C4-S1,Safe (<1.25),Unsuitable,Unsuitable,Safe (<1.0 mg/L),Anthropogenic High (45-100 mg/L),Urban Domestic / Septic Leaching,Unsafe for Drinking
83013,Madurai,Usilampatti,Usilamaptti,2012-07-04,2012,7,Pre-Monsoon,9.966111,77.7925,Original,600.0,1050,8.1,1.2,3.0,10,48.6,143.0,11.0,174,43,0.0,311.1,225,4.147583,0.6011025,56.54825,98.59,Good,4.15,0.6,59.09,S1 (Low),C3 (High),C3-S1,Safe (<1.25),Permissible to Doubtful,Good / Permissible,Permissible (1.0-1.5 mg/L),Natural Background (<10 mg/L),Within Drinking Norms,Permissible / Marginal
83014A,Madurai,Vadipatti,Thiruvedagam,2012-07-03,2012,7,Pre-Monsoon,10.020556,77.963611,Original,410.0,770,7.8,0.55,4.0,36,38.88,60.0,9.0,78,18,1.473822,248.4946,250,1.651289,0.0,33.30606,70.79,Good,1.65,-0.87,36.23,S1 (Low),C3 (High),C3-S1,Safe (<1.25),Permissible to Doubtful,Good / Permissible,Safe (<1.0 mg/L),Natural Background (<10 mg/L),Within Drinking Norms,Permissible / Marginal
83014B,Madurai,Vadipatti,Mullipallam,2012-07-03,2012,7,Pre-Monsoon,10.019444,77.950556,Original,808.0,1490,7.9,0.57,2.0,40,60.75,179.0,16.0,255,25,0.0,445.3,350,4.163259,0.3038639,51.25624,113.45,Poor,4.16,0.3,53.94,S1 (Low),C3 (High),C3-S1,Safe (<1.25),Permissible to Doubtful,Good / Permissible,Safe (<1.0 mg/L),Natural Background (<10 mg/L),Within Drinking Norms,Permissible / Marginal
83048,Madurai,Thirumangalam,Puliankulam (M),2012-07-06,2012,7,Pre-Monsoon,9.651667,77.909167,Original,225.0,390,8.2,1.01,3.0,22,10.935,48.0,4.0,25,8,2.200731,147.72,100,2.089069,0.4969509,49.85491,57.32,Good,2.09,0.5,52.29,S1 (Low),C2 (Medium),C2-S1,Safe (<1.25),Permissible to Doubtful,Good / Permissible,Permissible (1.0-1.5 mg/L),Natural Background (<10 mg/L),Within Drinking Norms,Permissible / Marginal
83049,Madurai,Thirumangalam,Peikulam,2012-07-06,2012,7,Pre-Monsoon,9.645556,77.990278,Original,1603.0,2740,8.0,0.19,73.0,100,189.54,175.0,11.0,674,58,0.0,146.4,1030,2.372565,0.0,26.7271,208.81,Very Poor,2.37,-18.19,27.7,S1 (Low),C4 (Very High),C4-S1,Safe (<1.25),Doubtful to Unsuitable,Marginal / Moderate,Safe (<1.0 mg/L),Anthropogenic High (45-100 mg/L),Urban Domestic / Septic Leaching,Unsafe for Drinking
83051,Madurai,Peraiyur,Karaikeni,2012-07-09,2012,7,Pre-Monsoon,9.708333,77.968333,Original,681.0,1140,8.2,1.81,30.0,18,51.03,143.0,15.0,163,22,0.0,274.5,255,3.896191,0.0,53.1581,117.77,Poor,3.89,-0.6,56.42,S1 (Low),C3 (High),C3-S1,Safe (<1.25),Permissible to Doubtful,Good / Permissible,Dental Fluorosis Risk (1.5-2.0 mg/L),Acceptable (10-45 mg/L),Within Drinking Norms,Unsafe for Drinking
83062A,Madurai,Thirumangalam,Kappalur,2012-07-09,2012,7,Pre-Monsoon,9.840278,78.016667,Original,1223.0,2200,8.0,0.41,4.0,40,126.36,230.0,24.0,553,72,0.0,317.2,620,4.01884,0.0,43.47422,161.5,Poor,4.02,-7.2,46.13,S1 (Low),C3 (High),C3-S1,Safe (<1.25),Doubtful to Unsuitable,Good / Permissible,Safe (<1.0 mg/L),Natural Background (<10 mg/L),Within Drinking Norms,Unsafe for Drinking
83064,Madurai,Peraiyur,Thirumanickam,2012-07-04,2012,7,Pre-Monsoon,9.848889,77.752222,Original,470.0,780,8.2,0.86,22.0,20,30.375,99.0,6.0,89,20,2.64111,177.2796,175,3.256346,0.0,54.11703,81.16,Good,3.25,-0.5,56.03,S1 (Low),C3 (High),C3-S1,Safe (<1.25),Permissible to Doubtful,Good / Permissible,Safe (<1.0 mg/L),Acceptable (10-45 mg/L),Within Drinking Norms,Safe Drinking Water
83073,Madurai,Thirumangalam,Chokkanathapuram,2012-07-04,2012,7,Pre-Monsoon,9.938056,77.965278,Original,379.0,630,7.9,0.41,12.0,30,38.88,39.0,7.0,142,35,0.4073299,54.55296,235,1.107025,0.0,25.81285,65.5,Good,1.11,-3.79,28.53,S1 (Low),C2 (Medium),C2-S1,Safe (<1.25),Good to Permissible,Excellent,Safe (<1.0 mg/L),Acceptable (10-45 mg/L),Within Drinking Norms,Permissible / Marginal
83082,Madurai,Usilampatti,Uthappanaickanur,2012-07-04,2012,7,Pre-Monsoon,10.033333,77.787778,Original,797.0,1450,8.7,0.91,11.0,32,89.91,129.0,13.0,241,58,12.0,347.7,450,2.645807,0.0,37.56033,135.78,Poor,2.64,-2.9,39.77,S1 (Low),C3 (High),C3-S1,Safe (<1.25),Permissible to Doubtful,Good / Permissible,Safe (<1.0 mg/L),Acceptable (10-45 mg/L),Within Drinking Norms,Unsafe for Drinking
83099,Madurai,Madurai North,Kadavur,2012-07-02,2012,7,Pre-Monsoon,10.075,78.175,Original,1606.0,3000,8.6,0.63,45.0,40,277.02,124.0,26.0,638,77,6.0,439.2,1240,1.531969,0.0,17.4835,248.74,Very Poor,1.53,-17.4,19.63,S1 (Low),C4 (Very High),C4-S1,Safe (<1.25),Unsuitable,Marginal / Moderate,Safe (<1.0 mg/L),Acceptable (10-45 mg/L),Within Drinking Norms,Unsafe for Drinking
21019D,Madurai,Melur,Karungalakudi,2012-07-13,2012,7,Pre-Monsoon,10.155556,78.369167,Original,600.0,1040,8.0,0.9,3.0,40,29.16,145.0,11.0,191,23,0.0,292.8,220,4.254349,0.4036569,57.42015,91.22,Good,4.25,0.4,59.97,S1 (Low),C3 (High),C3-S1,Safe (<1.25),Permissible to Doubtful,Good / Permissible,Safe (<1.0 mg/L),Natural Background (<10 mg/L),Within Drinking Norms,Permissible / Marginal
21020D,Madurai,Melur,Pallapatti,2012-07-13,2012,7,Pre-Monsoon,10.247222,78.386111,Original,518.0,970,8.1,0.72,10.0,6,85.05,62.0,6.0,128,23,0.0,329.4,365,1.411789,0.0,26.57439,95.88,Good,1.41,-1.9,28.07,S1 (Low),C3 (High),C3-S1,Safe (<1.25),Permissible to Doubtful,Good / Permissible,Safe (<1.0 mg/L),Acceptable (10-45 mg/L),Within Drinking Norms,Permissible / Marginal
21021D,Madurai,Melur,Athipatti,2012-07-13,2012,7,Pre-Monsoon,10.086111,78.391667,Original,638.0,1170,8.3,0.67,2.0,16,47.385,166.0,5.0,181,18,0.0,390.4,235,4.711359,1.70148,59.94106,98.57,Good,4.71,1.7,60.99,S1 (Low),C3 (High),C3-S1,Marginal (1.25-2.5),Permissible to Doubtful,Marginal / Moderate,Safe (<1.0 mg/L),Natural Background (<10 mg/L),Within Drinking Norms,Permissible / Marginal
21022D,Madurai,Melur,Pulipatti,2012-07-13,2012,7,Pre-Monsoon,10.086111,78.291667,Original,1621.0,3020,8.4,0.59,3.0,136,77.76,373.0,16.0,780,25,12.0,475.8,660,6.318814,0.0,54.40914,198.85,Poor,6.32,-4.99,55.77,S1 (Low),C4 (Very High),C4-S1,Safe (<1.25),Unsuitable,Unsuitable,Safe (<1.0 mg/L),Natural Background (<10 mg/L),Within Drinking Norms,Unsafe for Drinking
21023D,Madurai,Melur,Uranganpatti,2012-07-13,2012,7,Pre-Monsoon,9.998333,78.43,Original,266.0,460,8.2,0.67,9.0,20,30.375,30.0,4.0,39,9,2.200731,147.72,175,0.9867716,0.0,26.60497,61.84,Good,0.99,-1.0,28.68,S1 (Low),C2 (Medium),C2-S1,Safe (<1.25),Good to Permissible,Excellent,Safe (<1.0 mg/L),Natural Background (<10 mg/L),Within Drinking Norms,Safe Drinking Water
21024D,Madurai,Melur,Thiruvadur,2012-07-13,2012,7,Pre-Monsoon,9.956944,78.319444,Original,1483.0,2610,8.2,0.5,26.0,148,89.91,276.0,17.0,503,30,0.0,610.0,740,4.415566,0.0,44.09739,190.86,Poor,4.41,-4.79,45.68,S1 (Low),C4 (Very High),C4-S1,Safe (<1.25),Doubtful to Unsuitable,Marginal / Moderate,Safe (<1.0 mg/L),Acceptable (10-45 mg/L),Within Drinking Norms,Unsafe for Drinking
21034D,Madurai,Melur,Chittampatti,2012-07-13,2012,7,Pre-Monsoon,10.0,78.275,Original,250.0,450,8.0,0.57,1.0,18,21.87,44.0,4.0,89,7,0.9307806,99.01922,135,1.64785,0.0,40.59913,52.39,Good,1.65,-1.04,42.76,S1 (Low),C2 (Medium),C2-S1,Safe (<1.25),Permissible to Doubtful,Good / Permissible,Safe (<1.0 mg/L),Natural Background (<10 mg/L),Within Drinking Norms,Safe Drinking Water
83016A,Madurai,Melur,Chittampatti,2012-07-13,2012,7,Pre-Monsoon,9.988056,78.243056,Original,190.0,370,8.1,0.23,1.0,16,25.515,19.0,2.0,35,6,1.51968,128.4174,145,0.686563,0.0,21.889,46.61,Excellent,0.69,-0.74,23.23,S1 (Low),C2 (Medium),C2-S1,Safe (<1.25),Good to Permissible,Excellent,Safe (<1.0 mg/L),Natural Background (<10 mg/L),Within Drinking Norms,Safe Drinking Water
83095,Madurai,Melur,Pulipatti,2012-07-13,2012,7,Pre-Monsoon,10.084444,78.288889,Original,1786.0,3240,7.8,0.88,4.0,112,121.5,377.0,18.0,851,101,0.0,378.2,780,5.87402,0.0,50.5407,210.46,Very Poor,5.87,-9.39,51.95,S1 (Low),C4 (Very High),C4-S1,Safe (<1.25),Unsuitable,Unsuitable,Safe (<1.0 mg/L),Natural Background (<10 mg/L),Within Drinking Norms,Unsafe for Drinking
83506,Madurai,Melur,Kottampatti,2012-07-13,2012,7,Pre-Monsoon,10.1612,78.3341,Gazetteer,1964.0,3570,7.6,1.2,44.0,80,252.72,267.0,14.0,893,67,0.0,390.4,1240,3.2989,0.0,31.59366,255.88,Very Poor,3.3,-18.39,32.55,S1 (Low),C4 (Very High),C4-S1,Safe (<1.25),Unsuitable,Unsuitable,Permissible (1.0-1.5 mg/L),Acceptable (10-45 mg/L),Within Drinking Norms,Unsafe for Drinking
21001D,Madurai,Madurai South,Thiruparankundram,2013-01-04,2013,1,Post-Monsoon,9.877778,78.097222,Original,1856.0,3310,7.7,1.21,18.0,80,131.22,442.0,6.0,610,149,0.0,652.7,740,7.069931,0.0,56.2662,217.33,Very Poor,7.07,-4.1,56.7,S1 (Low),C4 (Very High),C4-S1,Safe (<1.25),Unsuitable,Unsuitable,Permissible (1.0-1.5 mg/L),Acceptable (10-45 mg/L),Within Drinking Norms,Unsafe for Drinking
21003D,Madurai,Peraiyur,Chinnakattalai,2013-01-07,2013,1,Post-Monsoon,9.845556,77.796667,Original,1327.0,2200,8.2,1.06,40.0,52,89.91,290.0,8.0,298,149,0.0,524.6,500,5.643103,0.0,55.29564,173.15,Poor,5.64,-1.4,56.18,S1 (Low),C3 (High),C3-S1,Safe (<1.25),Doubtful to Unsuitable,Good / Permissible,Permissible (1.0-1.5 mg/L),Acceptable (10-45 mg/L),Within Drinking Norms,Permissible / Marginal
21005D,Madurai,Madurai South,Eliyarpatti,2013-01-04,2013,1,Post-Monsoon,9.794444,78.090278,Original,1039.0,1740,8.2,1.2,34.0,102,43.74,221.0,4.0,241,13,0.0,524.6,435,4.611822,0.0,52.23056,143.98,Poor,4.61,-0.09,52.77,S1 (Low),C3 (High),C3-S1,Safe (<1.25),Permissible to Doubtful,Good / Permissible,Permissible (1.0-1.5 mg/L),Acceptable (10-45 mg/L),Within Drinking Norms,Permissible / Marginal
21006D,Madurai,Peraiyur,Elumalai RF,2013-01-08,2013,1,Post-Monsoon,9.861111,77.7,Original,1045.0,1910,7.2,1.1,12.0,60,68.04,248.0,8.0,241,20,0.0,695.4,430,5.204213,2.805347,55.07941,130.11,Poor,5.2,2.8,56.11,S1 (Low),C3 (High),C3-S1,Unsuitable (>2.5),Permissible to Doubtful,Unsuitable,Permissible (1.0-1.5 mg/L),Acceptable (10-45 mg/L),Within Drinking Norms,Permissible / Marginal
21007D,Madurai,Thirumangalam,Kallikudi,2013-01-04,2013,1,Post-Monsoon,9.693889,77.971111,Original,1892.0,3510,7.6,0.88,10.0,272,228.42,74.0,6.0,752,250,0.0,524.6,1620,0.8000882,0.0,9.005548,260.7,Very Poor,0.8,-23.78,9.43,S1 (Low),C4 (Very High),C4-S1,Safe (<1.25),Unsuitable,Unsuitable,Safe (<1.0 mg/L),Acceptable (10-45 mg/L),Within Drinking Norms,Unsafe for Drinking
21008D,Madurai,Madurai South,Melamathur,2013-01-02,2013,1,Post-Monsoon,9.968056,78.007778,Original,774.0,1340,8.0,0.91,15.0,58,49.815,138.0,25.0,152,82,0.0,402.6,350,3.210012,0.0,44.02156,119.71,Poor,3.21,-0.4,48.7,S1 (Low),C3 (High),C3-S1,Safe (<1.25),Permissible to Doubtful,Good / Permissible,Safe (<1.0 mg/L),Acceptable (10-45 mg/L),Within Drinking Norms,Permissible / Marginal
21009D,Madurai,Thirumangalam,Kappalur,2013-01-05,2013,1,Post-Monsoon,9.843056,78.018611,Original,1207.0,2090,7.5,0.6,32.0,148,80.19,170.0,9.0,369,45,0.0,488.0,700,2.796427,0.0,34.21932,153.21,Poor,2.8,-5.99,35.27,S1 (Low),C3 (High),C3-S1,Safe (<1.25),Doubtful to Unsuitable,Good / Permissible,Safe (<1.0 mg/L),Acceptable (10-45 mg/L),Within Drinking Norms,Unsafe for Drinking
21010D,Madurai,Madurai North,Karupayoorani,2013-01-03,2013,1,Post-Monsoon,9.931944,78.177778,Original,1149.0,1950,7.2,0.47,10.0,48,41.31,322.0,28.0,390,21,0.0,512.4,290,8.228456,2.60415,68.26602,124.96,Poor,8.22,2.6,71.75,S1 (Low),C3 (High),C3-S1,Unsuitable (>2.5),Doubtful to Unsuitable,Unsuitable,Safe (<1.0 mg/L),Acceptable (10-45 mg/L),Within Drinking Norms,Permissible / Marginal
21011D,Madurai,Peraiyur,Mallapuram,2013-01-08,2013,1,Post-Monsoon,9.805556,77.668333,Original,280.0,530,8.0,1.1,6.0,32,31.59,25.0,1.0,35,12,1.768902,188.1811,210,0.7507231,0.0,20.48121,65.37,Good,0.75,-1.05,20.95,S1 (Low),C2 (Medium),C2-S1,Safe (<1.25),Good to Permissible,Excellent,Permissible (1.0-1.5 mg/L),Natural Background (<10 mg/L),Within Drinking Norms,Permissible / Marginal
21012D,Madurai,Thirumangalam,Kurayur,2013-01-04,2013,1,Post-Monsoon,9.694444,78.025,Original,1076.0,1810,7.7,0.94,32.0,56,53.46,265.0,5.0,220,86,0.0,500.2,360,6.077808,1.00514,61.15521,133.43,Poor,6.07,1.0,61.82,S1 (Low),C3 (High),C3-S1,Safe (<1.25),Doubtful to Unsuitable,Marginal / Moderate,Safe (<1.0 mg/L),Acceptable (10-45 mg/L),Within Drinking Norms,Permissible / Marginal
21013D,Madurai,Vadipatti,Manianji,2013-01-03,2013,1,Post-Monsoon,10.004167,78.1025,Original,502.0,910,8.6,0.61,15.0,40,40.095,87.0,6.0,64,23,6.0,341.6,265,2.32565,0.5037373,40.98532,95.19,Good,2.32,0.5,42.63,S1 (Low),C3 (High),C3-S1,Safe (<1.25),Permissible to Doubtful,Good / Permissible,Safe (<1.0 mg/L),Acceptable (10-45 mg/L),Within Drinking Norms,Unsafe for Drinking
21014D,Madurai,Madurai South,Kilakuilkudi,2013-01-07,2013,1,Post-Monsoon,9.928333,78.055,Original,1499.0,2680,7.8,0.88,15.0,28,82.62,442.0,10.0,447,134,0.0,573.4,410,9.497352,1.202821,69.46375,172.32,Poor,9.49,1.2,70.38,S1 (Low),C4 (Very High),C4-S1,Safe (<1.25),Doubtful to Unsuitable,Marginal / Moderate,Safe (<1.0 mg/L),Acceptable (10-45 mg/L),Within Drinking Norms,Permissible / Marginal
21015D,Madurai,Peraiyur,Peraiyur,2013-01-07,2013,1,Post-Monsoon,9.74,77.793333,Original,541.0,990,8.0,0.64,9.0,82,46.17,51.0,3.0,92,32,0.0,390.4,395,1.116791,0.0,21.7775,93.09,Good,1.12,-1.49,22.52,S1 (Low),C3 (High),C3-S1,Safe (<1.25),Permissible to Doubtful,Good / Permissible,Safe (<1.0 mg/L),Natural Background (<10 mg/L),Within Drinking Norms,Permissible / Marginal
21016D,Madurai,Peraiyur,Subbulapuram,2013-01-03,2013,1,Post-Monsoon,9.675556,77.809444,Original,295.0,550,7.3,0.28,5.0,56,21.87,20.0,4.0,35,15,0.3743886,199.6156,230,0.5739832,0.0,15.62811,46.18,Excellent,0.57,-1.31,17.46,S1 (Low),C2 (Medium),C2-S1,Safe (<1.25),Good to Permissible,Excellent,Safe (<1.0 mg/L),Natural Background (<10 mg/L),Within Drinking Norms,Permissible / Marginal
21017D,Madurai,Thirumangalam,Thangalacheri,2013-01-05,2013,1,Post-Monsoon,9.836111,77.868889,Original,1898.0,3310,7.8,0.48,74.0,176,150.66,276.0,18.0,525,106,0.0,634.4,1060,3.68908,0.0,35.68079,239.23,Very Poor,3.69,-10.79,37.04,S1 (Low),C4 (Very High),C4-S1,Safe (<1.25),Unsuitable,Unsuitable,Safe (<1.0 mg/L),Anthropogenic High (45-100 mg/L),Urban Domestic / Septic Leaching,Unsafe for Drinking
21018D,Madurai,Thirumangalam,Peikulam,2013-01-04,2013,1,Post-Monsoon,9.645833,77.991111,Original,1348.0,2140,7.6,0.08,63.0,152,58.32,150.0,113.0,305,101,0.0,384.3,620,2.621984,0.0,29.93035,190.72,Poor,2.62,-6.09,43.18,S1 (Low),C3 (High),C3-S1,Safe (<1.25),Doubtful to Unsuitable,Good / Permissible,Safe (<1.0 mg/L),Anthropogenic High (45-100 mg/L),Agricultural Fertilizer Runoff,Unsafe for Drinking
21025D,Madurai,Madurai North,Varichiyur,2013-01-03,2013,1,Post-Monsoon,9.908889,78.256111,Original,1344.0,2230,7.6,0.79,32.0,120,75.33,276.0,8.0,390,91,0.0,481.9,610,4.863337,0.0,49.20763,162.02,Poor,4.86,-4.29,50.03,S1 (Low),C3 (High),C3-S1,Safe (<1.25),Doubtful to Unsuitable,Good / Permissible,Safe (<1.0 mg/L),Acceptable (10-45 mg/L),Within Drinking Norms,Unsafe for Drinking
21026D,Madurai,Vadipatti,Senthamangalam,2013-01-03,2013,1,Post-Monsoon,10.138333,78.141111,Original,622.0,1100,8.0,0.68,22.0,48,68.04,67.0,14.0,113,30,0.0,366.0,400,1.457688,0.0,25.8668,105.65,Poor,1.46,-2.0,29.03,S1 (Low),C3 (High),C3-S1,Safe (<1.25),Permissible to Doubtful,Good / Permissible,Safe (<1.0 mg/L),Acceptable (10-45 mg/L),Within Drinking Norms,Permissible / Marginal
21027D,Madurai,Vadipatti,Thiruvedagam,2013-01-02,2013,1,Post-Monsoon,10.019444,77.972222,Original,560.0,1040,7.0,1.07,6.0,48,60.75,60.0,22.0,99,33,0.0,414.8,370,1.35731,0.0,24.69825,87.91,Good,1.36,-0.6,30.01,S1 (Low),C3 (High),C3-S1,Safe (<1.25),Permissible to Doubtful,Good / Permissible,Permissible (1.0-1.5 mg/L),Natural Background (<10 mg/L),Within Drinking Norms,Permissible / Marginal
21028D,Madurai,Usilampatti,Veppanuthu,2013-01-08,2013,1,Post-Monsoon,9.897222,77.841667,Original,1479.0,2580,7.7,1.23,23.0,80,104.49,322.0,13.0,510,77,0.0,536.8,630,5.582281,0.0,52.01095,183.69,Poor,5.58,-3.79,53.23,S1 (Low),C4 (Very High),C4-S1,Safe (<1.25),Doubtful to Unsuitable,Marginal / Moderate,Permissible (1.0-1.5 mg/L),Acceptable (10-45 mg/L),Within Drinking Norms,Unsafe for Drinking
21029D,Madurai,Usilampatti,Vikramangalam,2013-01-02,2013,1,Post-Monsoon,10.021667,77.886667,Original,2295.0,4150,7.4,0.34,15.0,224,225.99,179.0,158.0,851,221,0.0,744.2,1490,2.017936,0.0,18.71555,328.53,Unsuitable,2.02,-17.58,28.42,S1 (Low),C4 (Very High),C4-S1,Safe (<1.25),Unsuitable,Unsuitable,Safe (<1.0 mg/L),Acceptable (10-45 mg/L),Within Drinking Norms,Unsafe for Drinking
21030D,Madurai,Peraiyur,Kunnathur,2013-01-05,2013,1,Post-Monsoon,9.746944,77.889444,Original,498.0,910,7.9,0.93,8.0,66,29.16,78.0,9.0,60,28,2.33428,312.626,285,2.010918,0.0,36.4182,85.21,Good,2.01,-0.49,38.88,S1 (Low),C3 (High),C3-S1,Safe (<1.25),Permissible to Doubtful,Good / Permissible,Safe (<1.0 mg/L),Natural Background (<10 mg/L),Within Drinking Norms,Permissible / Marginal
21031D,Madurai,Usilampatti,Uthappanaickanur,2013-01-07,2013,1,Post-Monsoon,10.035556,77.791111,Original,1776.0,3220,7.2,0.53,34.0,160,179.82,147.0,137.0,510,139,0.0,707.6,1140,1.894538,0.0,19.56596,264.34,Very Poor,1.89,-11.19,30.28,S1 (Low),C4 (Very High),C4-S1,Safe (<1.25),Unsuitable,Unsuitable,Safe (<1.0 mg/L),Acceptable (10-45 mg/L),Within Drinking Norms,Unsafe for Drinking
21032D,Madurai,Usilampatti,Doddappanaickanur,2013-01-07,2013,1,Post-Monsoon,9.971111,77.736111,Original,858.0,1500,7.9,0.68,24.0,68,77.76,133.0,4.0,170,72,0.0,457.5,490,2.614511,0.0,36.89591,124.36,Poor,2.61,-2.3,37.54,S1 (Low),C3 (High),C3-S1,Safe (<1.25),Permissible to Doubtful,Good / Permissible,Safe (<1.0 mg/L),Acceptable (10-45 mg/L),Within Drinking Norms,Permissible / Marginal
21033D,Madurai,Usilampatti,Usilampatti,2013-01-07,2013,1,Post-Monsoon,9.959722,77.791667,Original,2306.0,4270,8.2,1.21,24.0,136,228.42,414.0,12.0,993,32,0.0,768.6,1280,5.035034,0.0,41.02221,294.27,Very Poor,5.03,-12.99,41.71,S1 (Low),C4 (Very High),C4-S1,Safe (<1.25),Unsuitable,Unsuitable,Permissible (1.0-1.5 mg/L),Acceptable (10-45 mg/L),Within Drinking Norms,Unsafe for Drinking
21035D,Madurai,Madurai North,Madurai North,2013-01-05,2013,1,Post-Monsoon,9.843056,78.141667,Original,1831.0,3260,7.9,0.88,36.0,72,140.94,386.0,30.0,525,106,0.0,823.5,760,6.092239,0.0,51.27026,229.66,Very Poor,6.09,-1.7,53.6,S1 (Low),C4 (Very High),C4-S1,Safe (<1.25),Unsuitable,Unsuitable,Safe (<1.0 mg/L),Acceptable (10-45 mg/L),Within Drinking Norms,Unsafe for Drinking
21036D,Madurai,Madurai North,Koolapandi,2013-01-03,2013,1,Post-Monsoon,10.008333,78.147222,Original,512.0,940,7.5,1.05,12.0,48,54.675,55.0,10.0,67,28,0.0,390.4,345,1.288518,0.0,25.07023,87.72,Good,1.29,-0.5,27.74,S1 (Low),C3 (High),C3-S1,Safe (<1.25),Permissible to Doubtful,Good / Permissible,Permissible (1.0-1.5 mg/L),Acceptable (10-45 mg/L),Within Drinking Norms,Permissible / Marginal
21037D,Madurai,Thirumangalam,Kandai,2013-01-05,2013,1,Post-Monsoon,9.877778,77.913333,Original,1059.0,1820,7.9,1.15,26.0,60,104.49,175.0,6.0,241,77,0.0,555.1,580,3.161757,0.0,39.32247,151.74,Poor,3.16,-2.5,40.1,S1 (Low),C3 (High),C3-S1,Safe (<1.25),Permissible to Doubtful,Good / Permissible,Permissible (1.0-1.5 mg/L),Acceptable (10-45 mg/L),Within Drinking Norms,Permissible / Marginal
21038,Madurai,Vadipatti,Saranthangi,2013-01-03,2013,1,Post-Monsoon,10.100556,78.151944,Original,621.0,1110,7.6,0.6,18.0,138,7.29,83.0,7.0,71,41,0.0,451.4,375,1.865993,0.0,32.01718,91.9,Good,1.87,-0.09,33.6,S1 (Low),C3 (High),C3-S1,Safe (<1.25),Permissible to Doubtful,Good / Permissible,Safe (<1.0 mg/L),Acceptable (10-45 mg/L),Within Drinking Norms,Permissible / Marginal
21039,Madurai,Usilampatti,K.nattarpatti,2013-01-02,2013,1,Post-Monsoon,9.968889,77.863611,Original,710.0,1300,7.7,0.84,8.0,60,75.33,97.0,5.0,202,32,0.0,408.7,460,1.967986,0.0,31.16105,108.05,Poor,1.97,-2.5,32.09,S1 (Low),C3 (High),C3-S1,Safe (<1.25),Permissible to Doubtful,Good / Permissible,Safe (<1.0 mg/L),Natural Background (<10 mg/L),Within Drinking Norms,Permissible / Marginal
21040,Madurai,Peraiyur,T.kallipatti,2013-01-05,2013,1,Post-Monsoon,9.715833,77.859444,Original,462.0,850,7.7,1.34,11.0,42,42.525,74.0,5.0,46,10,1.476939,313.498,280,1.92442,0.0,35.99664,83.07,Good,1.92,-0.41,37.41,S1 (Low),C3 (High),C3-S1,Safe (<1.25),Permissible to Doubtful,Good / Permissible,Permissible (1.0-1.5 mg/L),Acceptable (10-45 mg/L),Within Drinking Norms,Permissible / Marginal
21041,Madurai,Peraiyur,Sedapatti,2013-01-07,2013,1,Post-Monsoon,9.826389,77.8,Original,842.0,1540,7.4,1.8,9.0,36,72.9,179.0,3.0,121,91,0.0,597.8,390,3.943801,2.003362,49.72532,122.91,Poor,3.94,2.0,50.2,S1 (Low),C3 (High),C3-S1,Marginal (1.25-2.5),Permissible to Doubtful,Marginal / Moderate,Dental Fluorosis Risk (1.5-2.0 mg/L),Natural Background (<10 mg/L),Within Drinking Norms,Unsafe for Drinking
21042,Madurai,Peraiyur,Saptur,2013-01-08,2013,1,Post-Monsoon,9.764722,77.740278,Original,504.0,930,7.7,1.85,9.0,22,34.02,124.0,3.0,46,26,0.0,420.9,195,3.863825,3.001757,57.5772,89.41,Good,3.86,3.0,58.38,S1 (Low),C3 (High),C3-S1,Unsuitable (>2.5),Permissible to Doubtful,Unsuitable,Dental Fluorosis Risk (1.5-2.0 mg/L),Natural Background (<10 mg/L),Within Drinking Norms,Unsafe for Drinking
21068,Madurai,Vadipatti,Alanganallur,2013-01-03,2013,1,Post-Monsoon,10.048333,78.083889,Original,1066.0,1790,7.2,1.47,49.0,128,99.63,104.0,7.0,277,46,0.0,372.1,730,1.675107,0.0,23.45251,149.23,Poor,1.67,-8.49,24.37,S1 (Low),C3 (High),C3-S1,Safe (<1.25),Permissible to Doubtful,Good / Permissible,Permissible (1.0-1.5 mg/L),Anthropogenic High (45-100 mg/L),Agricultural Fertilizer Runoff,Unsafe for Drinking
21069,Madurai,Vadipatti,Maduvarpatti,2013-01-03,2013,1,Post-Monsoon,10.080278,78.124722,Original,757.0,1170,8.2,0.51,33.0,50,27.945,110.0,96.0,110,46,0.0,341.6,240,3.090209,0.80448,39.75724,134.47,Poor,3.09,0.8,60.15,S1 (Low),C3 (High),C3-S1,Safe (<1.25),Permissible to Doubtful,Good / Permissible,Safe (<1.0 mg/L),Acceptable (10-45 mg/L),Within Drinking Norms,Permissible / Marginal
83004A,Madurai,Thirumangalam,Kallikudi,2013-01-04,2013,1,Post-Monsoon,9.7025,77.943333,Original,1678.0,2360,7.9,0.82,35.0,88,68.04,244.0,114.0,277,163,0.0,738.1,500,4.748713,2.107909,45.12571,216.13,Very Poor,4.75,2.1,57.51,S1 (Low),C4 (Very High),C4-S1,Marginal (1.25-2.5),Doubtful to Unsuitable,Marginal / Moderate,Safe (<1.0 mg/L),Acceptable (10-45 mg/L),Within Drinking Norms,Permissible / Marginal
83005,Madurai,Madurai South,Thiruparankundram,2013-01-04,2013,1,Post-Monsoon,9.879167,78.114444,Original,1302.0,2310,8.1,1.2,3.0,32,65.61,368.0,5.0,418,130,0.0,536.8,350,8.558688,1.802991,69.20242,158.93,Poor,8.55,1.8,69.74,S1 (Low),C4 (Very High),C4-S1,Marginal (1.25-2.5),Doubtful to Unsuitable,Marginal / Moderate,Permissible (1.0-1.5 mg/L),Natural Background (<10 mg/L),Within Drinking Norms,Permissible / Marginal
83006,Madurai,Thirumangalam,Sathangudi,2013-01-05,2013,1,Post-Monsoon,9.839167,77.939722,Original,2344.0,4150,7.3,1.02,57.0,120,189.54,396.0,127.0,737,230,0.0,579.5,1080,5.243181,0.0,40.95477,309.15,Unsuitable,5.24,-12.09,48.67,S1 (Low),C4 (Very High),C4-S1,Safe (<1.25),Unsuitable,Unsuitable,Permissible (1.0-1.5 mg/L),Anthropogenic High (45-100 mg/L),Urban Domestic / Septic Leaching,Unsafe for Drinking
83013,Madurai,Usilampatti,Usilamaptti,2013-01-07,2013,1,Post-Monsoon,9.966111,77.7925,Original,696.0,1280,7.9,0.91,4.0,44,71.685,110.0,12.0,209,29,0.0,402.6,405,2.378343,0.0,36.28572,110.44,Poor,2.38,-1.5,38.6,S1 (Low),C3 (High),C3-S1,Safe (<1.25),Permissible to Doubtful,Good / Permissible,Safe (<1.0 mg/L),Natural Background (<10 mg/L),Within Drinking Norms,Permissible / Marginal
83014A,Madurai,Vadipatti,Thiruvedagam,2013-01-02,2013,1,Post-Monsoon,10.020556,77.963611,Original,444.0,800,8.2,0.8,4.0,24,41.31,81.0,7.0,92,33,3.521868,236.3989,230,2.323948,0.0,42.45268,81.44,Good,2.32,-0.61,44.6,S1 (Low),C3 (High),C3-S1,Safe (<1.25),Permissible to Doubtful,Good / Permissible,Safe (<1.0 mg/L),Natural Background (<10 mg/L),Within Drinking Norms,Permissible / Marginal
83014B,Madurai,Vadipatti,Mullipallam,2013-01-02,2013,1,Post-Monsoon,10.019444,77.950556,Original,686.0,1220,7.9,1.1,2.0,12,29.16,219.0,5.0,152,47,0.0,420.9,150,7.780033,3.900727,75.29088,95.24,Good,7.78,3.9,76.29,S1 (Low),C3 (High),C3-S1,Unsuitable (>2.5),Doubtful to Unsuitable,Unsuitable,Permissible (1.0-1.5 mg/L),Natural Background (<10 mg/L),Within Drinking Norms,Permissible / Marginal
83048,Madurai,Thirumangalam,Puliankulam (M),2013-01-04,2013,1,Post-Monsoon,9.651667,77.909167,Original,775.0,1300,8.0,0.96,46.0,74,76.545,78.0,2.0,145,35,0.0,317.2,500,1.517941,0.0,25.25229,122.25,Poor,1.52,-4.79,25.62,S1 (Low),C3 (High),C3-S1,Safe (<1.25),Permissible to Doubtful,Good / Permissible,Safe (<1.0 mg/L),Anthropogenic High (45-100 mg/L),Agricultural Fertilizer Runoff,Unsafe for Drinking
83049,Madurai,Thirumangalam,Peikulam,2013-01-04,2013,1,Post-Monsoon,9.645556,77.990278,Original,419.0,740,8.0,0.13,9.0,62,26.73,48.0,14.0,53,18,2.420775,257.5292,265,1.283343,0.0,26.97654,72.03,Good,1.28,-0.99,31.59,S1 (Low),C2 (Medium),C2-S1,Safe (<1.25),Good to Permissible,Excellent,Safe (<1.0 mg/L),Natural Background (<10 mg/L),Within Drinking Norms,Permissible / Marginal
83051,Madurai,Peraiyur,Karaikeni,2013-01-05,2013,1,Post-Monsoon,9.708333,77.968333,Original,662.0,1190,7.9,1.39,18.0,54,65.61,97.0,5.0,117,42,0.0,402.6,405,2.097375,0.0,33.91441,112.2,Poor,2.1,-1.5,34.93,S1 (Low),C3 (High),C3-S1,Safe (<1.25),Permissible to Doubtful,Good / Permissible,Permissible (1.0-1.5 mg/L),Acceptable (10-45 mg/L),Within Drinking Norms,Permissible / Marginal
83062A,Madurai,Thirumangalam,Kappalur,2013-01-05,2013,1,Post-Monsoon,9.840278,78.016667,Original,1313.0,2400,7.7,0.39,6.0,92,131.22,198.0,17.0,560,91,0.0,396.5,770,3.104839,0.0,35.24466,169.15,Poor,3.1,-8.89,37.01,S1 (Low),C4 (Very High),C4-S1,Safe (<1.25),Doubtful to Unsuitable,Marginal / Moderate,Safe (<1.0 mg/L),Natural Background (<10 mg/L),Within Drinking Norms,Unsafe for Drinking
83064,Madurai,Peraiyur,Thirumanickam,2013-01-08,2013,1,Post-Monsoon,9.848889,77.752222,Original,556.0,1040,7.7,0.66,7.0,60,49.815,78.0,10.0,99,19,0.0,414.8,355,1.801545,0.0,31.5844,90.08,Good,1.8,-0.3,33.95,S1 (Low),C3 (High),C3-S1,Safe (<1.25),Permissible to Doubtful,Good / Permissible,Safe (<1.0 mg/L),Natural Background (<10 mg/L),Within Drinking Norms,Permissible / Marginal
83073,Madurai,Thirumangalam,Chokkanathapuram,2013-01-07,2013,1,Post-Monsoon,9.938056,77.965278,Original,558.0,980,7.2,0.94,18.0,60,44.955,74.0,4.0,110,42,0.0,280.6,335,1.759476,0.0,32.14102,80.26,Good,1.76,-2.1,33.15,S1 (Low),C3 (High),C3-S1,Safe (<1.25),Permissible to Doubtful,Good / Permissible,Safe (<1.0 mg/L),Acceptable (10-45 mg/L),Within Drinking Norms,Permissible / Marginal
83082,Madurai,Usilampatti,Uthappanaickanur,2013-01-07,2013,1,Post-Monsoon,10.033333,77.787778,Original,930.0,1760,7.5,0.84,15.0,92,114.21,81.0,29.0,227,23,0.0,591.7,700,1.33219,0.0,19.30115,145.84,Poor,1.33,-4.29,23.36,S1 (Low),C3 (High),C3-S1,Safe (<1.25),Permissible to Doubtful,Good / Permissible,Safe (<1.0 mg/L),Acceptable (10-45 mg/L),Within Drinking Norms,Unsafe for Drinking
83099,Madurai,Madurai North,Kadavur,2013-01-03,2013,1,Post-Monsoon,10.075,78.175,Original,543.0,1000,7.5,0.63,5.0,80,54.675,41.0,7.0,74,33,0.0,457.5,425,0.8655093,0.0,17.05962,87.95,Good,0.87,-0.99,18.77,S1 (Low),C3 (High),C3-S1,Safe (<1.25),Permissible to Doubtful,Good / Permissible,Safe (<1.0 mg/L),Natural Background (<10 mg/L),Within Drinking Norms,Permissible / Marginal
21002D,Madurai,Thirumangalam,Chokkanathapuram,2013-01-07,2013,1,Post-Monsoon,9.945556,77.975556,Original,928.0,1660,7.2,0.55,16.0,140,77.76,87.0,7.0,305,46,0.0,390.4,670,1.462794,0.0,21.81305,122.4,Poor,1.46,-6.99,22.84,S1 (Low),C3 (High),C3-S1,Safe (<1.25),Permissible to Doubtful,Good / Permissible,Safe (<1.0 mg/L),Acceptable (10-45 mg/L),Within Drinking Norms,Unsafe for Drinking
21004D,Madurai,Thirumangalam,Chinna Ulagani,2013-01-04,2013,1,Post-Monsoon,9.773611,78.052222,Original,150.0,260,8.2,0.35,4.0,24,10.935,13.0,4.0,21,6,1.319974,88.60078,105,0.552164,0.0,20.44861,44.33,Excellent,0.55,-0.6,24.14,S1 (Low),C2 (Medium),C2-S1,Safe (<1.25),Good to Permissible,Excellent,Safe (<1.0 mg/L),Natural Background (<10 mg/L),Within Drinking Norms,Safe Drinking Water
21019D,Madurai,Melur,Karungalakudi,2013-01-05,2013,1,Post-Monsoon,10.155556,78.369167,Original,907.0,1630,8.1,0.77,10.0,80,72.9,145.0,7.0,319,91,0.0,292.8,500,2.821886,0.0,38.27764,130.24,Poor,2.82,-5.19,39.35,S1 (Low),C3 (High),C3-S1,Safe (<1.25),Permissible to Doubtful,Good / Permissible,Safe (<1.0 mg/L),Acceptable (10-45 mg/L),Within Drinking Norms,Permissible / Marginal
21020D,Madurai,Melur,Pallapatti,2013-01-05,2013,1,Post-Monsoon,10.247222,78.386111,Original,622.0,1130,8.2,0.64,13.0,30,78.975,81.0,4.0,160,53,0.0,317.2,400,1.762111,0.0,30.31729,105.15,Poor,1.76,-2.8,31.19,S1 (Low),C3 (High),C3-S1,Safe (<1.25),Permissible to Doubtful,Good / Permissible,Safe (<1.0 mg/L),Acceptable (10-45 mg/L),Within Drinking Norms,Permissible / Marginal
21021D,Madurai,Melur,Athipatti,2013-01-05,2013,1,Post-Monsoon,10.086111,78.391667,Original,622.0,1140,8.2,0.75,3.0,20,54.675,143.0,1.0,160,24,0.0,408.7,275,3.751854,1.201944,52.96943,97.83,Good,3.75,1.2,53.17,S1 (Low),C3 (High),C3-S1,Safe (<1.25),Permissible to Doubtful,Good / Permissible,Safe (<1.0 mg/L),Natural Background (<10 mg/L),Within Drinking Norms,Permissible / Marginal
21022D,Madurai,Melur,Pulipatti,2013-01-05,2013,1,Post-Monsoon,10.086111,78.291667,Original,484.0,840,8.4,1.23,1.0,30,37.665,97.0,1.0,43,25,8.070574,341.8038,230,2.783153,1.275108,47.72189,89.74,Good,2.78,1.27,48.0,S1 (Low),C3 (High),C3-S1,Marginal (1.25-2.5),Permissible to Doubtful,Marginal / Moderate,Permissible (1.0-1.5 mg/L),Natural Background (<10 mg/L),Within Drinking Norms,Permissible / Marginal
21023D,Madurai,Melur,Uranganpatti,2013-01-05,2013,1,Post-Monsoon,9.998333,78.43,Original,599.0,1080,7.4,0.22,6.0,80,30.375,106.0,7.0,110,10,0.0,457.5,325,2.559174,1.007116,40.86929,79.23,Good,2.56,1.01,42.45,S1 (Low),C3 (High),C3-S1,Safe (<1.25),Permissible to Doubtful,Good / Permissible,Safe (<1.0 mg/L),Natural Background (<10 mg/L),Within Drinking Norms,Permissible / Marginal
21024D,Madurai,Melur,Thiruvadur,2013-01-05,2013,1,Post-Monsoon,9.956944,78.319444,Original,1471.0,2460,7.5,0.45,21.0,60,104.49,281.0,70.0,709,72,0.0,158.6,580,5.076879,0.0,47.73471,181.02,Poor,5.07,-8.99,54.71,S1 (Low),C4 (Very High),C4-S1,Safe (<1.25),Doubtful to Unsuitable,Marginal / Moderate,Safe (<1.0 mg/L),Acceptable (10-45 mg/L),Within Drinking Norms,Permissible / Marginal
21034D,Madurai,Melur,Chittampatti,2013-01-05,2013,1,Post-Monsoon,10.0,78.275,Original,317.0,600,7.4,1.05,4.0,40,41.31,13.0,6.0,32,28,0.5417611,229.4457,270,0.3442762,0.0,9.248085,62.43,Good,0.34,-1.62,11.75,S1 (Low),C2 (Medium),C2-S1,Safe (<1.25),Good to Permissible,Excellent,Permissible (1.0-1.5 mg/L),Natural Background (<10 mg/L),Within Drinking Norms,Permissible / Marginal
83016A,Madurai,Melur,Chittampatti,2013-01-05,2013,1,Post-Monsoon,9.988056,78.243056,Original,283.0,540,8.1,0.71,2.0,30,31.59,28.0,5.0,64,13,1.929022,163.008,205,0.850991,0.0,22.37843,63.44,Good,0.85,-1.36,24.72,S1 (Low),C2 (Medium),C2-S1,Safe (<1.25),Good to Permissible,Excellent,Safe (<1.0 mg/L),Natural Background (<10 mg/L),Within Drinking Norms,Permissible / Marginal
83095,Madurai,Melur,Pulipatti,2013-01-05,2013,1,Post-Monsoon,10.084444,78.288889,Original,1774.0,3110,8.2,1.22,2.0,160,55.89,428.0,2.0,709,115,0.0,585.6,630,7.42192,0.0,59.57046,205.45,Very Poor,7.42,-2.99,59.72,S1 (Low),C4 (Very High),C4-S1,Safe (<1.25),Unsuitable,Unsuitable,Permissible (1.0-1.5 mg/L),Natural Background (<10 mg/L),Within Drinking Norms,Unsafe for Drinking
83506,Madurai,Melur,Kottampatti,2013-01-05,2013,1,Post-Monsoon,10.1612,78.3341,Gazetteer,1483.0,2850,7.9,0.75,15.0,120,165.24,202.0,4.0,674,67,0.0,366.0,980,2.807762,0.0,30.85731,198.19,Poor,2.81,-13.59,31.2,S1 (Low),C4 (Very High),C4-S1,Safe (<1.25),Doubtful to Unsuitable,Marginal / Moderate,Safe (<1.0 mg/L),Acceptable (10-45 mg/L),Within Drinking Norms,Unsafe for Drinking
83004A,Madurai,Thirumangalam,Kallikudi,2013-01-08,2013,1,Post-Monsoon,9.7025,77.943333,Original,756.0,1350,7.8,0.35,12.0,50,51.03,161.0,5.0,284,22,0.0,256.2,335,3.827807,0.0,50.65397,98.33,Good,3.83,-2.5,51.57,S1 (Low),C3 (High),C3-S1,Safe (<1.25),Permissible to Doubtful,Good / Permissible,Safe (<1.0 mg/L),Acceptable (10-45 mg/L),Within Drinking Norms,Permissible / Marginal
21001D,Madurai,Madurai South,Thiruparankundram,2013-07-06,2013,7,Pre-Monsoon,9.877778,78.097222,Original,1409.0,2430,7.6,1.32,3.0,40,41.31,437.0,9.0,411,178,0.0,561.2,270,11.57298,3.803286,77.16299,155.78,Poor,11.57,3.8,78.09,S2 (Medium),C4 (Very High),C4-S2,Unsuitable (>2.5),Doubtful to Unsuitable,Unsuitable,Permissible (1.0-1.5 mg/L),Natural Background (<10 mg/L),Within Drinking Norms,Permissible / Marginal
21002D,Madurai,Thirumangalam,Chokkanathapuram,2013-07-02,2013,7,Pre-Monsoon,9.945556,77.975556,Original,911.0,1640,7.1,0.84,17.0,72,92.34,115.0,9.0,347,61,0.0,280.6,560,2.114615,0.0,30.45673,118.4,Poor,2.11,-6.59,31.85,S1 (Low),C3 (High),C3-S1,Safe (<1.25),Permissible to Doubtful,Good / Permissible,Safe (<1.0 mg/L),Acceptable (10-45 mg/L),Within Drinking Norms,Permissible / Marginal
21003D,Madurai,Peraiyur,Chinnakattalai,2013-07-02,2013,7,Pre-Monsoon,9.845556,77.796667,Original,1350.0,2190,7.8,1.26,43.0,60,51.03,336.0,12.0,291,187,0.0,445.3,360,7.706383,0.1055959,66.08555,161.79,Poor,7.7,0.1,67.46,S1 (Low),C3 (High),C3-S1,Safe (<1.25),Doubtful to Unsuitable,Marginal / Moderate,Permissible (1.0-1.5 mg/L),Acceptable (10-45 mg/L),Within Drinking Norms,Permissible / Marginal
21004D,Madurai,Thirumangalam,Chinna Ulagani,2013-07-06,2013,7,Pre-Monsoon,9.773611,78.052222,Original,6044.0,11200,6.7,0.44,2.0,880,631.8,460.0,14.0,3403,413,0.0,463.6,4800,2.889449,0.0,17.20856,725.8,Unsuitable,2.89,-88.31,17.51,S1 (Low),C4 (Very High),C4-S1,Safe (<1.25),Unsuitable,Unsuitable,Safe (<1.0 mg/L),Natural Background (<10 mg/L),Within Drinking Norms,Unsafe for Drinking
21005D,Madurai,Madurai South,Eliyarpatti,2013-07-06,2013,7,Pre-Monsoon,9.794444,78.090278,Original,743.0,1180,7.7,0.69,39.0,100,14.58,131.0,7.0,174,27,0.0,231.8,310,3.23889,0.0,47.21927,97.79,Good,3.24,-2.39,48.69,S1 (Low),C3 (High),C3-S1,Safe (<1.25),Permissible to Doubtful,Good / Permissible,Safe (<1.0 mg/L),Acceptable (10-45 mg/L),Within Drinking Norms,Permissible / Marginal
21006D,Madurai,Peraiyur,Elumalai RF,2013-07-03,2013,7,Pre-Monsoon,9.861111,77.7,Original,408.0,780,7.4,0.96,10.0,38,63.18,12.0,14.0,46,27,0.6359856,269.3514,355,0.2771244,0.0,6.544783,77.37,Good,0.28,-2.66,11.03,S1 (Low),C3 (High),C3-S1,Safe (<1.25),Permissible to Doubtful,Good / Permissible,Safe (<1.0 mg/L),Acceptable (10-45 mg/L),Within Drinking Norms,Permissible / Marginal
21007D,Madurai,Thirumangalam,Kallikudi,2013-07-06,2013,7,Pre-Monsoon,9.693889,77.971111,Original,1809.0,3340,7.6,1.04,17.0,240,213.84,92.0,4.0,737,240,0.0,414.8,1480,1.040676,0.0,11.88256,247.64,Very Poor,1.04,-22.78,12.18,S1 (Low),C4 (Very High),C4-S1,Safe (<1.25),Unsuitable,Unsuitable,Permissible (1.0-1.5 mg/L),Acceptable (10-45 mg/L),Within Drinking Norms,Unsafe for Drinking
21008D,Madurai,Madurai South,Melamathur,2013-07-05,2013,7,Pre-Monsoon,9.968056,78.007778,Original,745.0,1240,7.7,1.06,15.0,40,48.6,133.0,36.0,160,118,0.0,280.6,300,3.341357,0.0,45.54784,113.69,Poor,3.34,-1.4,52.78,S1 (Low),C3 (High),C3-S1,Safe (<1.25),Permissible to Doubtful,Good / Permissible,Permissible (1.0-1.5 mg/L),Acceptable (10-45 mg/L),Within Drinking Norms,Permissible / Marginal
21009D,Madurai,Thirumangalam,Kappalur,2013-07-01,2013,7,Pre-Monsoon,9.843056,78.018611,Original,1073.0,1880,7.3,0.71,25.0,28,87.48,244.0,7.0,369,43,0.0,366.0,430,5.119468,0.0,54.74127,126.95,Poor,5.12,-2.6,55.65,S1 (Low),C3 (High),C3-S1,Safe (<1.25),Permissible to Doubtful,Good / Permissible,Safe (<1.0 mg/L),Acceptable (10-45 mg/L),Within Drinking Norms,Permissible / Marginal
21010D,Madurai,Madurai North,Karupayoorani,2013-07-04,2013,7,Pre-Monsoon,9.931944,78.177778,Original,1094.0,1860,7.4,0.61,10.0,52,26.73,299.0,38.0,362,72,0.0,396.5,240,8.399899,1.704531,69.28172,125.48,Poor,8.4,1.7,74.45,S1 (Low),C3 (High),C3-S1,Marginal (1.25-2.5),Doubtful to Unsuitable,Marginal / Moderate,Safe (<1.0 mg/L),Acceptable (10-45 mg/L),Within Drinking Norms,Permissible / Marginal
21011D,Madurai,Peraiyur,Mallapuram,2013-07-03,2013,7,Pre-Monsoon,9.805556,77.668333,Original,960.0,1640,8.0,0.8,9.0,20,85.05,138.0,111.0,262,90,0.0,427.0,400,3.001957,0.0,35.64881,165.14,Poor,3.0,-1.0,52.5,S1 (Low),C3 (High),C3-S1,Safe (<1.25),Permissible to Doubtful,Good / Permissible,Safe (<1.0 mg/L),Natural Background (<10 mg/L),Within Drinking Norms,Permissible / Marginal
21012D,Madurai,Thirumangalam,Kurayur,2013-07-06,2013,7,Pre-Monsoon,9.694444,78.025,Original,1159.0,1830,8.2,1.06,36.0,56,21.87,327.0,6.0,234,154,0.0,402.6,230,9.384625,2.004815,74.97412,140.88,Poor,9.38,2.0,75.77,S1 (Low),C3 (High),C3-S1,Marginal (1.25-2.5),Doubtful to Unsuitable,Marginal / Moderate,Permissible (1.0-1.5 mg/L),Acceptable (10-45 mg/L),Within Drinking Norms,Permissible / Marginal
21013D,Madurai,Vadipatti,Manianji,2013-07-04,2013,7,Pre-Monsoon,10.004167,78.1025,Original,524.0,950,7.3,0.86,8.0,24,53.46,92.0,7.0,71,48,0.0,390.4,280,2.392197,0.8023416,40.92786,78.8,Good,2.39,0.8,42.75,S1 (Low),C3 (High),C3-S1,Safe (<1.25),Permissible to Doubtful,Good / Permissible,Safe (<1.0 mg/L),Natural Background (<10 mg/L),Within Drinking Norms,Permissible / Marginal
21015D,Madurai,Peraiyur,Peraiyur,2013-07-02,2013,7,Pre-Monsoon,9.74,77.793333,Original,543.0,980,7.0,0.74,11.0,40,70.47,55.0,7.0,103,41,0.0,353.8,390,1.211809,0.0,23.07804,79.09,Good,1.21,-2.0,24.79,S1 (Low),C3 (High),C3-S1,Safe (<1.25),Permissible to Doubtful,Good / Permissible,Safe (<1.0 mg/L),Acceptable (10-45 mg/L),Within Drinking Norms,Permissible / Marginal
21016D,Madurai,Peraiyur,Subbulapuram,2013-07-01,2013,7,Pre-Monsoon,9.675556,77.809444,Original,290.0,530,7.0,0.43,4.0,28,38.88,18.0,7.0,39,35,0.1643408,174.8307,230,0.5164519,0.0,14.08529,44.14,Excellent,0.52,-1.73,17.3,S1 (Low),C2 (Medium),C2-S1,Safe (<1.25),Good to Permissible,Excellent,Safe (<1.0 mg/L),Natural Background (<10 mg/L),Within Drinking Norms,Permissible / Marginal
21017D,Madurai,Thirumangalam,Thangalacheri,2013-07-01,2013,7,Pre-Monsoon,9.836111,77.868889,Original,1512.0,2590,7.6,0.26,55.0,48,153.09,253.0,17.0,546,106,0.0,292.8,750,4.019372,0.0,41.63384,183.96,Poor,4.02,-10.2,43.26,S1 (Low),C4 (Very High),C4-S1,Safe (<1.25),Doubtful to Unsuitable,Marginal / Moderate,Safe (<1.0 mg/L),Anthropogenic High (45-100 mg/L),Urban Domestic / Septic Leaching,Unsafe for Drinking
21018D,Madurai,Thirumangalam,Peikulam,2013-07-06,2013,7,Pre-Monsoon,9.645833,77.991111,Original,258.0,460,8.6,1.49,6.0,36,14.58,28.0,11.0,21,24,5.764373,154.0366,150,0.9950441,0.0,27.09155,77.8,Good,0.99,-0.28,33.34,S1 (Low),C2 (Medium),C2-S1,Safe (<1.25),Good to Permissible,Excellent,Permissible (1.0-1.5 mg/L),Natural Background (<10 mg/L),Within Drinking Norms,Unsafe for Drinking
21025D,Madurai,Madurai North,Varichiyur,2013-07-04,2013,7,Pre-Monsoon,9.908889,78.256111,Original,1352.0,2280,7.4,0.95,28.0,100,24.3,359.0,11.0,355,134,0.0,488.0,350,8.352805,1.008844,68.22901,147.64,Poor,8.35,1.01,69.45,S1 (Low),C4 (Very High),C4-S1,Safe (<1.25),Doubtful to Unsuitable,Marginal / Moderate,Safe (<1.0 mg/L),Acceptable (10-45 mg/L),Within Drinking Norms,Permissible / Marginal
21026D,Madurai,Vadipatti,Senthamangalam,2013-07-04,2013,7,Pre-Monsoon,10.138333,78.141111,Original,504.0,910,7.7,1.09,11.0,16,57.105,87.0,7.0,71,35,0.0,359.9,275,2.282526,0.4017103,39.99949,86.61,Good,2.28,0.4,41.88,S1 (Low),C3 (High),C3-S1,Safe (<1.25),Permissible to Doubtful,Good / Permissible,Permissible (1.0-1.5 mg/L),Acceptable (10-45 mg/L),Within Drinking Norms,Permissible / Marginal
21027D,Madurai,Vadipatti,Thiruvedagam,2013-07-05,2013,7,Pre-Monsoon,10.019444,77.972222,Original,546.0,1020,7.4,1.02,2.0,12,68.04,85.0,23.0,106,42,0.0,402.6,310,2.100308,0.4014244,35.26852,91.33,Good,2.1,0.4,40.87,S1 (Low),C3 (High),C3-S1,Safe (<1.25),Permissible to Doubtful,Good / Permissible,Permissible (1.0-1.5 mg/L),Natural Background (<10 mg/L),Within Drinking Norms,Permissible / Marginal
21028D,Madurai,Usilampatti,Veppanuthu,2013-07-03,2013,7,Pre-Monsoon,9.897222,77.841667,Original,1420.0,2400,7.7,0.29,12.0,28,94.77,368.0,13.0,475,134,0.0,512.4,460,7.465077,0.0,62.68607,159.37,Poor,7.46,-0.8,63.97,S1 (Low),C4 (Very High),C4-S1,Safe (<1.25),Doubtful to Unsuitable,Marginal / Moderate,Safe (<1.0 mg/L),Acceptable (10-45 mg/L),Within Drinking Norms,Permissible / Marginal
21029D,Madurai,Usilampatti,Vikramangalam,2013-07-05,2013,7,Pre-Monsoon,10.021667,77.886667,Original,2248.0,3800,7.6,0.52,23.0,54,138.51,474.0,162.0,780,221,0.0,634.4,705,7.767184,0.0,53.06521,288.09,Very Poor,7.76,-3.7,63.72,S1 (Low),C4 (Very High),C4-S1,Safe (<1.25),Unsuitable,Unsuitable,Safe (<1.0 mg/L),Acceptable (10-45 mg/L),Within Drinking Norms,Unsafe for Drinking
21030D,Madurai,Peraiyur,Kunnathur,2013-07-01,2013,7,Pre-Monsoon,9.746944,77.889444,Original,528.0,920,7.4,0.86,11.0,42,49.815,67.0,14.0,64,82,0.0,323.3,310,1.655876,0.0,30.78226,83.82,Good,1.66,-0.9,34.55,S1 (Low),C3 (High),C3-S1,Safe (<1.25),Permissible to Doubtful,Good / Permissible,Safe (<1.0 mg/L),Acceptable (10-45 mg/L),Within Drinking Norms,Permissible / Marginal
21031D,Madurai,Usilampatti,Uthappanaickanur,2013-07-02,2013,7,Pre-Monsoon,10.035556,77.791111,Original,1840.0,3190,7.5,0.74,25.0,40,170.1,299.0,137.0,567,173,0.0,683.2,800,4.599192,0.0,40.01395,258.4,Very Poor,4.6,-4.8,50.78,S1 (Low),C4 (Very High),C4-S1,Safe (<1.25),Unsuitable,Unsuitable,Safe (<1.0 mg/L),Acceptable (10-45 mg/L),Within Drinking Norms,Unsafe for Drinking
21032D,Madurai,Usilampatti,Doddappanaickanur,2013-07-02,2013,7,Pre-Monsoon,9.971111,77.736111,Original,429.0,740,8.2,1.1,6.0,22,32.805,69.0,30.0,71,53,3.008093,201.9127,190,2.178152,0.0,39.66874,89.01,Good,2.18,-0.39,49.8,S1 (Low),C2 (Medium),C2-S1,Safe (<1.25),Good to Permissible,Excellent,Permissible (1.0-1.5 mg/L),Natural Background (<10 mg/L),Within Drinking Norms,Permissible / Marginal
21033D,Madurai,Usilampatti,Usilampatti,2013-07-02,2013,7,Pre-Monsoon,9.959722,77.791667,Original,2458.0,4300,7.2,1.4,53.0,40,223.56,529.0,11.0,993,187,0.0,475.8,1020,7.206113,0.0,52.67426,276.77,Very Poor,7.2,-12.6,53.3,S1 (Low),C4 (Very High),C4-S1,Safe (<1.25),Unsuitable,Unsuitable,Permissible (1.0-1.5 mg/L),Anthropogenic High (45-100 mg/L),Urban Domestic / Septic Leaching,Unsafe for Drinking
21035D,Madurai,Madurai North,Madurai North,2013-07-01,2013,7,Pre-Monsoon,9.843056,78.141667,Original,1254.0,2120,8.1,0.97,24.0,20,51.03,368.0,11.0,340,131,0.0,451.4,260,9.929817,2.20179,74.50124,150.23,Poor,9.92,2.2,75.8,S1 (Low),C3 (High),C3-S1,Marginal (1.25-2.5),Doubtful to Unsuitable,Marginal / Moderate,Safe (<1.0 mg/L),Acceptable (10-45 mg/L),Within Drinking Norms,Permissible / Marginal
21036D,Madurai,Madurai North,Koolapandi,2013-07-04,2013,7,Pre-Monsoon,10.008333,78.147222,Original,475.0,840,8.6,1.32,11.0,28,58.32,55.0,11.0,64,53,9.371594,250.4294,310,1.359172,0.0,26.97123,103.78,Poor,1.36,-1.78,30.13,S1 (Low),C3 (High),C3-S1,Safe (<1.25),Permissible to Doubtful,Good / Permissible,Permissible (1.0-1.5 mg/L),Acceptable (10-45 mg/L),Within Drinking Norms,Unsafe for Drinking
21037D,Madurai,Thirumangalam,Kandai,2013-07-04,2013,7,Pre-Monsoon,9.877778,77.913333,Original,849.0,1520,8.2,1.3,13.0,16,80.19,189.0,7.0,184,77,0.0,475.8,370,4.274744,0.4018517,52.04111,131.25,Poor,4.27,0.4,53.16,S1 (Low),C3 (High),C3-S1,Safe (<1.25),Permissible to Doubtful,Good / Permissible,Permissible (1.0-1.5 mg/L),Acceptable (10-45 mg/L),Within Drinking Norms,Permissible / Marginal
21038,Madurai,Vadipatti,Saranthangi,2013-07-04,2013,7,Pre-Monsoon,10.100556,78.151944,Original,449.0,800,7.8,0.72,7.0,12,44.955,92.0,5.0,92,27,1.385382,233.5831,215,2.72979,0.0,47.48326,72.9,Good,2.73,-0.42,48.99,S1 (Low),C3 (High),C3-S1,Safe (<1.25),Permissible to Doubtful,Good / Permissible,Safe (<1.0 mg/L),Natural Background (<10 mg/L),Within Drinking Norms,Permissible / Marginal
21039,Madurai,Usilampatti,K.nattarpatti,2013-07-05,2013,7,Pre-Monsoon,9.968889,77.863611,Original,453.0,830,8.1,1.1,3.0,10,47.385,92.0,8.0,78,35,3.274005,276.6631,220,2.698533,0.2457493,46.50719,84.59,Good,2.7,0.24,48.87,S1 (Low),C3 (High),C3-S1,Safe (<1.25),Permissible to Doubtful,Good / Permissible,Permissible (1.0-1.5 mg/L),Natural Background (<10 mg/L),Within Drinking Norms,Permissible / Marginal
21040,Madurai,Peraiyur,T.kallipatti,2013-07-01,2013,7,Pre-Monsoon,9.715833,77.859444,Original,394.0,700,8.1,1.65,10.0,12,40.095,78.0,3.0,46,19,2.92314,247.0139,195,2.430207,0.2481321,46.04963,83.09,Good,2.43,0.25,47.08,S1 (Low),C2 (Medium),C2-S1,Safe (<1.25),Permissible to Doubtful,Good / Permissible,Dental Fluorosis Risk (1.5-2.0 mg/L),Acceptable (10-45 mg/L),Within Drinking Norms,Unsafe for Drinking
21041,Madurai,Peraiyur,Sedapatti,2013-07-02,2013,7,Pre-Monsoon,9.826389,77.8,Original,972.0,1830,7.9,1.9,6.0,12,85.05,248.0,2.0,241,58,0.0,597.8,380,5.534754,2.201292,58.51275,142.2,Poor,5.53,2.2,58.78,S1 (Low),C3 (High),C3-S1,Marginal (1.25-2.5),Permissible to Doubtful,Marginal / Moderate,Dental Fluorosis Risk (1.5-2.0 mg/L),Natural Background (<10 mg/L),Within Drinking Norms,Unsafe for Drinking
21042,Madurai,Peraiyur,Saptur,2013-07-03,2013,7,Pre-Monsoon,9.764722,77.740278,Original,1174.0,2060,8.0,1.99,11.0,44,89.91,281.0,3.0,355,91,0.0,518.5,480,5.58058,0.0,55.82761,163.19,Poor,5.58,-1.1,56.16,S1 (Low),C3 (High),C3-S1,Safe (<1.25),Doubtful to Unsuitable,Good / Permissible,Dental Fluorosis Risk (1.5-2.0 mg/L),Acceptable (10-45 mg/L),Within Drinking Norms,Unsafe for Drinking
21068,Madurai,Vadipatti,Alanganallur,2013-07-04,2013,7,Pre-Monsoon,10.048333,78.083889,Original,1321.0,2100,8.1,0.45,46.0,144,72.9,193.0,34.0,340,119,0.0,427.0,660,3.269604,0.0,37.39476,176.54,Poor,3.27,-6.19,41.26,S1 (Low),C3 (High),C3-S1,Safe (<1.25),Doubtful to Unsuitable,Good / Permissible,Safe (<1.0 mg/L),Anthropogenic High (45-100 mg/L),Agricultural Fertilizer Runoff,Unsafe for Drinking
21069,Madurai,Vadipatti,Maduvarpatti,2013-07-04,2013,7,Pre-Monsoon,10.080278,78.124722,Original,2287.0,3960,7.9,0.63,64.0,224,150.66,386.0,12.0,766,106,0.0,713.7,1180,4.890239,0.0,41.2804,273.43,Very Poor,4.89,-11.88,42.02,S1 (Low),C4 (Very High),C4-S1,Safe (<1.25),Unsuitable,Unsuitable,Safe (<1.0 mg/L),Anthropogenic High (45-100 mg/L),Urban Domestic / Septic Leaching,Unsafe for Drinking
83004A,Madurai,Thirumangalam,Kallikudi,2013-07-06,2013,7,Pre-Monsoon,9.7025,77.943333,Original,1326.0,2040,7.8,0.89,48.0,40,31.59,299.0,115.0,234,192,0.0,396.5,230,8.579786,1.903475,63.31076,182.49,Poor,8.58,1.9,77.62,S1 (Low),C3 (High),C3-S1,Marginal (1.25-2.5),Doubtful to Unsuitable,Marginal / Moderate,Safe (<1.0 mg/L),Anthropogenic High (45-100 mg/L),Agricultural Fertilizer Runoff,Unsafe for Drinking
83005,Madurai,Madurai South,Thiruparankundram,2013-07-06,2013,7,Pre-Monsoon,9.879167,78.114444,Original,1765.0,3000,7.3,1.51,15.0,40,68.04,529.0,9.0,567,154,0.0,658.8,380,11.80783,3.203528,74.62257,186.64,Poor,11.8,3.2,75.36,S2 (Medium),C4 (Very High),C4-S2,Unsuitable (>2.5),Unsuitable,Unsuitable,Dental Fluorosis Risk (1.5-2.0 mg/L),Acceptable (10-45 mg/L),Within Drinking Norms,Unsafe for Drinking
83006,Madurai,Thirumangalam,Sathangudi,2013-07-01,2013,7,Pre-Monsoon,9.839167,77.939722,Original,2324.0,3920,8.1,1.21,59.0,24,189.54,437.0,145.0,780,250,0.0,475.8,840,6.559602,0.0,48.10855,316.36,Unsuitable,6.56,-9.0,57.48,S1 (Low),C4 (Very High),C4-S1,Safe (<1.25),Unsuitable,Unsuitable,Permissible (1.0-1.5 mg/L),Anthropogenic High (45-100 mg/L),Urban Domestic / Septic Leaching,Unsafe for Drinking
83013,Madurai,Usilampatti,Usilamaptti,2013-07-02,2013,7,Pre-Monsoon,9.966111,77.7925,Original,755.0,1370,7.1,1.11,5.0,50,55.89,147.0,16.0,213,48,0.0,402.6,355,3.395017,0.0,46.00869,101.08,Poor,3.39,-0.5,48.94,S1 (Low),C3 (High),C3-S1,Safe (<1.25),Permissible to Doubtful,Good / Permissible,Permissible (1.0-1.5 mg/L),Natural Background (<10 mg/L),Within Drinking Norms,Permissible / Marginal
83014A,Madurai,Vadipatti,Thiruvedagam,2013-07-02,2013,7,Pre-Monsoon,10.020556,77.963611,Original,313.0,580,8.5,0.72,3.0,12,30.375,60.0,4.0,46,25,5.768899,194.073,155,2.096843,0.2750559,44.9161,70.74,Good,2.1,0.27,46.66,S1 (Low),C2 (Medium),C2-S1,Safe (<1.25),Permissible to Doubtful,Good / Permissible,Safe (<1.0 mg/L),Natural Background (<10 mg/L),Within Drinking Norms,Safe Drinking Water
83048,Madurai,Thirumangalam,Puliankulam (M),2013-07-06,2013,7,Pre-Monsoon,9.651667,77.909167,Original,396.0,680,8.2,1.02,15.0,26,34.02,64.0,4.0,53,27,2.934696,196.9861,205,1.945042,0.0,39.86539,78.25,Good,1.94,-0.77,41.32,S1 (Low),C2 (Medium),C2-S1,Safe (<1.25),Good to Permissible,Excellent,Permissible (1.0-1.5 mg/L),Acceptable (10-45 mg/L),Within Drinking Norms,Permissible / Marginal
83049,Madurai,Thirumangalam,Peikulam,2013-07-06,2013,7,Pre-Monsoon,9.645556,77.990278,Original,1289.0,2080,7.7,0.19,31.0,128,29.16,207.0,123.0,284,144,0.0,475.8,440,4.295569,0.0,43.0046,181.51,Poor,4.29,-0.99,58.02,S1 (Low),C3 (High),C3-S1,Safe (<1.25),Doubtful to Unsuitable,Good / Permissible,Safe (<1.0 mg/L),Acceptable (10-45 mg/L),Within Drinking Norms,Permissible / Marginal
83062A,Madurai,Thirumangalam,Kappalur,2013-07-01,2013,7,Pre-Monsoon,9.840278,78.016667,Original,1359.0,2450,7.6,0.5,6.0,68,102.06,276.0,25.0,539,110,0.0,427.0,590,4.944227,0.0,49.12853,165.15,Poor,4.94,-4.8,51.73,S1 (Low),C4 (Very High),C4-S1,Safe (<1.25),Doubtful to Unsuitable,Marginal / Moderate,Safe (<1.0 mg/L),Natural Background (<10 mg/L),Within Drinking Norms,Permissible / Marginal
83073,Madurai,Thirumangalam,Chokkanathapuram,2013-07-01,2013,7,Pre-Monsoon,9.938056,77.965278,Original,720.0,1220,7.3,0.96,21.0,30,58.32,147.0,6.0,167,53,0.0,329.4,315,3.603786,0.0,49.78399,95.49,Good,3.6,-0.9,50.96,S1 (Low),C3 (High),C3-S1,Safe (<1.25),Permissible to Doubtful,Good / Permissible,Safe (<1.0 mg/L),Acceptable (10-45 mg/L),Within Drinking Norms,Permissible / Marginal
83099,Madurai,Madurai North,Kadavur,2013-07-04,2013,7,Pre-Monsoon,10.075,78.175,Original,427.0,790,7.1,0.62,3.0,78,19.44,51.0,11.0,74,29,0.2954903,249.6982,275,1.338671,0.0,27.75747,60.79,Good,1.34,-1.39,31.27,S1 (Low),C3 (High),C3-S1,Safe (<1.25),Permissible to Doubtful,Good / Permissible,Safe (<1.0 mg/L),Natural Background (<10 mg/L),Within Drinking Norms,Permissible / Marginal
83004A,Madurai,Thirumangalam,Kallikudi,2009-01-28,2009,1,Post-Monsoon,9.7025,77.943333,Original,1060.0,1870,8.6,0.66,16.0,196,36.0,140.0,10.0,447,24,42.0,232.0,640,2.412453,0.0,31.90107,151.42,Poor,2.41,-7.54,33.23,S1 (Low),C3 (High),C3-S1,Safe (<1.25),Permissible to Doubtful,Good / Permissible,Safe (<1.0 mg/L),Acceptable (10-45 mg/L),Within Drinking Norms,Unsafe for Drinking
83004A,Madurai,Thirumangalam,Kallikudi,2009-01-12,2009,1,Post-Monsoon,9.7025,77.943333,Original,2009.0,3090,7.8,0.43,16.0,144,44.0,396.0,129.0,298,499,0.0,476.0,540,7.410072,0.0,54.97688,241.38,Very Poor,7.41,-3.01,65.5,S1 (Low),C4 (Very High),C4-S1,Safe (<1.25),Unsuitable,Unsuitable,Safe (<1.0 mg/L),Acceptable (10-45 mg/L),Within Drinking Norms,Unsafe for Drinking
83005,Madurai,Madurai South,Thiruparankundram,2009-01-12,2009,1,Post-Monsoon,9.879167,78.114444,Original,1536.0,2610,7.6,0.92,8.0,88,107.0,313.0,5.0,525,216,0.0,458.0,660,5.300245,0.0,50.53904,179.4,Poor,5.3,-5.69,51.0,S1 (Low),C4 (Very High),C4-S1,Safe (<1.25),Doubtful to Unsuitable,Marginal / Moderate,Safe (<1.0 mg/L),Natural Background (<10 mg/L),Within Drinking Norms,Unsafe for Drinking
83013,Madurai,Usilampatti,Usilamaptti,2009-01-12,2009,1,Post-Monsoon,9.966111,77.7925,Original,577.0,1080,7.9,1.1,13.0,50,77.0,48.0,10.0,177,36,0.0,323.0,440,0.9935876,0.0,18.68343,106.54,Poor,0.99,-3.54,20.96,S1 (Low),C3 (High),C3-S1,Safe (<1.25),Permissible to Doubtful,Good / Permissible,Permissible (1.0-1.5 mg/L),Acceptable (10-45 mg/L),Within Drinking Norms,Permissible / Marginal
83014B,Madurai,Vadipatti,Mullipallam,2009-01-12,2009,1,Post-Monsoon,10.019444,77.950556,Original,659.0,1170,8.1,0.62,6.0,52,71.0,76.0,35.0,110,67,0.0,488.0,420,1.609484,0.0,26.15673,118.78,Poor,1.61,-0.44,33.23,S1 (Low),C3 (High),C3-S1,Safe (<1.25),Permissible to Doubtful,Good / Permissible,Safe (<1.0 mg/L),Natural Background (<10 mg/L),Within Drinking Norms,Permissible / Marginal
83016A,Madurai,Melur,Chittampatti,2009-01-21,2009,1,Post-Monsoon,9.988056,78.243056,Original,189.0,300,7.9,0.3,5.0,30,4.0,32.0,1.0,57,12,0.0,79.0,90,1.456609,0.0,42.91016,39.34,Excellent,1.46,-0.53,43.69,S1 (Low),C2 (Medium),C2-S1,Safe (<1.25),Permissible to Doubtful,Good / Permissible,Safe (<1.0 mg/L),Natural Background (<10 mg/L),Within Drinking Norms,Safe Drinking Water
83048,Madurai,Thirumangalam,Puliankulam (M),2009-01-12,2009,1,Post-Monsoon,9.651667,77.909167,Original,485.0,910,8.0,0.83,16.0,70,44.0,53.0,4.0,74,7,0.0,439.0,355,1.222358,0.08176081,24.21177,92.54,Good,1.22,0.08,25.28,S1 (Low),C3 (High),C3-S1,Safe (<1.25),Permissible to Doubtful,Good / Permissible,Safe (<1.0 mg/L),Acceptable (10-45 mg/L),Within Drinking Norms,Permissible / Marginal
83049,Madurai,Thirumangalam,Peikulam,2009-01-12,2009,1,Post-Monsoon,9.645556,77.990278,Original,413.0,700,7.8,0.43,16.0,44,19.0,78.0,18.0,67,42,0.0,281.0,190,2.474693,0.8466611,44.56904,72.78,Good,2.47,0.85,50.61,S1 (Low),C2 (Medium),C2-S1,Safe (<1.25),Permissible to Doubtful,Good / Permissible,Safe (<1.0 mg/L),Acceptable (10-45 mg/L),Within Drinking Norms,Safe Drinking Water
83051,Madurai,Peraiyur,Karaikeni,2009-01-12,2009,1,Post-Monsoon,9.708333,77.968333,Original,372.0,690,7.7,1.5,9.0,54,35.0,35.0,3.0,32,26,0.0,366.0,280,0.9118587,0.4242676,21.22101,79.78,Good,0.91,0.42,22.28,S1 (Low),C2 (Medium),C2-S1,Safe (<1.25),Good to Permissible,Excellent,Permissible (1.0-1.5 mg/L),Natural Background (<10 mg/L),Within Drinking Norms,Permissible / Marginal
83062A,Madurai,Thirumangalam,Kappalur,2009-01-12,2009,1,Post-Monsoon,9.840278,78.016667,Original,1325.0,2260,7.9,0.78,16.0,120,117.0,173.0,30.0,510,192,0.0,268.0,780,2.693006,0.0,31.47429,181.62,Poor,2.69,-11.23,34.67,S1 (Low),C4 (Very High),C4-S1,Safe (<1.25),Doubtful to Unsuitable,Marginal / Moderate,Safe (<1.0 mg/L),Acceptable (10-45 mg/L),Within Drinking Norms,Unsafe for Drinking
83064,Madurai,Peraiyur,Thirumanickam,2009-01-06,2009,1,Post-Monsoon,9.848889,77.752222,Original,812.0,1350,8.1,0.55,9.0,76,68.0,99.0,8.0,216,77,0.0,262.0,470,1.987561,0.0,30.98201,114.78,Poor,1.99,-5.1,32.44,S1 (Low),C3 (High),C3-S1,Safe (<1.25),Permissible to Doubtful,Good / Permissible,Safe (<1.0 mg/L),Natural Background (<10 mg/L),Within Drinking Norms,Permissible / Marginal
83082,Madurai,Usilampatti,Uthappanaickanur,2009-01-02,2009,1,Post-Monsoon,10.033333,77.787778,Original,614.0,1090,8.4,1.2,13.0,78,64.0,41.0,13.0,142,106,48.0,226.0,460,0.833373,0.0,15.81742,118.29,Poor,0.83,-3.86,18.76,S1 (Low),C3 (High),C3-S1,Safe (<1.25),Permissible to Doubtful,Good / Permissible,Permissible (1.0-1.5 mg/L),Acceptable (10-45 mg/L),Within Drinking Norms,Permissible / Marginal
83095,Madurai,Melur,Pulipatti,2009-01-03,2009,1,Post-Monsoon,10.084444,78.288889,Original,1599.0,2740,7.8,0.59,5.0,96,54.0,428.0,7.0,723,125,0.0,323.0,460,8.664002,0.0,66.41697,169.56,Poor,8.66,-3.94,67.04,S1 (Low),C4 (Very High),C4-S1,Safe (<1.25),Doubtful to Unsuitable,Marginal / Moderate,Safe (<1.0 mg/L),Natural Background (<10 mg/L),Within Drinking Norms,Permissible / Marginal
83099,Madurai,Madurai North,Kadavur,2009-01-05,2009,1,Post-Monsoon,10.075,78.175,Original,531.0,970,7.7,0.61,5.0,56,62.0,51.0,6.0,92,46,0.0,366.0,395,1.116431,0.0,21.604,87.84,Good,1.12,-1.9,23.09,S1 (Low),C3 (High),C3-S1,Safe (<1.25),Permissible to Doubtful,Good / Permissible,Safe (<1.0 mg/L),Natural Background (<10 mg/L),Within Drinking Norms,Permissible / Marginal
83004A,Madurai,Thirumangalam,Kallikudi,2009-07-08,2009,7,Pre-Monsoon,9.7025,77.943333,Original,1145.0,1900,8.0,0.9,167.0,140,78.0,145.0,6.0,496,12,0.0,201.0,670,2.436194,0.0,31.74882,185.47,Poor,2.44,-10.11,32.51,S1 (Low),C3 (High),C3-S1,Safe (<1.25),Permissible to Doubtful,Good / Permissible,Safe (<1.0 mg/L),Severe Contamination (>100 mg/L),Agricultural Fertilizer Runoff,Unsafe for Drinking
83016A,Madurai,Melur,Chittampatti,2009-07-09,2009,7,Pre-Monsoon,9.988056,78.243056,Original,440.0,770,8.0,0.78,20.0,80,34.0,37.0,1.0,170,12,0.0,171.0,340,0.8734549,0.0,19.10238,82.74,Good,0.87,-3.99,19.4,S1 (Low),C3 (High),C3-S1,Safe (<1.25),Permissible to Doubtful,Good / Permissible,Safe (<1.0 mg/L),Acceptable (10-45 mg/L),Within Drinking Norms,Permissible / Marginal
21001D,Madurai,Madurai South,Thiruparankundram,2009-07-03,2009,7,Pre-Monsoon,9.877778,78.097222,Original,1130.0,2020,8.0,0.88,11.0,40,56.0,322.0,5.0,312,94,0.0,580.0,330,7.707648,2.902637,67.53755,141.92,Poor,7.7,2.9,68.14,S1 (Low),C3 (High),C3-S1,Unsuitable (>2.5),Doubtful to Unsuitable,Unsuitable,Safe (<1.0 mg/L),Acceptable (10-45 mg/L),Within Drinking Norms,Permissible / Marginal
21002D,Madurai,Thirumangalam,Chokkanathapuram,2009-07-09,2009,7,Pre-Monsoon,9.945556,77.975556,Original,745.0,1260,8.0,1.0,53.0,120,43.0,83.0,6.0,220,67,0.0,305.0,475,1.65417,0.0,27.16399,124.95,Poor,1.65,-4.53,28.31,S1 (Low),C3 (High),C3-S1,Safe (<1.25),Permissible to Doubtful,Good / Permissible,Permissible (1.0-1.5 mg/L),Anthropogenic High (45-100 mg/L),Agricultural Fertilizer Runoff,Unsafe for Drinking
21003D,Madurai,Peraiyur,Chinnakattalai,2009-07-03,2009,7,Pre-Monsoon,9.845556,77.796667,Original,1292.0,2250,8.0,0.47,56.0,68,80.0,290.0,13.0,355,149,0.0,561.0,500,5.647905,0.0,55.02814,170.65,Poor,5.65,-0.78,56.47,S1 (Low),C4 (Very High),C4-S1,Safe (<1.25),Doubtful to Unsuitable,Good / Permissible,Safe (<1.0 mg/L),Anthropogenic High (45-100 mg/L),Agricultural Fertilizer Runoff,Unsafe for Drinking
21004D,Madurai,Thirumangalam,Chinna Ulagani,2009-07-07,2009,7,Pre-Monsoon,9.773611,78.052222,Original,428.0,760,8.0,1.5,7.0,26,21.0,115.0,2.0,46,34,0.0,354.0,150,4.066996,2.776943,61.91672,81.33,Good,4.07,2.78,62.54,S1 (Low),C3 (High),C3-S1,Unsuitable (>2.5),Doubtful to Unsuitable,Unsuitable,Permissible (1.0-1.5 mg/L),Natural Background (<10 mg/L),Within Drinking Norms,Permissible / Marginal
21005D,Madurai,Madurai South,Eliyarpatti,2009-07-08,2009,7,Pre-Monsoon,9.794444,78.090278,Original,847.0,1400,8.0,0.42,139.0,152,22.0,122.0,3.0,234,22,0.0,305.0,470,2.448331,0.0,35.9062,140.84,Poor,2.45,-4.4,36.42,S1 (Low),C3 (High),C3-S1,Safe (<1.25),Permissible to Doubtful,Good / Permissible,Safe (<1.0 mg/L),Severe Contamination (>100 mg/L),Urban Domestic / Septic Leaching,Unsafe for Drinking
21006D,Madurai,Peraiyur,Elumalai RF,2009-07-10,2009,7,Pre-Monsoon,9.861111,77.7,Original,476.0,890,8.0,0.29,17.0,50,49.0,60.0,11.0,64,23,0.0,403.0,325,1.44465,0.07833989,27.70972,87.19,Good,1.44,0.08,30.69,S1 (Low),C3 (High),C3-S1,Safe (<1.25),Permissible to Doubtful,Good / Permissible,Safe (<1.0 mg/L),Acceptable (10-45 mg/L),Within Drinking Norms,Permissible / Marginal
21007D,Madurai,Thirumangalam,Kallikudi,2009-07-08,2009,7,Pre-Monsoon,9.693889,77.971111,Original,1845.0,3220,8.0,1.1,99.0,296,161.0,108.0,6.0,794,250,0.0,262.0,1400,1.255069,0.0,14.29124,266.93,Very Poor,1.25,-23.73,14.75,S1 (Low),C4 (Very High),C4-S1,Safe (<1.25),Unsuitable,Unsuitable,Permissible (1.0-1.5 mg/L),Anthropogenic High (45-100 mg/L),Urban Domestic / Septic Leaching,Unsafe for Drinking
21008D,Madurai,Madurai South,Melamathur,2009-07-08,2009,7,Pre-Monsoon,9.968056,78.007778,Original,766.0,1240,8.0,0.52,97.0,72,38.0,124.0,30.0,121,101,0.0,366.0,335,2.94248,0.0,41.87297,133.25,Poor,2.94,-0.72,47.82,S1 (Low),C3 (High),C3-S1,Safe (<1.25),Permissible to Doubtful,Good / Permissible,Safe (<1.0 mg/L),Anthropogenic High (45-100 mg/L),Urban Domestic / Septic Leaching,Unsafe for Drinking
21009D,Madurai,Thirumangalam,Kappalur,2009-07-09,2009,7,Pre-Monsoon,9.843056,78.018611,Original,989.0,1700,7.0,0.48,151.0,120,80.0,115.0,4.0,305,46,0.0,336.0,630,1.995179,0.0,28.29925,149.38,Poor,1.99,-7.07,28.87,S1 (Low),C3 (High),C3-S1,Safe (<1.25),Permissible to Doubtful,Good / Permissible,Safe (<1.0 mg/L),Severe Contamination (>100 mg/L),Agricultural Fertilizer Runoff,Unsafe for Drinking
21010D,Madurai,Madurai North,Karupayoorani,2009-07-06,2009,7,Pre-Monsoon,9.931944,78.177778,Original,1145.0,1960,8.0,0.29,60.0,52,54.0,267.0,55.0,461,65,0.0,262.0,350,6.190816,0.0,57.89798,158.85,Poor,6.19,-2.75,64.9,S1 (Low),C3 (High),C3-S1,Safe (<1.25),Permissible to Doubtful,Good / Permissible,Safe (<1.0 mg/L),Anthropogenic High (45-100 mg/L),Urban Domestic / Septic Leaching,Unsafe for Drinking
21011D,Madurai,Peraiyur,Mallapuram,2009-07-10,2009,7,Pre-Monsoon,9.805556,77.668333,Original,644.0,1100,8.0,0.2,24.0,40,43.0,120.0,39.0,103,86,0.0,378.0,275,3.137754,0.6613349,44.41636,106.52,Poor,3.14,0.66,52.89,S1 (Low),C3 (High),C3-S1,Safe (<1.25),Permissible to Doubtful,Good / Permissible,Safe (<1.0 mg/L),Acceptable (10-45 mg/L),Within Drinking Norms,Permissible / Marginal
21012D,Madurai,Thirumangalam,Kurayur,2009-07-08,2009,7,Pre-Monsoon,9.694444,78.025,Original,796.0,1330,8.0,1.3,66.0,44,26.0,209.0,2.0,135,106,0.0,415.0,215,6.174706,2.467081,67.45334,122.95,Poor,6.17,2.47,67.82,S1 (Low),C3 (High),C3-S1,Marginal (1.25-2.5),Doubtful to Unsuitable,Marginal / Moderate,Permissible (1.0-1.5 mg/L),Anthropogenic High (45-100 mg/L),Agricultural Fertilizer Runoff,Unsafe for Drinking
21013D,Madurai,Vadipatti,Manianji,2009-07-07,2009,7,Pre-Monsoon,10.004167,78.1025,Original,297.0,500,8.0,0.1,20.0,36,13.0,53.0,7.0,35,23,0.0,220.0,145,1.925719,0.7397592,43.08514,57.57,Good,1.92,0.74,46.42,S1 (Low),C2 (Medium),C2-S1,Safe (<1.25),Permissible to Doubtful,Good / Permissible,Safe (<1.0 mg/L),Acceptable (10-45 mg/L),Within Drinking Norms,Safe Drinking Water
21014D,Madurai,Madurai South,Kilakuilkudi,2009-07-06,2009,7,Pre-Monsoon,9.928333,78.055,Original,472.0,900,7.0,0.17,4.0,110,35.0,22.0,4.0,71,12,0.0,427.0,420,0.4677881,0.0,10.14909,66.04,Good,0.47,-1.37,11.23,S1 (Low),C3 (High),C3-S1,Safe (<1.25),Permissible to Doubtful,Good / Permissible,Safe (<1.0 mg/L),Natural Background (<10 mg/L),Within Drinking Norms,Permissible / Marginal
21015D,Madurai,Peraiyur,Peraiyur,2009-07-10,2009,7,Pre-Monsoon,9.74,77.793333,Original,442.0,790,8.0,0.16,26.0,60,30.0,60.0,4.0,71,38,0.0,305.0,275,1.57913,0.0,31.92443,77.72,Good,1.58,-0.46,33.17,S1 (Low),C3 (High),C3-S1,Safe (<1.25),Permissible to Doubtful,Good / Permissible,Safe (<1.0 mg/L),Acceptable (10-45 mg/L),Within Drinking Norms,Permissible / Marginal
21016D,Madurai,Peraiyur,Subbulapuram,2009-07-09,2009,7,Pre-Monsoon,9.675556,77.809444,Original,357.0,620,8.0,0.45,27.0,56,19.0,48.0,3.0,35,35,0.0,268.0,220,1.414392,0.03471211,32.00916,70.71,Good,1.41,0.03,33.18,S1 (Low),C2 (Medium),C2-S1,Safe (<1.25),Good to Permissible,Excellent,Safe (<1.0 mg/L),Acceptable (10-45 mg/L),Within Drinking Norms,Permissible / Marginal
21017D,Madurai,Thirumangalam,Thangalacheri,2009-07-08,2009,7,Pre-Monsoon,9.836111,77.868889,Original,2082.0,3300,8.0,0.7,273.0,150,116.0,368.0,39.0,688,326,0.0,244.0,850,5.485368,0.0,47.03029,298.96,Very Poor,5.48,-13.03,49.95,S1 (Low),C4 (Very High),C4-S1,Safe (<1.25),Unsuitable,Unsuitable,Safe (<1.0 mg/L),Severe Contamination (>100 mg/L),Urban Domestic / Septic Leaching,Unsafe for Drinking
21018D,Madurai,Thirumangalam,Peikulam,2009-07-09,2009,7,Pre-Monsoon,9.645833,77.991111,Original,887.0,1400,8.0,0.4,133.0,96,36.0,145.0,24.0,209,91,0.0,305.0,390,3.203361,0.0,42.98109,147.06,Poor,3.2,-2.76,47.15,S1 (Low),C3 (High),C3-S1,Safe (<1.25),Permissible to Doubtful,Good / Permissible,Safe (<1.0 mg/L),Severe Contamination (>100 mg/L),Agricultural Fertilizer Runoff,Unsafe for Drinking
21019D,Madurai,Melur,Karungalakudi,2009-07-07,2009,7,Pre-Monsoon,10.155556,78.369167,Original,404.0,730,8.0,0.49,5.0,52,9.0,97.0,2.0,64,16,0.0,317.0,165,3.267088,1.860382,55.47228,67.05,Good,3.27,1.86,56.13,S1 (Low),C2 (Medium),C2-S1,Marginal (1.25-2.5),Permissible to Doubtful,Marginal / Moderate,Safe (<1.0 mg/L),Natural Background (<10 mg/L),Within Drinking Norms,Safe Drinking Water
21020D,Madurai,Melur,Pallapatti,2009-07-03,2009,7,Pre-Monsoon,10.247222,78.386111,Original,471.0,890,8.0,0.4,16.0,66,52.0,41.0,3.0,64,15,0.0,427.0,380,0.9165125,0.0,18.90631,87.99,Good,0.92,-0.58,19.71,S1 (Low),C3 (High),C3-S1,Safe (<1.25),Permissible to Doubtful,Good / Permissible,Safe (<1.0 mg/L),Acceptable (10-45 mg/L),Within Drinking Norms,Permissible / Marginal
21021D,Madurai,Melur,Athipatti,2009-07-03,2009,7,Pre-Monsoon,10.086111,78.391667,Original,1041.0,1680,8.0,0.67,76.0,80,17.0,276.0,2.0,298,115,0.0,354.0,270,7.312098,0.4112142,68.80717,135.96,Poor,7.31,0.41,69.09,S1 (Low),C3 (High),C3-S1,Safe (<1.25),Doubtful to Unsuitable,Marginal / Moderate,Safe (<1.0 mg/L),Anthropogenic High (45-100 mg/L),Agricultural Fertilizer Runoff,Unsafe for Drinking
21022D,Madurai,Melur,Pulipatti,2009-07-03,2009,7,Pre-Monsoon,10.086111,78.291667,Original,441.0,780,8.0,0.34,11.0,42,12.0,108.0,8.0,135,21,0.0,207.0,155,3.783413,0.3095289,58.82599,69.5,Good,3.78,0.31,61.38,S1 (Low),C3 (High),C3-S1,Safe (<1.25),Permissible to Doubtful,Good / Permissible,Safe (<1.0 mg/L),Acceptable (10-45 mg/L),Within Drinking Norms,Safe Drinking Water
21023D,Madurai,Melur,Uranganpatti,2009-07-03,2009,7,Pre-Monsoon,9.998333,78.43,Original,503.0,900,8.0,0.55,17.0,60,23.0,97.0,4.0,74,48,0.0,360.0,245,2.699191,1.01394,45.81924,83.72,Good,2.7,1.01,46.92,S1 (Low),C3 (High),C3-S1,Safe (<1.25),Permissible to Doubtful,Good / Permissible,Safe (<1.0 mg/L),Acceptable (10-45 mg/L),Within Drinking Norms,Permissible / Marginal
21024D,Madurai,Melur,Thiruvadur,2009-07-03,2009,7,Pre-Monsoon,9.956944,78.319444,Original,560.0,980,8.0,0.53,23.0,46,30.0,110.0,14.0,103,87,0.0,293.0,240,3.100091,0.03838269,48.29613,92.05,Good,3.1,0.04,51.9,S1 (Low),C3 (High),C3-S1,Safe (<1.25),Permissible to Doubtful,Good / Permissible,Safe (<1.0 mg/L),Acceptable (10-45 mg/L),Within Drinking Norms,Permissible / Marginal
21025D,Madurai,Madurai North,Varichiyur,2009-07-03,2009,7,Pre-Monsoon,9.908889,78.256111,Original,1208.0,2100,8.0,0.52,128.0,70,116.0,196.0,8.0,390,92,0.0,415.0,650,3.339015,0.0,39.16384,185.22,Poor,3.34,-6.24,40.09,S1 (Low),C3 (High),C3-S1,Safe (<1.25),Doubtful to Unsuitable,Good / Permissible,Safe (<1.0 mg/L),Severe Contamination (>100 mg/L),Urban Domestic / Septic Leaching,Unsafe for Drinking
21026D,Madurai,Vadipatti,Senthamangalam,2009-07-06,2009,7,Pre-Monsoon,10.138333,78.141111,Original,607.0,1060,8.0,0.22,78.0,92,57.0,35.0,9.0,110,43,0.0,366.0,465,0.7066996,0.0,13.79714,114.27,Poor,0.71,-3.28,15.88,S1 (Low),C3 (High),C3-S1,Safe (<1.25),Permissible to Doubtful,Good / Permissible,Safe (<1.0 mg/L),Anthropogenic High (45-100 mg/L),Agricultural Fertilizer Runoff,Unsafe for Drinking
21027D,Madurai,Vadipatti,Thiruvedagam,2009-07-06,2009,7,Pre-Monsoon,10.019444,77.972222,Original,497.0,900,8.0,0.18,6.0,36,54.0,71.0,15.0,92,34,0.0,378.0,310,1.748404,0.0,31.79878,85.65,Good,1.75,-0.05,35.74,S1 (Low),C3 (High),C3-S1,Safe (<1.25),Permissible to Doubtful,Good / Permissible,Safe (<1.0 mg/L),Natural Background (<10 mg/L),Within Drinking Norms,Permissible / Marginal
21028D,Madurai,Usilampatti,Veppanuthu,2009-07-08,2009,7,Pre-Monsoon,9.897222,77.841667,Original,2100.0,2100,8.0,1.4,14.0,88,90.0,230.0,7.0,440,86,0.0,439.0,590,4.119191,0.0,45.514,184.37,Poor,4.12,-4.6,46.32,S1 (Low),C3 (High),C3-S1,Safe (<1.25),Doubtful to Unsuitable,Good / Permissible,Permissible (1.0-1.5 mg/L),Acceptable (10-45 mg/L),Within Drinking Norms,Unsafe for Drinking
21029D,Madurai,Usilampatti,Vikramangalam,2009-07-10,2009,7,Pre-Monsoon,10.021667,77.886667,Original,2186.0,3600,8.0,0.36,101.0,110,103.0,460.0,106.0,752,346,0.0,415.0,700,7.572062,0.0,54.54211,284.43,Very Poor,7.57,-7.17,61.92,S1 (Low),C4 (Very High),C4-S1,Safe (<1.25),Unsuitable,Unsuitable,Safe (<1.0 mg/L),Severe Contamination (>100 mg/L),Urban Domestic / Septic Leaching,Unsafe for Drinking
21030D,Madurai,Peraiyur,Kunnathur,2009-07-09,2009,7,Pre-Monsoon,9.746944,77.889444,Original,389.0,720,8.0,0.98,7.0,56,12.0,81.0,5.0,60,9,0.0,317.0,190,2.562099,1.413899,47.39873,74.22,Good,2.56,1.41,49.11,S1 (Low),C2 (Medium),C2-S1,Marginal (1.25-2.5),Permissible to Doubtful,Marginal / Moderate,Safe (<1.0 mg/L),Natural Background (<10 mg/L),Within Drinking Norms,Safe Drinking Water
21031D,Madurai,Usilampatti,Uthappanaickanur,2009-07-07,2009,7,Pre-Monsoon,10.035556,77.791111,Original,1434.0,2350,8.0,0.66,187.0,140,148.0,48.0,106.0,418,259,0.0,256.0,960,0.6744711,0.0,8.712475,263.74,Very Poor,0.67,-14.97,20.02,S1 (Low),C4 (Very High),C4-S1,Safe (<1.25),Doubtful to Unsuitable,Marginal / Moderate,Safe (<1.0 mg/L),Severe Contamination (>100 mg/L),Agricultural Fertilizer Runoff,Unsafe for Drinking
21032D,Madurai,Usilampatti,Doddappanaickanur,2009-07-07,2009,7,Pre-Monsoon,9.971111,77.736111,Original,1132.0,2000,8.0,0.89,20.0,120,88.0,138.0,47.0,319,168,0.0,464.0,660,2.333889,0.0,29.37486,174.27,Poor,2.33,-5.63,35.25,S1 (Low),C3 (High),C3-S1,Safe (<1.25),Doubtful to Unsuitable,Good / Permissible,Safe (<1.0 mg/L),Acceptable (10-45 mg/L),Within Drinking Norms,Unsafe for Drinking
21033D,Madurai,Usilampatti,Usilampatti,2009-07-07,2009,7,Pre-Monsoon,9.959722,77.791667,Original,2081.0,3430,8.0,1.6,360.0,160,180.0,267.0,11.0,681,278,0.0,287.0,1140,3.439981,0.0,33.47722,336.82,Unsuitable,3.44,-18.1,34.28,S1 (Low),C4 (Very High),C4-S1,Safe (<1.25),Unsuitable,Unsuitable,Dental Fluorosis Risk (1.5-2.0 mg/L),Severe Contamination (>100 mg/L),Urban Domestic / Septic Leaching,Unsafe for Drinking
21034D,Madurai,Melur,Chittampatti,2009-07-07,2009,7,Pre-Monsoon,10.0,78.275,Original,993.0,1670,8.0,0.18,57.0,124,29.0,198.0,4.0,326,72,0.0,366.0,430,4.159475,0.0,49.81384,131.66,Poor,4.16,-2.58,50.39,S1 (Low),C3 (High),C3-S1,Safe (<1.25),Permissible to Doubtful,Good / Permissible,Safe (<1.0 mg/L),Anthropogenic High (45-100 mg/L),Agricultural Fertilizer Runoff,Unsafe for Drinking
21035D,Madurai,Madurai North,Madurai North,2009-07-03,2009,7,Pre-Monsoon,9.843056,78.141667,Original,1929.0,3200,8.0,0.23,162.0,128,136.0,345.0,16.0,610,312,0.0,439.0,880,5.061767,0.0,45.4818,257.75,Very Poor,5.06,-10.39,46.71,S1 (Low),C4 (Very High),C4-S1,Safe (<1.25),Unsuitable,Unsuitable,Safe (<1.0 mg/L),Severe Contamination (>100 mg/L),Urban Domestic / Septic Leaching,Unsafe for Drinking
21036D,Madurai,Madurai North,Koolapandi,2009-07-06,2009,7,Pre-Monsoon,10.008333,78.147222,Original,444.0,800,8.0,0.4,13.0,36,41.0,76.0,5.0,71,43,0.0,317.0,260,2.056043,0.02566198,38.42149,78.51,Good,2.06,0.02,39.9,S1 (Low),C3 (High),C3-S1,Safe (<1.25),Permissible to Doubtful,Good / Permissible,Safe (<1.0 mg/L),Acceptable (10-45 mg/L),Within Drinking Norms,Permissible / Marginal
21037D,Madurai,Thirumangalam,Kandai,2009-07-06,2009,7,Pre-Monsoon,9.877778,77.913333,Original,540.0,940,8.0,0.15,30.0,38,44.0,106.0,2.0,106,31,0.0,366.0,275,2.776081,0.4821622,45.29684,86.41,Good,2.77,0.48,45.79,S1 (Low),C3 (High),C3-S1,Safe (<1.25),Permissible to Doubtful,Good / Permissible,Safe (<1.0 mg/L),Acceptable (10-45 mg/L),Within Drinking Norms,Permissible / Marginal
83005,Madurai,Madurai South,Thiruparankundram,2009-07-08,2009,7,Pre-Monsoon,9.879167,78.114444,Original,1761.0,2900,7.0,1.0,87.0,96,51.0,483.0,6.0,546,211,0.0,561.0,450,9.910736,0.2079507,69.68185,191.93,Poor,9.91,0.21,70.18,S1 (Low),C4 (Very High),C4-S1,Safe (<1.25),Doubtful to Unsuitable,Marginal / Moderate,Permissible (1.0-1.5 mg/L),Anthropogenic High (45-100 mg/L),Urban Domestic / Septic Leaching,Unsafe for Drinking
83013,Madurai,Usilampatti,Usilamaptti,2009-07-07,2009,7,Pre-Monsoon,9.966111,77.7925,Original,624.0,1160,8.0,0.81,9.0,46,55.0,115.0,11.0,156,24,0.0,415.0,340,2.708564,0.0,41.32352,103.3,Poor,2.71,-0.02,43.63,S1 (Low),C3 (High),C3-S1,Safe (<1.25),Permissible to Doubtful,Good / Permissible,Safe (<1.0 mg/L),Natural Background (<10 mg/L),Within Drinking Norms,Permissible / Marginal
83016A,Madurai,Melur,Chittampatti,2009-07-03,2009,7,Pre-Monsoon,9.988056,78.243056,Original,6899.0,11500,7.0,0.54,19.0,600,268.0,1334.0,383.0,3261,720,0.0,628.0,2600,11.3802,0.0,48.42833,784.66,Unsuitable,11.37,-41.71,56.59,S2 (Medium),C4 (Very High),C4-S2,Safe (<1.25),Unsuitable,Unsuitable,Safe (<1.0 mg/L),Acceptable (10-45 mg/L),Within Drinking Norms,Unsafe for Drinking
83048,Madurai,Thirumangalam,Puliankulam (M),2009-07-08,2009,7,Pre-Monsoon,9.651667,77.909167,Original,484.0,890,8.0,0.71,12.0,72,33.0,71.0,6.0,57,4,0.0,458.0,315,1.738879,1.198549,32.33697,88.39,Good,1.74,1.2,33.93,S1 (Low),C3 (High),C3-S1,Safe (<1.25),Permissible to Doubtful,Good / Permissible,Safe (<1.0 mg/L),Acceptable (10-45 mg/L),Within Drinking Norms,Permissible / Marginal
83049,Madurai,Thirumangalam,Peikulam,2009-07-08,2009,7,Pre-Monsoon,9.645556,77.990278,Original,420.0,740,8.0,0.14,9.0,72,15.0,60.0,18.0,53,13,0.0,360.0,240,1.67985,1.073379,33.04566,74.64,Good,1.68,1.07,38.87,S1 (Low),C2 (Medium),C2-S1,Safe (<1.25),Good to Permissible,Excellent,Safe (<1.0 mg/L),Natural Background (<10 mg/L),Within Drinking Norms,Permissible / Marginal
83051,Madurai,Peraiyur,Karaikeni,2009-07-09,2009,7,Pre-Monsoon,9.708333,77.968333,Original,721.0,1360,8.0,1.1,16.0,88,58.0,106.0,7.0,174,22,0.0,500.0,460,2.153948,0.0,33.04216,120.64,Poor,2.15,-0.97,34.31,S1 (Low),C3 (High),C3-S1,Safe (<1.25),Permissible to Doubtful,Good / Permissible,Permissible (1.0-1.5 mg/L),Acceptable (10-45 mg/L),Within Drinking Norms,Permissible / Marginal
83062A,Madurai,Thirumangalam,Kappalur,2009-07-09,2009,7,Pre-Monsoon,9.840278,78.016667,Original,1379.0,2410,8.0,0.4,28.0,112,102.0,230.0,31.0,567,187,0.0,244.0,700,3.783658,0.0,40.37299,182.67,Poor,3.78,-9.99,43.56,S1 (Low),C4 (Very High),C4-S1,Safe (<1.25),Doubtful to Unsuitable,Marginal / Moderate,Safe (<1.0 mg/L),Acceptable (10-45 mg/L),Within Drinking Norms,Unsafe for Drinking
83082,Madurai,Usilampatti,Uthappanaickanur,2009-07-07,2009,7,Pre-Monsoon,10.033333,77.787778,Original,617.0,1160,8.0,0.62,19.0,70,73.0,48.0,18.0,149,23,0.0,433.0,475,0.9579682,0.0,17.32881,112.71,Poor,0.96,-2.41,21.14,S1 (Low),C3 (High),C3-S1,Safe (<1.25),Permissible to Doubtful,Good / Permissible,Safe (<1.0 mg/L),Acceptable (10-45 mg/L),Within Drinking Norms,Permissible / Marginal
83095,Madurai,Melur,Pulipatti,2009-07-03,2009,7,Pre-Monsoon,10.084444,78.288889,Original,1570.0,2710,8.0,0.71,2.0,80,51.0,460.0,3.0,688,115,0.0,342.0,410,9.888264,0.0,70.76604,168.38,Poor,9.88,-2.58,71.03,S1 (Low),C4 (Very High),C4-S1,Safe (<1.25),Doubtful to Unsuitable,Marginal / Moderate,Safe (<1.0 mg/L),Natural Background (<10 mg/L),Within Drinking Norms,Permissible / Marginal
83004A,Madurai,Thirumangalam,Kallikudi,2010-01-09,2010,1,Post-Monsoon,9.7025,77.943333,Original,1060.0,1970,8.8,0.68,31.0,100,162.81,41.0,5.0,425,14,72.0,207.4,920,0.5881651,0.0,8.785634,175.67,Poor,0.59,-12.59,9.41,S1 (Low),C3 (High),C3-S1,Safe (<1.25),Permissible to Doubtful,Good / Permissible,Safe (<1.0 mg/L),Acceptable (10-45 mg/L),Within Drinking Norms,Unsafe for Drinking
83016A,Madurai,Melur,Chittampatti,2010-01-12,2010,1,Post-Monsoon,9.988056,78.243056,Original,398.0,720,7.5,0.33,1.0,40,25.515,74.0,2.0,149,23,0.3852382,129.599,205,2.24928,0.0,43.69983,54.91,Good,2.25,-1.96,44.38,S1 (Low),C2 (Medium),C2-S1,Safe (<1.25),Permissible to Doubtful,Good / Permissible,Safe (<1.0 mg/L),Natural Background (<10 mg/L),Within Drinking Norms,Permissible / Marginal
21001D,Madurai,Madurai South,Thiruparankundram,2010-01-06,2010,1,Post-Monsoon,9.877778,78.097222,Original,1127.0,1970,8.1,1.47,4.0,52,43.74,322.0,7.0,369,67,0.0,500.2,310,7.958634,2.004596,68.72671,144.97,Poor,7.95,2.0,69.59,S1 (Low),C3 (High),C3-S1,Marginal (1.25-2.5),Doubtful to Unsuitable,Marginal / Moderate,Permissible (1.0-1.5 mg/L),Natural Background (<10 mg/L),Within Drinking Norms,Permissible / Marginal
21002D,Madurai,Thirumangalam,Chokkanathapuram,2010-01-08,2010,1,Post-Monsoon,9.945556,77.975556,Original,621.0,1110,8.0,0.57,5.0,110,44.955,51.0,5.0,167,47,0.0,347.7,460,1.034952,0.0,19.23158,100.41,Poor,1.03,-3.49,20.33,S1 (Low),C3 (High),C3-S1,Safe (<1.25),Permissible to Doubtful,Good / Permissible,Safe (<1.0 mg/L),Natural Background (<10 mg/L),Within Drinking Norms,Permissible / Marginal
21003D,Madurai,Peraiyur,Chinnakattalai,2010-01-05,2010,1,Post-Monsoon,9.845556,77.796667,Original,1258.0,2220,8.2,0.98,18.0,84,94.77,230.0,16.0,411,85,0.0,512.4,600,4.085924,0.0,44.65451,172.28,Poor,4.08,-3.59,46.47,S1 (Low),C3 (High),C3-S1,Safe (<1.25),Doubtful to Unsuitable,Good / Permissible,Safe (<1.0 mg/L),Acceptable (10-45 mg/L),Within Drinking Norms,Permissible / Marginal
21004D,Madurai,Thirumangalam,Chinna Ulagani,2010-01-06,2010,1,Post-Monsoon,9.773611,78.052222,Original,443.0,810,8.4,1.43,3.0,16,34.02,113.0,2.0,57,21,7.032556,297.8419,180,3.664657,1.518525,57.39211,88.05,Good,3.66,1.52,57.98,S1 (Low),C3 (High),C3-S1,Marginal (1.25-2.5),Permissible to Doubtful,Marginal / Moderate,Permissible (1.0-1.5 mg/L),Natural Background (<10 mg/L),Within Drinking Norms,Permissible / Marginal
21005D,Madurai,Madurai South,Eliyarpatti,2010-01-06,2010,1,Post-Monsoon,9.794444,78.090278,Original,895.0,1480,7.5,0.59,39.0,166,21.87,115.0,5.0,241,10,0.0,323.3,505,2.227735,0.0,32.87907,113.8,Poor,2.23,-4.79,33.71,S1 (Low),C3 (High),C3-S1,Safe (<1.25),Permissible to Doubtful,Good / Permissible,Safe (<1.0 mg/L),Acceptable (10-45 mg/L),Within Drinking Norms,Permissible / Marginal
21006D,Madurai,Peraiyur,Elumalai RF,2010-01-05,2010,1,Post-Monsoon,9.861111,77.7,Original,516.0,980,7.9,0.54,10.0,62,55.89,41.0,16.0,71,16,0.0,420.9,385,0.9093077,0.0,18.04001,93.74,Good,0.91,-0.8,22.17,S1 (Low),C3 (High),C3-S1,Safe (<1.25),Permissible to Doubtful,Good / Permissible,Safe (<1.0 mg/L),Acceptable (10-45 mg/L),Within Drinking Norms,Permissible / Marginal
21007D,Madurai,Thirumangalam,Kallikudi,2010-01-06,2010,1,Post-Monsoon,9.693889,77.971111,Original,1762.0,3020,7.9,0.73,29.0,280,170.1,74.0,6.0,752,240,0.0,219.6,1400,0.860718,0.0,10.26971,236.09,Very Poor,0.86,-24.37,10.75,S1 (Low),C4 (Very High),C4-S1,Safe (<1.25),Unsuitable,Unsuitable,Safe (<1.0 mg/L),Acceptable (10-45 mg/L),Within Drinking Norms,Unsafe for Drinking
21008D,Madurai,Madurai South,Melamathur,2010-01-08,2010,1,Post-Monsoon,9.968056,78.007778,Original,720.0,1220,8.3,0.95,17.0,104,30.375,92.0,31.0,128,44,6.0,414.8,385,2.040869,0.0,32.05453,123.07,Poor,2.04,-0.69,38.4,S1 (Low),C3 (High),C3-S1,Safe (<1.25),Permissible to Doubtful,Good / Permissible,Safe (<1.0 mg/L),Acceptable (10-45 mg/L),Within Drinking Norms,Permissible / Marginal
21009D,Madurai,Thirumangalam,Kappalur,2010-01-11,2010,1,Post-Monsoon,9.843056,78.018611,Original,986.0,1870,7.2,0.89,7.0,168,80.19,83.0,9.0,355,36,0.0,451.4,750,1.319054,0.0,19.18004,135.58,Poor,1.32,-7.59,20.4,S1 (Low),C3 (High),C3-S1,Safe (<1.25),Permissible to Doubtful,Good / Permissible,Safe (<1.0 mg/L),Natural Background (<10 mg/L),Within Drinking Norms,Unsafe for Drinking
21010D,Madurai,Madurai North,Karupayoorani,2010-01-07,2010,1,Post-Monsoon,9.931944,78.177778,Original,1137.0,1910,6.8,0.42,13.0,76,36.45,294.0,4.0,489,58,0.0,244.0,340,6.939412,0.0,64.97198,114.14,Poor,6.94,-2.79,65.48,S1 (Low),C3 (High),C3-S1,Safe (<1.25),Doubtful to Unsuitable,Marginal / Moderate,Safe (<1.0 mg/L),Acceptable (10-45 mg/L),Within Drinking Norms,Permissible / Marginal
21011D,Madurai,Peraiyur,Mallapuram,2010-01-05,2010,1,Post-Monsoon,9.805556,77.668333,Original,947.0,1590,7.9,0.63,40.0,88,49.815,177.0,7.0,227,50,0.0,341.6,425,3.736616,0.0,47.03468,125.63,Poor,3.73,-2.89,48.12,S1 (Low),C3 (High),C3-S1,Safe (<1.25),Permissible to Doubtful,Good / Permissible,Safe (<1.0 mg/L),Acceptable (10-45 mg/L),Within Drinking Norms,Permissible / Marginal
21012D,Madurai,Thirumangalam,Kurayur,2010-01-06,2010,1,Post-Monsoon,9.694444,78.025,Original,827.0,1410,8.5,0.85,20.0,42,25.515,230.0,3.0,138,63,18.0,439.2,210,6.907348,3.603471,70.07502,116.66,Poor,6.9,3.6,70.6,S1 (Low),C3 (High),C3-S1,Unsuitable (>2.5),Doubtful to Unsuitable,Unsuitable,Safe (<1.0 mg/L),Acceptable (10-45 mg/L),Within Drinking Norms,Permissible / Marginal
21013D,Madurai,Vadipatti,Manianji,2010-01-04,2010,1,Post-Monsoon,10.004167,78.1025,Original,307.0,530,8.0,0.55,6.0,40,6.075,64.0,5.0,32,8,1.908589,203.0414,125,2.491887,0.8956266,51.478,56.65,Good,2.49,0.9,53.83,S1 (Low),C2 (Medium),C2-S1,Safe (<1.25),Permissible to Doubtful,Good / Permissible,Safe (<1.0 mg/L),Natural Background (<10 mg/L),Within Drinking Norms,Safe Drinking Water
21014D,Madurai,Madurai South,Kilakuilkudi,2010-01-08,2010,1,Post-Monsoon,9.928333,78.055,Original,734.0,1340,7.9,0.61,17.0,86,91.125,46.0,7.0,199,30,0.0,402.6,590,0.824091,0.0,14.32251,119.2,Poor,0.82,-5.19,15.6,S1 (Low),C3 (High),C3-S1,Safe (<1.25),Permissible to Doubtful,Good / Permissible,Safe (<1.0 mg/L),Acceptable (10-45 mg/L),Within Drinking Norms,Permissible / Marginal
21015D,Madurai,Peraiyur,Peraiyur,2010-01-11,2010,1,Post-Monsoon,9.74,77.793333,Original,616.0,1150,6.7,0.4,4.0,76,31.59,115.0,9.0,67,17,0.0,561.2,320,2.798018,2.806535,43.03107,82.98,Good,2.8,2.8,45.0,S1 (Low),C3 (High),C3-S1,Unsuitable (>2.5),Permissible to Doubtful,Unsuitable,Safe (<1.0 mg/L),Natural Background (<10 mg/L),Within Drinking Norms,Permissible / Marginal
21016D,Madurai,Peraiyur,Subbulapuram,2010-01-11,2010,1,Post-Monsoon,9.675556,77.809444,Original,332.0,590,7.9,0.29,6.0,62,23.085,25.0,5.0,46,18,1.556089,208.4042,250,0.6881883,0.0,17.51377,60.91,Good,0.69,-1.53,19.57,S1 (Low),C2 (Medium),C2-S1,Safe (<1.25),Good to Permissible,Excellent,Safe (<1.0 mg/L),Natural Background (<10 mg/L),Within Drinking Norms,Permissible / Marginal
21017D,Madurai,Thirumangalam,Thangalacheri,2010-01-11,2010,1,Post-Monsoon,9.836111,77.868889,Original,1808.0,3030,7.6,0.58,45.0,296,97.2,152.0,55.0,638,192,0.0,359.9,1140,1.959472,0.0,21.47425,235.07,Very Poor,1.96,-16.87,26.04,S1 (Low),C4 (Very High),C4-S1,Safe (<1.25),Unsuitable,Unsuitable,Safe (<1.0 mg/L),Acceptable (10-45 mg/L),Within Drinking Norms,Unsafe for Drinking
21018D,Madurai,Thirumangalam,Peikulam,2010-01-06,2010,1,Post-Monsoon,9.645833,77.991111,Original,954.0,1580,7.7,0.28,26.0,132,41.31,106.0,55.0,284,67,0.0,305.0,500,2.06335,0.0,28.8095,135.3,Poor,2.06,-4.99,37.59,S1 (Low),C3 (High),C3-S1,Safe (<1.25),Permissible to Doubtful,Good / Permissible,Safe (<1.0 mg/L),Acceptable (10-45 mg/L),Within Drinking Norms,Permissible / Marginal
21019D,Madurai,Melur,Karungalakudi,2010-01-07,2010,1,Post-Monsoon,10.155556,78.369167,Original,615.0,1100,7.3,0.6,2.0,84,32.805,99.0,8.0,174,24,0.0,366.0,345,2.319844,0.0,37.7664,82.5,Good,2.32,-0.89,39.55,S1 (Low),C3 (High),C3-S1,Safe (<1.25),Permissible to Doubtful,Good / Permissible,Safe (<1.0 mg/L),Natural Background (<10 mg/L),Within Drinking Norms,Permissible / Marginal
21020D,Madurai,Melur,Pallapatti,2010-01-07,2010,1,Post-Monsoon,10.247222,78.386111,Original,435.0,840,8.4,0.51,5.0,70,57.105,8.0,5.0,78,17,6.801885,288.0725,410,0.171935,0.0,4.014421,90.51,Good,0.17,-3.25,5.49,S1 (Low),C3 (High),C3-S1,Safe (<1.25),Permissible to Doubtful,Good / Permissible,Safe (<1.0 mg/L),Natural Background (<10 mg/L),Within Drinking Norms,Permissible / Marginal
21021D,Madurai,Melur,Athipatti,2010-01-07,2010,1,Post-Monsoon,10.086111,78.391667,Original,1265.0,2080,7.6,0.37,38.0,176,58.32,177.0,5.0,525,91,0.0,134.2,680,2.954378,0.0,35.96136,148.12,Poor,2.95,-11.38,36.55,S1 (Low),C3 (High),C3-S1,Safe (<1.25),Doubtful to Unsuitable,Good / Permissible,Safe (<1.0 mg/L),Acceptable (10-45 mg/L),Within Drinking Norms,Unsafe for Drinking
21022D,Madurai,Melur,Pulipatti,2010-01-07,2010,1,Post-Monsoon,10.086111,78.291667,Original,276.0,500,7.7,0.4,2.0,38,10.935,51.0,4.0,43,8,0.8673599,184.1076,140,1.876139,0.2504615,43.35395,47.69,Excellent,1.88,0.25,45.34,S1 (Low),C2 (Medium),C2-S1,Safe (<1.25),Permissible to Doubtful,Good / Permissible,Safe (<1.0 mg/L),Natural Background (<10 mg/L),Within Drinking Norms,Safe Drinking Water
21023D,Madurai,Melur,Uranganpatti,2010-01-07,2010,1,Post-Monsoon,9.998333,78.43,Original,415.0,790,7.7,0.39,2.0,96,26.73,25.0,5.0,60,8,1.406603,298.5683,350,0.5816576,0.0,13.25213,69.97,Good,0.58,-2.05,14.81,S1 (Low),C3 (High),C3-S1,Safe (<1.25),Permissible to Doubtful,Good / Permissible,Safe (<1.0 mg/L),Natural Background (<10 mg/L),Within Drinking Norms,Permissible / Marginal
21024D,Madurai,Melur,Thiruvadur,2010-01-07,2010,1,Post-Monsoon,9.956944,78.319444,Original,635.0,1120,7.8,0.29,2.0,88,32.805,94.0,19.0,113,39,0.0,475.8,355,2.171455,0.7078766,35.04913,95.15,Good,2.17,0.71,39.2,S1 (Low),C3 (High),C3-S1,Safe (<1.25),Permissible to Doubtful,Good / Permissible,Safe (<1.0 mg/L),Natural Background (<10 mg/L),Within Drinking Norms,Permissible / Marginal
21025D,Madurai,Madurai North,Varichiyur,2010-01-07,2010,1,Post-Monsoon,9.908889,78.256111,Original,1028.0,1790,7.7,0.77,20.0,116,65.61,154.0,13.0,340,62,0.0,378.2,560,2.832216,0.0,36.76722,137.36,Poor,2.83,-4.99,38.58,S1 (Low),C3 (High),C3-S1,Safe (<1.25),Permissible to Doubtful,Good / Permissible,Safe (<1.0 mg/L),Acceptable (10-45 mg/L),Within Drinking Norms,Permissible / Marginal
21026D,Madurai,Vadipatti,Senthamangalam,2010-01-04,2010,1,Post-Monsoon,10.138333,78.141111,Original,542.0,1060,8.2,0.49,7.0,72,76.545,19.0,11.0,53,22,6.0,506.3,495,0.3716157,0.0,7.513437,106.15,Poor,0.37,-1.4,10.07,S1 (Low),C3 (High),C3-S1,Safe (<1.25),Permissible to Doubtful,Good / Permissible,Safe (<1.0 mg/L),Natural Background (<10 mg/L),Within Drinking Norms,Permissible / Marginal
21027D,Madurai,Vadipatti,Thiruvedagam,2010-01-04,2010,1,Post-Monsoon,10.019444,77.972222,Original,443.0,830,7.7,0.71,1.0,38,47.385,60.0,16.0,71,16,1.453493,308.5215,290,1.533141,0.0,29.60806,78.16,Good,1.53,-0.69,34.24,S1 (Low),C3 (High),C3-S1,Safe (<1.25),Permissible to Doubtful,Good / Permissible,Safe (<1.0 mg/L),Natural Background (<10 mg/L),Within Drinking Norms,Permissible / Marginal
21028D,Madurai,Usilampatti,Veppanuthu,2010-01-05,2010,1,Post-Monsoon,9.897222,77.841667,Original,1147.0,2020,7.6,1.1,1.0,128,92.34,166.0,13.0,447,77,0.0,439.2,700,2.730464,0.0,33.52274,154.85,Poor,2.73,-6.79,35.06,S1 (Low),C3 (High),C3-S1,Safe (<1.25),Doubtful to Unsuitable,Good / Permissible,Permissible (1.0-1.5 mg/L),Natural Background (<10 mg/L),Within Drinking Norms,Unsafe for Drinking
21029D,Madurai,Usilampatti,Vikramangalam,2010-01-08,2010,1,Post-Monsoon,10.021667,77.886667,Original,1893.0,3050,7.8,0.25,28.0,232,97.2,191.0,137.0,780,250,0.0,158.6,980,2.655506,0.0,26.4685,256.3,Very Poor,2.65,-16.98,37.62,S1 (Low),C4 (Very High),C4-S1,Safe (<1.25),Unsuitable,Unsuitable,Safe (<1.0 mg/L),Acceptable (10-45 mg/L),Within Drinking Norms,Unsafe for Drinking
21030D,Madurai,Peraiyur,Kunnathur,2010-01-11,2010,1,Post-Monsoon,9.746944,77.889444,Original,401.0,740,8.0,0.41,2.0,70,21.87,48.0,7.0,60,24,2.420775,257.5292,265,1.283425,0.0,27.61782,70.63,Good,1.28,-0.99,29.98,S1 (Low),C2 (Medium),C2-S1,Safe (<1.25),Good to Permissible,Excellent,Safe (<1.0 mg/L),Natural Background (<10 mg/L),Within Drinking Norms,Permissible / Marginal
21031D,Madurai,Usilampatti,Uthappanaickanur,2010-01-08,2010,1,Post-Monsoon,10.035556,77.791111,Original,950.0,1610,8.2,0.51,25.0,76,82.62,81.0,94.0,241,50,6.0,451.4,530,1.531046,0.0,21.32892,166.27,Poor,1.53,-2.99,35.87,S1 (Low),C3 (High),C3-S1,Safe (<1.25),Permissible to Doubtful,Good / Permissible,Safe (<1.0 mg/L),Acceptable (10-45 mg/L),Within Drinking Norms,Permissible / Marginal
21032D,Madurai,Usilampatti,Doddappanaickanur,2010-01-08,2010,1,Post-Monsoon,9.971111,77.736111,Original,1194.0,2000,8.2,0.37,5.0,172,43.74,173.0,63.0,376,75,0.0,536.8,610,3.048945,0.0,35.29693,171.05,Poor,3.05,-3.39,42.85,S1 (Low),C3 (High),C3-S1,Safe (<1.25),Doubtful to Unsuitable,Good / Permissible,Safe (<1.0 mg/L),Natural Background (<10 mg/L),Within Drinking Norms,Unsafe for Drinking
21033D,Madurai,Usilampatti,Usilampatti,2010-01-08,2010,1,Post-Monsoon,9.959722,77.791667,Original,1961.0,3400,8.3,1.1,74.0,40,301.32,189.0,13.0,752,144,12.0,359.9,1340,2.246189,0.0,23.25964,276.56,Very Poor,2.24,-20.5,24.19,S1 (Low),C4 (Very High),C4-S1,Safe (<1.25),Unsuitable,Unsuitable,Permissible (1.0-1.5 mg/L),Anthropogenic High (45-100 mg/L),Urban Domestic / Septic Leaching,Unsafe for Drinking
21034D,Madurai,Melur,Chittampatti,2010-01-07,2010,1,Post-Monsoon,10.0,78.275,Original,967.0,1560,7.8,0.28,31.0,108,36.45,163.0,35.0,220,61,0.0,414.8,420,3.461853,0.0,43.29985,129.07,Poor,3.46,-1.59,48.76,S1 (Low),C3 (High),C3-S1,Safe (<1.25),Permissible to Doubtful,Good / Permissible,Safe (<1.0 mg/L),Acceptable (10-45 mg/L),Within Drinking Norms,Permissible / Marginal
21035D,Madurai,Madurai North,Madurai North,2010-01-04,2010,1,Post-Monsoon,9.843056,78.141667,Original,1027.0,2070,7.9,0.36,2.0,80,194.4,28.0,12.0,284,83,0.0,671.0,1000,0.3852485,0.0,5.661118,169.7,Poor,0.39,-9.0,7.08,S1 (Low),C3 (High),C3-S1,Safe (<1.25),Doubtful to Unsuitable,Good / Permissible,Safe (<1.0 mg/L),Natural Background (<10 mg/L),Within Drinking Norms,Unsafe for Drinking
21036D,Madurai,Madurai North,Koolapandi,2010-01-04,2010,1,Post-Monsoon,10.008333,78.147222,Original,440.0,860,8.0,0.71,0.1,26,61.965,53.0,8.0,71,21,3.026085,321.9239,320,1.289095,0.0,25.88422,83.4,Good,1.29,-1.02,28.17,S1 (Low),C3 (High),C3-S1,Safe (<1.25),Permissible to Doubtful,Good / Permissible,Safe (<1.0 mg/L),Natural Background (<10 mg/L),Within Drinking Norms,Permissible / Marginal
21037D,Madurai,Thirumangalam,Kandai,2010-01-11,2010,1,Post-Monsoon,9.877778,77.913333,Original,576.0,1110,7.6,1.19,0.1,42,63.18,94.0,5.0,124,24,0.0,445.3,365,2.140901,0.004094695,35.51869,95.41,Good,2.14,0.0,36.62,S1 (Low),C3 (High),C3-S1,Safe (<1.25),Permissible to Doubtful,Good / Permissible,Permissible (1.0-1.5 mg/L),Natural Background (<10 mg/L),Within Drinking Norms,Permissible / Marginal
83004A,Madurai,Thirumangalam,Kallikudi,2010-01-06,2010,1,Post-Monsoon,9.7025,77.943333,Original,1094.0,1880,8.2,0.67,23.0,80,36.45,271.0,10.0,284,46,0.0,524.6,350,6.304559,1.607075,61.92587,139.54,Poor,6.3,1.61,63.26,S1 (Low),C3 (High),C3-S1,Marginal (1.25-2.5),Doubtful to Unsuitable,Marginal / Moderate,Safe (<1.0 mg/L),Acceptable (10-45 mg/L),Within Drinking Norms,Permissible / Marginal
83005,Madurai,Madurai South,Thiruparankundram,2010-01-06,2010,1,Post-Monsoon,9.879167,78.114444,Original,1579.0,2700,7.7,0.98,16.0,68,89.91,396.0,6.0,560,144,0.0,488.0,540,7.415209,0.0,61.14559,179.81,Poor,7.41,-2.8,61.68,S1 (Low),C4 (Very High),C4-S1,Safe (<1.25),Doubtful to Unsuitable,Marginal / Moderate,Safe (<1.0 mg/L),Acceptable (10-45 mg/L),Within Drinking Norms,Permissible / Marginal
83013,Madurai,Usilampatti,Usilamaptti,2010-01-08,2010,1,Post-Monsoon,9.966111,77.7925,Original,660.0,1250,8.0,0.77,7.0,80,64.395,71.0,10.0,181,19,0.0,408.7,465,1.432845,0.0,24.44182,110.23,Poor,1.43,-2.59,26.46,S1 (Low),C3 (High),C3-S1,Safe (<1.25),Permissible to Doubtful,Good / Permissible,Safe (<1.0 mg/L),Natural Background (<10 mg/L),Within Drinking Norms,Permissible / Marginal
83014B,Madurai,Vadipatti,Mullipallam,2010-01-08,2010,1,Post-Monsoon,10.019444,77.950556,Original,601.0,1050,8.2,0.91,10.0,16,37.665,156.0,4.0,138,36,0.0,341.6,195,4.860625,1.701421,62.91269,94.04,Good,4.86,1.7,63.85,S1 (Low),C3 (High),C3-S1,Marginal (1.25-2.5),Doubtful to Unsuitable,Marginal / Moderate,Safe (<1.0 mg/L),Acceptable (10-45 mg/L),Within Drinking Norms,Permissible / Marginal
83016A,Madurai,Melur,Chittampatti,2010-01-07,2010,1,Post-Monsoon,9.988056,78.243056,Original,7343.0,11650,8.0,0.3,10.0,1000,364.5,143.0,1388.0,3545,624,0.0,463.6,4000,0.9841134,0.0,5.114438,1225.2,Unsuitable,0.98,-72.3,34.3,S1 (Low),C4 (Very High),C4-S1,Safe (<1.25),Unsuitable,Unsuitable,Safe (<1.0 mg/L),Acceptable (10-45 mg/L),Within Drinking Norms,Unsafe for Drinking
83048,Madurai,Thirumangalam,Puliankulam (M),2010-01-06,2010,1,Post-Monsoon,9.651667,77.909167,Original,436.0,760,7.9,1.08,18.0,38,38.88,62.0,2.0,53,11,1.852543,248.1077,255,1.689538,0.0,34.38217,79.14,Good,1.69,-0.97,35.02,S1 (Low),C3 (High),C3-S1,Safe (<1.25),Permissible to Doubtful,Good / Permissible,Permissible (1.0-1.5 mg/L),Acceptable (10-45 mg/L),Within Drinking Norms,Permissible / Marginal
83049,Madurai,Thirumangalam,Peikulam,2010-01-06,2010,1,Post-Monsoon,9.645556,77.990278,Original,509.0,900,8.1,0.11,2.0,78,20.655,71.0,22.0,160,17,0.0,262.3,280,1.846906,0.0,33.41164,82.97,Good,1.85,-1.29,39.49,S1 (Low),C3 (High),C3-S1,Safe (<1.25),Permissible to Doubtful,Good / Permissible,Safe (<1.0 mg/L),Natural Background (<10 mg/L),Within Drinking Norms,Permissible / Marginal
83051,Madurai,Peraiyur,Karaikeni,2010-01-11,2010,1,Post-Monsoon,9.708333,77.968333,Original,1215.0,1980,7.7,1.4,46.0,104,80.19,191.0,20.0,333,77,0.0,414.8,590,3.42199,0.0,40.31392,164.94,Poor,3.42,-4.99,42.78,S1 (Low),C3 (High),C3-S1,Safe (<1.25),Permissible to Doubtful,Good / Permissible,Permissible (1.0-1.5 mg/L),Anthropogenic High (45-100 mg/L),Agricultural Fertilizer Runoff,Unsafe for Drinking
83062A,Madurai,Thirumangalam,Kappalur,2010-01-11,2010,1,Post-Monsoon,9.840278,78.016667,Original,1112.0,2010,7.9,0.43,11.0,116,106.92,122.0,28.0,475,86,0.0,262.3,730,1.96496,0.0,25.74814,157.17,Poor,1.96,-10.29,29.21,S1 (Low),C3 (High),C3-S1,Safe (<1.25),Doubtful to Unsuitable,Good / Permissible,Safe (<1.0 mg/L),Acceptable (10-45 mg/L),Within Drinking Norms,Unsafe for Drinking
83064,Madurai,Peraiyur,Thirumanickam,2010-01-05,2010,1,Post-Monsoon,9.848889,77.752222,Original,845.0,1510,7.9,0.65,13.0,84,68.04,122.0,16.0,277,60,0.0,323.3,490,2.398439,0.0,34.22175,123.38,Poor,2.4,-4.49,36.85,S1 (Low),C3 (High),C3-S1,Safe (<1.25),Permissible to Doubtful,Good / Permissible,Safe (<1.0 mg/L),Acceptable (10-45 mg/L),Within Drinking Norms,Permissible / Marginal
83082,Madurai,Usilampatti,Uthappanaickanur,2010-01-08,2010,1,Post-Monsoon,10.033333,77.787778,Original,572.0,1020,8.0,0.8,12.0,72,59.535,39.0,17.0,121,33,0.0,353.8,425,0.8232566,0.0,15.96861,103.64,Poor,0.82,-2.69,20.05,S1 (Low),C3 (High),C3-S1,Safe (<1.25),Permissible to Doubtful,Good / Permissible,Safe (<1.0 mg/L),Acceptable (10-45 mg/L),Within Drinking Norms,Permissible / Marginal
83095,Madurai,Melur,Pulipatti,2010-01-07,2010,1,Post-Monsoon,10.084444,78.288889,Original,1169.0,2060,8.2,0.91,1.0,64,46.17,327.0,3.0,454,72,0.0,396.5,350,7.60661,0.0,66.79807,142.53,Poor,7.6,-0.5,67.15,S1 (Low),C3 (High),C3-S1,Safe (<1.25),Doubtful to Unsuitable,Marginal / Moderate,Safe (<1.0 mg/L),Natural Background (<10 mg/L),Within Drinking Norms,Permissible / Marginal
83099,Madurai,Madurai North,Kadavur,2010-01-04,2010,1,Post-Monsoon,10.075,78.175,Original,527.0,990,7.8,0.46,9.0,80,69.255,12.0,9.0,96,29,0.0,384.3,485,0.2371217,0.0,4.99809,94.25,Good,0.24,-3.39,7.2,S1 (Low),C3 (High),C3-S1,Safe (<1.25),Permissible to Doubtful,Good / Permissible,Safe (<1.0 mg/L),Natural Background (<10 mg/L),Within Drinking Norms,Permissible / Marginal
21001D,Madurai,Madurai South,Thiruparankundram,2011-01-07,2011,1,Post-Monsoon,9.877778,78.097222,Original,1639.0,2970,7.8,1.0,25.0,22,105.705,442.0,6.0,553,53,0.0,689.3,490,8.687102,1.502394,65.89747,189.32,Poor,8.68,1.5,66.41,S1 (Low),C4 (Very High),C4-S1,Marginal (1.25-2.5),Doubtful to Unsuitable,Marginal / Moderate,Permissible (1.0-1.5 mg/L),Acceptable (10-45 mg/L),Within Drinking Norms,Permissible / Marginal
21002D,Madurai,Thirumangalam,Chokkanathapuram,2011-01-12,2011,1,Post-Monsoon,9.945556,77.975556,Original,677.0,1210,7.9,0.7,1.0,94,23.085,133.0,4.0,199,30,0.0,384.3,330,3.186881,0.0,46.36234,96.46,Good,3.19,-0.29,47.17,S1 (Low),C3 (High),C3-S1,Safe (<1.25),Permissible to Doubtful,Good / Permissible,Safe (<1.0 mg/L),Natural Background (<10 mg/L),Within Drinking Norms,Permissible / Marginal
21003D,Madurai,Peraiyur,Chinnakattalai,2011-01-06,2011,1,Post-Monsoon,9.845556,77.796667,Original,889.0,1610,7.6,1.2,2.0,76,51.03,191.0,9.0,287,24,0.0,481.9,400,4.156113,0.0,50.25987,120.31,Poor,4.15,-0.1,51.64,S1 (Low),C3 (High),C3-S1,Safe (<1.25),Permissible to Doubtful,Good / Permissible,Permissible (1.0-1.5 mg/L),Natural Background (<10 mg/L),Within Drinking Norms,Permissible / Marginal
21004D,Madurai,Thirumangalam,Chinna Ulagani,2011-01-07,2011,1,Post-Monsoon,9.773611,78.052222,Original,2964.0,5120,7.7,0.71,4.0,360,102.06,598.0,9.0,1560,154,0.0,329.4,1320,7.164308,0.0,49.44608,309.03,Unsuitable,7.16,-20.97,49.87,S1 (Low),C4 (Very High),C4-S1,Safe (<1.25),Unsuitable,Unsuitable,Safe (<1.0 mg/L),Natural Background (<10 mg/L),Within Drinking Norms,Unsafe for Drinking
21005D,Madurai,Madurai South,Eliyarpatti,2011-01-07,2011,1,Post-Monsoon,9.794444,78.090278,Original,594.0,1130,8.0,1.3,10.0,84,47.385,74.0,5.0,106,27,0.0,414.8,405,1.60031,0.0,28.14161,106.46,Poor,1.6,-1.29,29.25,S1 (Low),C3 (High),C3-S1,Safe (<1.25),Permissible to Doubtful,Good / Permissible,Permissible (1.0-1.5 mg/L),Acceptable (10-45 mg/L),Within Drinking Norms,Permissible / Marginal
21006D,Madurai,Peraiyur,Elumalai RF,2011-01-06,2011,1,Post-Monsoon,9.861111,77.7,Original,522.0,980,8.1,1.1,1.0,68,25.515,97.0,12.0,71,9,0.0,469.7,275,2.545904,2.20587,42.11134,95.02,Good,2.54,2.2,45.16,S1 (Low),C3 (High),C3-S1,Marginal (1.25-2.5),Permissible to Doubtful,Marginal / Moderate,Permissible (1.0-1.5 mg/L),Natural Background (<10 mg/L),Within Drinking Norms,Permissible / Marginal
21007D,Madurai,Thirumangalam,Kallikudi,2011-01-07,2011,1,Post-Monsoon,9.693889,77.971111,Original,1981.0,3500,7.7,1.0,2.0,184,165.24,315.0,8.0,879,221,0.0,396.5,1140,4.059905,0.0,37.34856,240.5,Very Poor,4.06,-16.28,37.89,S1 (Low),C4 (Very High),C4-S1,Safe (<1.25),Unsuitable,Unsuitable,Permissible (1.0-1.5 mg/L),Natural Background (<10 mg/L),Within Drinking Norms,Unsafe for Drinking
21008D,Madurai,Madurai South,Melamathur,2011-01-12,2011,1,Post-Monsoon,9.968056,78.007778,Original,750.0,1320,7.9,1.2,2.0,80,25.515,154.0,28.0,138,32,0.0,567.3,305,3.838144,3.206798,49.59464,116.93,Poor,3.84,3.2,54.89,S1 (Low),C3 (High),C3-S1,Unsuitable (>2.5),Permissible to Doubtful,Unsuitable,Permissible (1.0-1.5 mg/L),Natural Background (<10 mg/L),Within Drinking Norms,Permissible / Marginal
21009D,Madurai,Thirumangalam,Kappalur,2011-01-13,2011,1,Post-Monsoon,9.843056,78.018611,Original,1398.0,2350,8.0,0.68,39.0,160,46.17,276.0,8.0,411,24,0.0,597.8,590,4.945858,0.0,50.03473,170.39,Poor,4.94,-1.99,50.88,S1 (Low),C4 (Very High),C4-S1,Safe (<1.25),Doubtful to Unsuitable,Marginal / Moderate,Safe (<1.0 mg/L),Acceptable (10-45 mg/L),Within Drinking Norms,Permissible / Marginal
21010D,Madurai,Madurai North,Karupayoorani,2011-01-10,2011,1,Post-Monsoon,9.931944,78.177778,Original,1223.0,2180,7.3,0.56,7.0,58,78.975,285.0,30.0,510,43,0.0,372.1,470,5.720299,0.0,54.95704,143.39,Poor,5.72,-3.3,58.35,S1 (Low),C3 (High),C3-S1,Safe (<1.25),Doubtful to Unsuitable,Good / Permissible,Safe (<1.0 mg/L),Natural Background (<10 mg/L),Within Drinking Norms,Permissible / Marginal
21011D,Madurai,Peraiyur,Mallapuram,2011-01-06,2011,1,Post-Monsoon,9.805556,77.668333,Original,1274.0,2150,7.9,0.71,3.0,52,53.46,196.0,242.0,390,9,0.0,634.4,350,4.558983,3.404473,39.27144,225.39,Very Poor,4.56,3.4,67.77,S1 (Low),C3 (High),C3-S1,Unsuitable (>2.5),Doubtful to Unsuitable,Unsuitable,Safe (<1.0 mg/L),Natural Background (<10 mg/L),Within Drinking Norms,Permissible / Marginal
21012D,Madurai,Thirumangalam,Kurayur,2011-01-07,2011,1,Post-Monsoon,9.694444,78.025,Original,924.0,1600,8.1,0.99,2.0,60,17.01,276.0,4.0,156,72,0.0,658.8,220,8.099491,6.404561,72.75225,120.0,Poor,8.1,6.4,73.36,S1 (Low),C3 (High),C3-S1,Unsuitable (>2.5),Doubtful to Unsuitable,Unsuitable,Safe (<1.0 mg/L),Natural Background (<10 mg/L),Within Drinking Norms,Permissible / Marginal
21013D,Madurai,Vadipatti,Manianji,2011-01-11,2011,1,Post-Monsoon,10.004167,78.1025,Original,280.0,540,7.8,0.39,3.0,56,24.3,13.0,6.0,43,10,1.12006,188.8484,240,0.3652259,0.0,10.25661,56.24,Good,0.37,-1.66,13.04,S1 (Low),C2 (Medium),C2-S1,Safe (<1.25),Good to Permissible,Excellent,Safe (<1.0 mg/L),Natural Background (<10 mg/L),Within Drinking Norms,Permissible / Marginal
21014D,Madurai,Madurai South,Kilakuilkudi,2011-01-12,2011,1,Post-Monsoon,9.928333,78.055,Original,538.0,1030,8.0,0.26,6.0,40,59.535,78.0,4.0,78,13,0.0,475.8,345,1.827263,0.9037778,32.65357,88.74,Good,1.83,0.9,33.63,S1 (Low),C3 (High),C3-S1,Safe (<1.25),Permissible to Doubtful,Good / Permissible,Safe (<1.0 mg/L),Natural Background (<10 mg/L),Within Drinking Norms,Permissible / Marginal
21015D,Madurai,Peraiyur,Peraiyur,2011-01-13,2011,1,Post-Monsoon,9.74,77.793333,Original,442.0,800,7.1,0.69,1.0,60,10.935,99.0,2.0,57,30,0.3427699,289.6509,195,3.0861,0.8650534,52.18734,55.48,Good,3.08,0.86,52.8,S1 (Low),C3 (High),C3-S1,Safe (<1.25),Permissible to Doubtful,Good / Permissible,Safe (<1.0 mg/L),Natural Background (<10 mg/L),Within Drinking Norms,Safe Drinking Water
21016D,Madurai,Peraiyur,Subbulapuram,2011-01-13,2011,1,Post-Monsoon,9.675556,77.809444,Original,320.0,520,8.1,0.42,7.0,66,14.58,30.0,3.0,35,20,2.279887,192.6572,225,0.8705805,0.0,22.21094,61.99,Good,0.87,-1.26,23.51,S1 (Low),C2 (Medium),C2-S1,Safe (<1.25),Good to Permissible,Excellent,Safe (<1.0 mg/L),Natural Background (<10 mg/L),Within Drinking Norms,Permissible / Marginal
21017D,Madurai,Thirumangalam,Thangalacheri,2011-01-13,2011,1,Post-Monsoon,9.836111,77.868889,Original,674.0,1220,7.9,0.63,2.0,62,24.3,154.0,27.0,106,24,0.0,536.8,255,4.19743,3.705136,53.6624,102.4,Poor,4.2,3.7,59.18,S1 (Low),C3 (High),C3-S1,Unsuitable (>2.5),Permissible to Doubtful,Unsuitable,Safe (<1.0 mg/L),Natural Background (<10 mg/L),Within Drinking Norms,Permissible / Marginal
21018D,Madurai,Thirumangalam,Peikulam,2011-01-07,2011,1,Post-Monsoon,9.645833,77.991111,Original,955.0,1750,7.8,0.11,4.0,120,51.03,159.0,16.0,255,72,0.0,530.7,510,3.064345,0.0,39.49109,125.79,Poor,3.06,-1.49,41.82,S1 (Low),C3 (High),C3-S1,Safe (<1.25),Permissible to Doubtful,Good / Permissible,Safe (<1.0 mg/L),Natural Background (<10 mg/L),Within Drinking Norms,Permissible / Marginal
21019D,Madurai,Melur,Karungalakudi,2011-01-10,2011,1,Post-Monsoon,10.155556,78.369167,Original,905.0,1650,7.7,0.73,7.0,76,51.03,200.0,4.0,326,22,0.0,390.4,400,4.351951,0.0,51.80208,115.83,Poor,4.35,-1.59,52.4,S1 (Low),C3 (High),C3-S1,Safe (<1.25),Permissible to Doubtful,Good / Permissible,Safe (<1.0 mg/L),Natural Background (<10 mg/L),Within Drinking Norms,Permissible / Marginal
21020D,Madurai,Melur,Pallapatti,2011-01-10,2011,1,Post-Monsoon,10.247222,78.386111,Original,543.0,980,8.1,0.61,4.0,82,8.505,117.0,4.0,89,11,0.0,420.9,240,3.287786,2.107014,50.97573,84.87,Good,3.29,2.11,51.99,S1 (Low),C3 (High),C3-S1,Marginal (1.25-2.5),Permissible to Doubtful,Marginal / Moderate,Safe (<1.0 mg/L),Natural Background (<10 mg/L),Within Drinking Norms,Permissible / Marginal
21021D,Madurai,Melur,Athipatti,2011-01-10,2011,1,Post-Monsoon,10.086111,78.391667,Original,1187.0,2150,7.8,0.61,15.0,120,63.18,239.0,4.0,425,21,0.0,494.1,560,4.395519,0.0,47.93887,146.92,Poor,4.39,-3.09,48.4,S1 (Low),C3 (High),C3-S1,Safe (<1.25),Doubtful to Unsuitable,Good / Permissible,Safe (<1.0 mg/L),Acceptable (10-45 mg/L),Within Drinking Norms,Permissible / Marginal
21022D,Madurai,Melur,Pulipatti,2011-01-10,2011,1,Post-Monsoon,10.086111,78.291667,Original,460.0,830,7.8,0.52,2.0,38,24.3,99.0,9.0,156,11,1.12006,188.8484,195,3.085364,0.0,51.0678,69.35,Good,3.08,-0.76,53.79,S1 (Low),C3 (High),C3-S1,Safe (<1.25),Permissible to Doubtful,Good / Permissible,Safe (<1.0 mg/L),Natural Background (<10 mg/L),Within Drinking Norms,Safe Drinking Water
21023D,Madurai,Melur,Uranganpatti,2011-01-10,2011,1,Post-Monsoon,9.998333,78.43,Original,479.0,890,7.6,0.6,3.0,78,14.58,87.0,5.0,71,6,1.248891,333.7312,255,2.37159,0.4195584,42.02649,70.58,Good,2.37,0.42,43.44,S1 (Low),C3 (High),C3-S1,Safe (<1.25),Permissible to Doubtful,Good / Permissible,Safe (<1.0 mg/L),Natural Background (<10 mg/L),Within Drinking Norms,Permissible / Marginal
21024D,Madurai,Melur,Thiruvadur,2011-01-10,2011,1,Post-Monsoon,9.956944,78.319444,Original,749.0,1370,7.8,0.44,3.0,60,32.805,177.0,18.0,149,16,0.0,561.2,285,4.563034,3.505038,55.57609,103.23,Poor,4.56,3.5,58.89,S1 (Low),C3 (High),C3-S1,Unsuitable (>2.5),Permissible to Doubtful,Unsuitable,Safe (<1.0 mg/L),Natural Background (<10 mg/L),Within Drinking Norms,Permissible / Marginal
21025D,Madurai,Madurai North,Varichiyur,2011-01-10,2011,1,Post-Monsoon,9.908889,78.256111,Original,633.0,1130,7.7,0.86,5.0,62,26.73,145.0,5.0,188,10,0.0,347.7,265,3.876765,0.4055842,53.77533,88.8,Good,3.87,0.4,54.85,S1 (Low),C3 (High),C3-S1,Safe (<1.25),Permissible to Doubtful,Good / Permissible,Safe (<1.0 mg/L),Natural Background (<10 mg/L),Within Drinking Norms,Permissible / Marginal
21026D,Madurai,Vadipatti,Senthamangalam,2011-01-11,2011,1,Post-Monsoon,10.138333,78.141111,Original,714.0,1260,8.1,0.82,19.0,64,46.17,129.0,13.0,121,23,0.0,427.0,350,3.000773,0.005932441,43.37372,111.49,Poor,3.0,0.0,45.93,S1 (Low),C3 (High),C3-S1,Safe (<1.25),Permissible to Doubtful,Good / Permissible,Safe (<1.0 mg/L),Acceptable (10-45 mg/L),Within Drinking Norms,Permissible / Marginal
21027D,Madurai,Vadipatti,Thiruvedagam,2011-01-11,2011,1,Post-Monsoon,10.019444,77.972222,Original,489.0,900,7.9,0.93,4.0,36,37.665,94.0,17.0,82,11,2.371337,317.589,245,2.6133,0.3887894,43.40741,85.52,Good,2.61,0.39,48.01,S1 (Low),C3 (High),C3-S1,Safe (<1.25),Permissible to Doubtful,Good / Permissible,Safe (<1.0 mg/L),Natural Background (<10 mg/L),Within Drinking Norms,Permissible / Marginal
21028D,Madurai,Usilampatti,Veppanuthu,2011-01-06,2011,1,Post-Monsoon,9.897222,77.841667,Original,1384.0,2400,7.7,1.4,2.0,96,58.32,276.0,125.0,475,53,0.0,579.5,480,5.482538,0.0,48.42359,204.37,Very Poor,5.48,-0.09,61.31,S1 (Low),C4 (Very High),C4-S1,Safe (<1.25),Doubtful to Unsuitable,Marginal / Moderate,Permissible (1.0-1.5 mg/L),Natural Background (<10 mg/L),Within Drinking Norms,Permissible / Marginal
21029D,Madurai,Usilampatti,Vikramangalam,2011-01-12,2011,1,Post-Monsoon,10.021667,77.886667,Original,2119.0,3750,7.9,0.39,2.0,200,97.2,451.0,31.0,851,149,0.0,658.8,900,6.542879,0.0,51.10073,242.44,Very Poor,6.54,-7.18,53.15,S1 (Low),C4 (Very High),C4-S1,Safe (<1.25),Unsuitable,Unsuitable,Safe (<1.0 mg/L),Natural Background (<10 mg/L),Within Drinking Norms,Unsafe for Drinking
21030D,Madurai,Peraiyur,Kunnathur,2011-01-13,2011,1,Post-Monsoon,9.746944,77.889444,Original,539.0,950,8.4,0.71,4.0,50,17.01,136.0,6.0,57,36,6.0,420.9,195,4.239031,3.204124,59.36982,90.36,Good,4.24,3.2,60.9,S1 (Low),C3 (High),C3-S1,Unsuitable (>2.5),Permissible to Doubtful,Unsuitable,Safe (<1.0 mg/L),Natural Background (<10 mg/L),Within Drinking Norms,Permissible / Marginal
21031D,Madurai,Usilampatti,Uthappanaickanur,2011-01-12,2011,1,Post-Monsoon,10.035556,77.791111,Original,1259.0,2250,7.9,0.3,4.0,140,48.6,248.0,31.0,847,96,0.0,658.8,550,4.60271,0.0,47.80339,173.4,Poor,4.6,-0.19,51.31,S1 (Low),C4 (Very High),C4-S1,Safe (<1.25),Doubtful to Unsuitable,Good / Permissible,Safe (<1.0 mg/L),Natural Background (<10 mg/L),Within Drinking Norms,Permissible / Marginal
21032D,Madurai,Usilampatti,Doddappanaickanur,2011-01-12,2011,1,Post-Monsoon,9.971111,77.736111,Original,843.0,1530,8.1,0.9,1.0,88,36.45,186.0,9.0,206,29,0.0,567.3,370,4.208623,1.907742,51.49352,121.43,Poor,4.21,1.91,52.95,S1 (Low),C3 (High),C3-S1,Marginal (1.25-2.5),Permissible to Doubtful,Marginal / Moderate,Safe (<1.0 mg/L),Natural Background (<10 mg/L),Within Drinking Norms,Permissible / Marginal
21033D,Madurai,Usilampatti,Usilampatti,2011-01-12,2011,1,Post-Monsoon,9.959722,77.791667,Original,2470.0,4580,7.7,1.1,59.0,240,179.82,460.0,8.0,1120,149,0.0,506.3,1340,5.468641,0.0,42.58323,302.55,Unsuitable,5.47,-18.48,43.01,S1 (Low),C4 (Very High),C4-S1,Safe (<1.25),Unsuitable,Unsuitable,Permissible (1.0-1.5 mg/L),Anthropogenic High (45-100 mg/L),Urban Domestic / Septic Leaching,Unsafe for Drinking
21034D,Madurai,Melur,Chittampatti,2011-01-10,2011,1,Post-Monsoon,10.0,78.275,Original,1007.0,1690,8.1,0.57,20.0,50,60.75,223.0,55.0,234,62,0.0,488.0,375,5.010962,0.5047206,52.14778,147.83,Poor,5.01,0.5,59.7,S1 (Low),C3 (High),C3-S1,Safe (<1.25),Permissible to Doubtful,Good / Permissible,Safe (<1.0 mg/L),Acceptable (10-45 mg/L),Within Drinking Norms,Permissible / Marginal
21035D,Madurai,Madurai North,Madurai North,2011-01-11,2011,1,Post-Monsoon,9.843056,78.141667,Original,1180.0,2040,8.0,0.92,21.0,128,21.87,285.0,16.0,184,43,0.0,823.5,410,6.127018,5.310737,59.05061,152.82,Poor,6.12,5.31,60.99,S1 (Low),C3 (High),C3-S1,Unsuitable (>2.5),Doubtful to Unsuitable,Unsuitable,Safe (<1.0 mg/L),Acceptable (10-45 mg/L),Within Drinking Norms,Permissible / Marginal
21036D,Madurai,Madurai North,Koolapandi,2011-01-11,2011,1,Post-Monsoon,10.008333,78.147222,Original,561.0,960,7.9,1.09,4.0,38,15.795,152.0,8.0,135,30,0.0,323.3,160,5.230115,2.103175,66.03459,84.66,Good,5.23,2.1,68.07,S1 (Low),C3 (High),C3-S1,Marginal (1.25-2.5),Doubtful to Unsuitable,Marginal / Moderate,Permissible (1.0-1.5 mg/L),Natural Background (<10 mg/L),Within Drinking Norms,Permissible / Marginal
21037D,Madurai,Thirumangalam,Kandai,2011-01-13,2011,1,Post-Monsoon,9.877778,77.913333,Original,1944.0,3210,7.8,0.49,55.0,72,70.47,524.0,29.0,503,192,0.0,622.2,470,10.51798,0.8066828,69.22319,212.02,Very Poor,10.51,0.8,71.47,S2 (Medium),C4 (Very High),C4-S2,Safe (<1.25),Unsuitable,Unsuitable,Safe (<1.0 mg/L),Anthropogenic High (45-100 mg/L),Urban Domestic / Septic Leaching,Unsafe for Drinking
83004A,Madurai,Thirumangalam,Kallikudi,2011-01-07,2011,1,Post-Monsoon,9.7025,77.943333,Original,2233.0,3720,7.8,0.66,60.0,216,126.36,294.0,145.0,709,192,0.0,567.3,1060,3.929986,0.0,33.94434,303.38,Unsuitable,3.93,-11.88,43.78,S1 (Low),C4 (Very High),C4-S1,Safe (<1.25),Unsuitable,Unsuitable,Safe (<1.0 mg/L),Anthropogenic High (45-100 mg/L),Urban Domestic / Septic Leaching,Unsafe for Drinking
83005,Madurai,Madurai South,Thiruparankundram,2011-01-07,2011,1,Post-Monsoon,9.879167,78.114444,Original,1209.0,2100,8.1,1.4,2.0,48,31.59,386.0,6.0,390,77,0.0,518.5,250,10.62437,3.503972,76.53262,146.3,Poor,10.62,3.5,77.22,S2 (Medium),C3 (High),C3-S2,Unsuitable (>2.5),Doubtful to Unsuitable,Unsuitable,Permissible (1.0-1.5 mg/L),Natural Background (<10 mg/L),Within Drinking Norms,Permissible / Marginal
83013,Madurai,Usilampatti,Usilamaptti,2011-01-12,2011,1,Post-Monsoon,9.966111,77.7925,Original,1493.0,2490,7.8,1.0,34.0,128,55.89,276.0,94.0,447,53,0.0,579.5,550,5.122134,0.0,47.27169,204.74,Very Poor,5.12,-1.49,56.73,S1 (Low),C4 (Very High),C4-S1,Safe (<1.25),Doubtful to Unsuitable,Marginal / Moderate,Permissible (1.0-1.5 mg/L),Acceptable (10-45 mg/L),Within Drinking Norms,Permissible / Marginal
83014B,Madurai,Vadipatti,Mullipallam,2011-01-12,2011,1,Post-Monsoon,10.019444,77.950556,Original,633.0,1140,7.7,0.94,1.0,46,12.15,191.0,4.0,124,21,0.0,457.5,165,6.472275,4.203584,70.97382,85.33,Good,6.47,4.2,71.84,S1 (Low),C3 (High),C3-S1,Unsuitable (>2.5),Doubtful to Unsuitable,Unsuitable,Safe (<1.0 mg/L),Natural Background (<10 mg/L),Within Drinking Norms,Permissible / Marginal
83016A,Madurai,Melur,Chittampatti,2011-01-10,2011,1,Post-Monsoon,9.988056,78.243056,Original,349.0,640,7.9,0.75,2.0,80,14.58,28.0,7.0,46,16,1.815486,243.1448,260,0.7558985,0.0,18.48393,67.84,Good,0.76,-1.15,21.2,S1 (Low),C2 (Medium),C2-S1,Safe (<1.25),Good to Permissible,Excellent,Safe (<1.0 mg/L),Natural Background (<10 mg/L),Within Drinking Norms,Permissible / Marginal
83048,Madurai,Thirumangalam,Puliankulam (M),2011-01-07,2011,1,Post-Monsoon,9.651667,77.909167,Original,445.0,800,8.2,1.0,5.0,30,36.45,90.0,2.0,82,7,4.182436,280.7383,225,2.610857,0.2445401,46.26048,81.64,Good,2.61,0.24,46.85,S1 (Low),C3 (High),C3-S1,Safe (<1.25),Permissible to Doubtful,Good / Permissible,Permissible (1.0-1.5 mg/L),Natural Background (<10 mg/L),Within Drinking Norms,Permissible / Marginal
83049,Madurai,Thirumangalam,Peikulam,2011-01-07,2011,1,Post-Monsoon,9.645556,77.990278,Original,469.0,840,8.1,0.17,2.0,46,15.795,104.0,19.0,78,20,3.39096,286.5461,180,3.373971,1.214522,52.57069,74.68,Good,3.37,1.21,58.21,S1 (Low),C3 (High),C3-S1,Safe (<1.25),Permissible to Doubtful,Good / Permissible,Safe (<1.0 mg/L),Natural Background (<10 mg/L),Within Drinking Norms,Safe Drinking Water
83051,Madurai,Peraiyur,Karaikeni,2011-01-13,2011,1,Post-Monsoon,9.708333,77.968333,Original,890.0,1540,8.1,1.6,9.0,120,21.87,175.0,12.0,340,38,0.0,286.7,390,3.857428,0.0,48.46218,129.8,Poor,3.86,-3.09,50.41,S1 (Low),C3 (High),C3-S1,Safe (<1.25),Permissible to Doubtful,Good / Permissible,Dental Fluorosis Risk (1.5-2.0 mg/L),Natural Background (<10 mg/L),Within Drinking Norms,Unsafe for Drinking
83052,Madurai,Peraiyur,Saptur,2011-01-06,2011,1,Post-Monsoon,9.756389,77.741389,Original,1005.0,1610,7.9,0.61,43.0,188,12.15,106.0,63.0,191,24,0.0,457.5,520,2.023699,0.0,27.7688,150.61,Poor,2.02,-2.88,37.47,S1 (Low),C3 (High),C3-S1,Safe (<1.25),Permissible to Doubtful,Good / Permissible,Safe (<1.0 mg/L),Acceptable (10-45 mg/L),Within Drinking Norms,Permissible / Marginal
83062A,Madurai,Thirumangalam,Kappalur,2011-01-13,2011,1,Post-Monsoon,9.840278,78.016667,Original,1037.0,1850,7.8,0.55,7.0,60,87.48,191.0,17.0,441,58,0.0,359.9,510,3.680152,0.0,43.87505,137.38,Poor,3.68,-4.3,46.16,S1 (Low),C3 (High),C3-S1,Safe (<1.25),Permissible to Doubtful,Good / Permissible,Safe (<1.0 mg/L),Natural Background (<10 mg/L),Within Drinking Norms,Permissible / Marginal
83064,Madurai,Peraiyur,Thirumanickam,2011-01-06,2011,1,Post-Monsoon,9.848889,77.752222,Original,552.0,950,8.6,0.92,10.0,40,35.235,110.0,16.0,117,17,18.0,298.9,245,3.058222,0.6037467,47.42256,102.05,Poor,3.06,0.6,51.47,S1 (Low),C3 (High),C3-S1,Safe (<1.25),Permissible to Doubtful,Good / Permissible,Safe (<1.0 mg/L),Acceptable (10-45 mg/L),Within Drinking Norms,Unsafe for Drinking
83082,Madurai,Usilampatti,Uthappanaickanur,2011-01-12,2011,1,Post-Monsoon,10.033333,77.787778,Original,1269.0,2250,8.5,0.78,10.0,132,72.9,191.0,90.0,333,62,12.0,671.0,630,3.311807,0.0,35.81639,201.96,Very Poor,3.31,-1.19,45.73,S1 (Low),C4 (Very High),C4-S1,Safe (<1.25),Doubtful to Unsuitable,Good / Permissible,Safe (<1.0 mg/L),Acceptable (10-45 mg/L),Within Drinking Norms,Unsafe for Drinking
83095,Madurai,Melur,Pulipatti,2011-01-10,2011,1,Post-Monsoon,10.084444,78.288889,Original,1595.0,2850,8.0,0.95,0.05,52,63.18,480.0,5.0,681,77,0.0,463.6,390,10.57647,0.0,72.49414,175.11,Poor,10.57,-0.2,72.93,S2 (Medium),C4 (Very High),C4-S2,Safe (<1.25),Doubtful to Unsuitable,Marginal / Moderate,Safe (<1.0 mg/L),Natural Background (<10 mg/L),Within Drinking Norms,Permissible / Marginal
83099,Madurai,Madurai North,Kadavur,2011-01-11,2011,1,Post-Monsoon,10.075,78.175,Original,610.0,1130,7.6,0.39,3.0,110,26.73,83.0,9.0,71,48,0.0,500.2,385,1.841279,0.5098077,31.31328,89.79,Good,1.84,0.51,33.3,S1 (Low),C3 (High),C3-S1,Safe (<1.25),Permissible to Doubtful,Good / Permissible,Safe (<1.0 mg/L),Natural Background (<10 mg/L),Within Drinking Norms,Permissible / Marginal
83004A,Madurai,Thirumangalam,Kallikudi,2011-01-17,2011,1,Post-Monsoon,9.7025,77.943333,Original,1059.0,1890,7.8,0.75,18.0,56,82.62,221.0,7.0,425,23,0.0,329.4,480,4.389229,0.0,49.58894,135.81,Poor,4.39,-4.2,50.5,S1 (Low),C3 (High),C3-S1,Safe (<1.25),Permissible to Doubtful,Good / Permissible,Safe (<1.0 mg/L),Acceptable (10-45 mg/L),Within Drinking Norms,Permissible / Marginal
83016A,Madurai,Melur,Chittampatti,2011-01-20,2011,1,Post-Monsoon,9.988056,78.243056,Original,482.0,890,8.1,0.48,3.0,42,41.31,81.0,2.0,156,30,2.279887,192.6572,275,2.125536,0.0,38.84663,78.86,Good,2.12,-2.26,39.4,S1 (Low),C3 (High),C3-S1,Safe (<1.25),Permissible to Doubtful,Good / Permissible,Safe (<1.0 mg/L),Natural Background (<10 mg/L),Within Drinking Norms,Permissible / Marginal
83004A,Madurai,Thirumangalam,Kallikudi,2011-07-04,2011,7,Pre-Monsoon,9.7025,77.943333,Original,327.0,610,7.9,0.45,2.0,30,29.16,53.0,5.0,74,10,1.444919,193.5154,195,1.651617,0.0,36.42024,59.91,Good,1.65,-0.68,38.43,S1 (Low),C2 (Medium),C2-S1,Safe (<1.25),Good to Permissible,Excellent,Safe (<1.0 mg/L),Natural Background (<10 mg/L),Within Drinking Norms,Safe Drinking Water
83016A,Madurai,Melur,Chittampatti,2011-07-01,2011,7,Pre-Monsoon,9.988056,78.243056,Original,571.0,1010,8.0,0.57,3.0,80,27.945,99.0,2.0,188,23,0.0,274.5,315,2.427855,0.0,40.43681,86.47,Good,2.43,-1.79,40.91,S1 (Low),C3 (High),C3-S1,Safe (<1.25),Permissible to Doubtful,Good / Permissible,Safe (<1.0 mg/L),Natural Background (<10 mg/L),Within Drinking Norms,Permissible / Marginal
21001D,Madurai,Madurai South,Thiruparankundram,2011-07-04,2011,7,Pre-Monsoon,9.877778,78.097222,Original,1425.0,2450,7.9,1.37,3.0,36,38.88,483.0,5.0,362,115,0.0,744.2,250,13.29287,7.202472,80.39342,161.94,Poor,13.29,7.2,80.87,S2 (Medium),C4 (Very High),C4-S2,Unsuitable (>2.5),Unsuitable,Unsuitable,Permissible (1.0-1.5 mg/L),Natural Background (<10 mg/L),Within Drinking Norms,Permissible / Marginal
21002D,Madurai,Thirumangalam,Chokkanathapuram,2011-07-05,2011,7,Pre-Monsoon,9.945556,77.975556,Original,854.0,1510,7.7,0.76,13.0,112,48.6,139.0,5.0,248,36,0.0,420.9,480,2.761328,0.0,38.35763,117.01,Poor,2.76,-2.69,39.16,S1 (Low),C3 (High),C3-S1,Safe (<1.25),Permissible to Doubtful,Good / Permissible,Safe (<1.0 mg/L),Acceptable (10-45 mg/L),Within Drinking Norms,Permissible / Marginal
21003D,Madurai,Peraiyur,Chinnakattalai,2011-07-05,2011,7,Pre-Monsoon,9.845556,77.796667,Original,1108.0,1940,8.2,1.4,22.0,60,72.9,244.0,6.0,227,82,0.0,634.4,450,5.005131,1.40556,53.71172,156.68,Poor,5.0,1.4,54.47,S1 (Low),C3 (High),C3-S1,Marginal (1.25-2.5),Permissible to Doubtful,Marginal / Moderate,Permissible (1.0-1.5 mg/L),Acceptable (10-45 mg/L),Within Drinking Norms,Permissible / Marginal
21004D,Madurai,Thirumangalam,Chinna Ulagani,2011-07-04,2011,7,Pre-Monsoon,9.773611,78.052222,Original,3669.0,6750,7.5,0.83,4.0,460,328.05,423.0,10.0,1914,264,0.0,506.3,2500,3.681704,0.0,26.81901,434.24,Unsuitable,3.68,-41.66,27.18,S1 (Low),C4 (Very High),C4-S1,Safe (<1.25),Unsuitable,Unsuitable,Safe (<1.0 mg/L),Natural Background (<10 mg/L),Within Drinking Norms,Unsafe for Drinking
21005D,Madurai,Madurai South,Eliyarpatti,2011-07-01,2011,7,Pre-Monsoon,9.794444,78.090278,Original,690.0,1180,7.4,1.6,25.0,54,44.955,136.0,3.0,99,35,0.0,408.7,320,3.308479,0.3050029,47.75893,101.91,Poor,3.31,0.3,48.37,S1 (Low),C3 (High),C3-S1,Safe (<1.25),Permissible to Doubtful,Good / Permissible,Dental Fluorosis Risk (1.5-2.0 mg/L),Acceptable (10-45 mg/L),Within Drinking Norms,Unsafe for Drinking
21006D,Madurai,Peraiyur,Elumalai RF,2011-07-05,2011,7,Pre-Monsoon,9.861111,77.7,Original,644.0,1100,7.8,1.2,17.0,28,18.225,189.0,9.0,78,19,0.0,457.5,145,6.830691,4.60198,72.44313,93.35,Good,6.83,4.6,74.46,S1 (Low),C3 (High),C3-S1,Unsuitable (>2.5),Doubtful to Unsuitable,Unsuitable,Permissible (1.0-1.5 mg/L),Acceptable (10-45 mg/L),Within Drinking Norms,Permissible / Marginal
21007D,Madurai,Thirumangalam,Kallikudi,2011-07-04,2011,7,Pre-Monsoon,9.693889,77.971111,Original,2301.0,4010,8.0,1.06,31.0,312,189.54,225.0,8.0,851,274,0.0,610.0,1560,2.47921,0.0,23.77853,296.44,Very Poor,2.48,-21.17,24.27,S1 (Low),C4 (Very High),C4-S1,Safe (<1.25),Unsuitable,Unsuitable,Permissible (1.0-1.5 mg/L),Acceptable (10-45 mg/L),Within Drinking Norms,Unsafe for Drinking
21008D,Madurai,Madurai South,Melamathur,2011-07-01,2011,7,Pre-Monsoon,9.968056,78.007778,Original,825.0,1380,8.4,1.45,15.0,32,29.16,225.0,23.0,156,62,48.0,372.1,200,6.923472,3.702728,68.09884,125.38,Poor,6.92,3.7,72.18,S1 (Low),C3 (High),C3-S1,Unsuitable (>2.5),Doubtful to Unsuitable,Unsuitable,Permissible (1.0-1.5 mg/L),Acceptable (10-45 mg/L),Within Drinking Norms,Permissible / Marginal
21009D,Madurai,Thirumangalam,Kappalur,2011-07-04,2011,7,Pre-Monsoon,9.843056,78.018611,Original,1641.0,2850,7.5,0.72,71.0,152,150.66,205.0,9.0,454,24,0.0,658.8,1000,2.820999,0.0,30.61081,210.66,Very Poor,2.82,-9.19,31.39,S1 (Low),C4 (Very High),C4-S1,Safe (<1.25),Doubtful to Unsuitable,Marginal / Moderate,Safe (<1.0 mg/L),Anthropogenic High (45-100 mg/L),Agricultural Fertilizer Runoff,Unsafe for Drinking
21010D,Madurai,Madurai North,Karupayoorani,2011-07-01,2011,7,Pre-Monsoon,9.931944,78.177778,Original,1332.0,2300,7.8,0.73,12.0,72,51.03,340.0,26.0,425,82,0.0,561.2,390,7.492481,1.406485,63.61899,158.26,Poor,7.49,1.4,66.47,S1 (Low),C4 (Very High),C4-S1,Marginal (1.25-2.5),Doubtful to Unsuitable,Marginal / Moderate,Safe (<1.0 mg/L),Acceptable (10-45 mg/L),Within Drinking Norms,Permissible / Marginal
21011D,Madurai,Peraiyur,Mallapuram,2011-07-05,2011,7,Pre-Monsoon,9.805556,77.668333,Original,461.0,830,8.1,1.2,9.0,30,30.375,101.0,3.0,89,25,2.747708,232.1893,200,3.107804,0.0,51.88908,82.44,Good,3.11,-0.1,52.78,S1 (Low),C3 (High),C3-S1,Safe (<1.25),Permissible to Doubtful,Good / Permissible,Permissible (1.0-1.5 mg/L),Natural Background (<10 mg/L),Within Drinking Norms,Permissible / Marginal
21012D,Madurai,Thirumangalam,Kurayur,2011-07-04,2011,7,Pre-Monsoon,9.694444,78.025,Original,1095.0,1800,8.5,1.2,28.0,56,29.16,313.0,4.0,199,96,42.0,463.6,260,8.448215,3.804807,71.99283,143.04,Poor,8.44,3.8,72.52,S1 (Low),C3 (High),C3-S1,Unsuitable (>2.5),Doubtful to Unsuitable,Unsuitable,Permissible (1.0-1.5 mg/L),Acceptable (10-45 mg/L),Within Drinking Norms,Permissible / Marginal
21013D,Madurai,Vadipatti,Manianji,2011-07-01,2011,7,Pre-Monsoon,10.004167,78.1025,Original,311.0,560,8.2,0.46,5.0,34,27.945,39.0,9.0,39,10,3.154886,211.7659,200,1.200094,0.0,28.64147,65.95,Good,1.2,-0.42,32.52,S1 (Low),C2 (Medium),C2-S1,Safe (<1.25),Good to Permissible,Excellent,Safe (<1.0 mg/L),Natural Background (<10 mg/L),Within Drinking Norms,Safe Drinking Water
21014D,Madurai,Madurai South,Kilakuilkudi,2011-07-05,2011,7,Pre-Monsoon,9.928333,78.055,Original,562.0,1110,6.9,0.2,6.0,70,88.695,18.0,3.0,71,12,0.0,542.9,540,0.3370576,0.0,6.719759,85.39,Good,0.34,-1.9,7.37,S1 (Low),C3 (High),C3-S1,Safe (<1.25),Permissible to Doubtful,Good / Permissible,Safe (<1.0 mg/L),Natural Background (<10 mg/L),Within Drinking Norms,Permissible / Marginal
21015D,Madurai,Peraiyur,Peraiyur,2011-07-05,2011,7,Pre-Monsoon,9.74,77.793333,Original,197.0,360,7.7,0.44,4.0,34,20.655,9.0,2.0,32,10,0.5625705,119.4124,170,0.3004078,0.0,10.19724,43.31,Excellent,0.3,-1.42,11.53,S1 (Low),C2 (Medium),C2-S1,Safe (<1.25),Good to Permissible,Excellent,Safe (<1.0 mg/L),Natural Background (<10 mg/L),Within Drinking Norms,Safe Drinking Water
21016D,Madurai,Peraiyur,Subbulapuram,2011-07-04,2011,7,Pre-Monsoon,9.675556,77.809444,Original,305.0,540,8.4,0.44,7.0,48,18.225,39.0,2.0,28,12,4.72585,200.1486,195,1.215578,0.0,30.06371,65.52,Good,1.22,-0.46,30.96,S1 (Low),C2 (Medium),C2-S1,Safe (<1.25),Good to Permissible,Excellent,Safe (<1.0 mg/L),Natural Background (<10 mg/L),Within Drinking Norms,Safe Drinking Water
21017D,Madurai,Thirumangalam,Thangalacheri,2011-07-04,2011,7,Pre-Monsoon,9.836111,77.868889,Original,2270.0,3780,8.2,0.5,73.0,192,116.64,428.0,31.0,624,245,0.0,622.2,960,6.011755,0.0,48.24339,271.09,Very Poor,6.01,-8.98,50.29,S1 (Low),C4 (Very High),C4-S1,Safe (<1.25),Unsuitable,Unsuitable,Safe (<1.0 mg/L),Anthropogenic High (45-100 mg/L),Urban Domestic / Septic Leaching,Unsafe for Drinking
21018D,Madurai,Thirumangalam,Peikulam,2011-07-04,2011,7,Pre-Monsoon,9.645833,77.991111,Original,1270.0,2070,7.6,0.12,28.0,96,14.58,285.0,106.0,277,62,0.0,610.0,300,7.16288,4.008038,58.7566,165.09,Poor,7.16,4.01,71.6,S1 (Low),C3 (High),C3-S1,Unsuitable (>2.5),Doubtful to Unsuitable,Unsuitable,Safe (<1.0 mg/L),Acceptable (10-45 mg/L),Within Drinking Norms,Permissible / Marginal
21025D,Madurai,Madurai North,Varichiyur,2011-07-04,2011,7,Pre-Monsoon,9.908889,78.256111,Original,1269.0,2190,7.7,1.07,29.0,76,51.03,327.0,8.0,305,55,0.0,634.4,400,7.115439,2.406707,63.44133,152.82,Poor,7.11,2.4,64.34,S1 (Low),C3 (High),C3-S1,Marginal (1.25-2.5),Doubtful to Unsuitable,Marginal / Moderate,Permissible (1.0-1.5 mg/L),Acceptable (10-45 mg/L),Within Drinking Norms,Permissible / Marginal
21026D,Madurai,Vadipatti,Senthamangalam,2011-07-01,2011,7,Pre-Monsoon,10.138333,78.141111,Original,705.0,1280,8.1,0.75,22.0,56,92.34,60.0,15.0,131,34,0.0,439.2,520,1.144875,0.0,19.49597,123.05,Poor,1.14,-3.2,22.35,S1 (Low),C3 (High),C3-S1,Safe (<1.25),Permissible to Doubtful,Good / Permissible,Safe (<1.0 mg/L),Acceptable (10-45 mg/L),Within Drinking Norms,Permissible / Marginal
21027D,Madurai,Vadipatti,Thiruvedagam,2011-07-01,2011,7,Pre-Monsoon,10.019444,77.972222,Original,638.0,1170,7.2,1.04,14.0,40,66.825,90.0,23.0,121,14,0.0,439.2,375,2.022248,0.0,32.62828,98.75,Good,2.02,-0.3,37.52,S1 (Low),C3 (High),C3-S1,Safe (<1.25),Permissible to Doubtful,Good / Permissible,Permissible (1.0-1.5 mg/L),Acceptable (10-45 mg/L),Within Drinking Norms,Permissible / Marginal
21028D,Madurai,Usilampatti,Veppanuthu,2011-07-05,2011,7,Pre-Monsoon,9.897222,77.841667,Original,1606.0,2750,8.0,0.87,26.0,80,48.6,451.0,13.0,475,106,0.0,634.4,400,9.813857,2.407045,70.20885,181.98,Poor,9.81,2.4,71.39,S1 (Low),C4 (Very High),C4-S1,Marginal (1.25-2.5),Doubtful to Unsuitable,Marginal / Moderate,Safe (<1.0 mg/L),Acceptable (10-45 mg/L),Within Drinking Norms,Permissible / Marginal
21029D,Madurai,Usilampatti,Vikramangalam,2011-07-01,2011,7,Pre-Monsoon,10.021667,77.886667,Original,2668.0,4380,7.9,0.38,32.0,216,34.02,644.0,133.0,851,269,0.0,756.4,680,10.7506,0.0,62.25945,305.87,Unsuitable,10.75,-1.18,69.81,S2 (Medium),C4 (Very High),C4-S2,Safe (<1.25),Unsuitable,Unsuitable,Safe (<1.0 mg/L),Acceptable (10-45 mg/L),Within Drinking Norms,Unsafe for Drinking
21030D,Madurai,Peraiyur,Kunnathur,2011-07-04,2011,7,Pre-Monsoon,9.746944,77.889444,Original,666.0,1160,7.9,0.81,8.0,56,40.095,139.0,10.0,67,69,0.0,506.3,305,3.463722,2.2049,48.77534,101.97,Poor,3.46,2.2,50.83,S1 (Low),C3 (High),C3-S1,Marginal (1.25-2.5),Permissible to Doubtful,Marginal / Moderate,Safe (<1.0 mg/L),Natural Background (<10 mg/L),Within Drinking Norms,Permissible / Marginal
21031D,Madurai,Usilampatti,Uthappanaickanur,2011-07-05,2011,7,Pre-Monsoon,10.035556,77.791111,Original,1330.0,2240,7.9,1.03,25.0,100,97.2,175.0,98.0,269,180,0.0,597.8,650,2.986979,0.0,32.94207,205.35,Very Poor,2.99,-3.19,43.78,S1 (Low),C3 (High),C3-S1,Safe (<1.25),Doubtful to Unsuitable,Good / Permissible,Permissible (1.0-1.5 mg/L),Acceptable (10-45 mg/L),Within Drinking Norms,Unsafe for Drinking
21032D,Madurai,Usilampatti,Doddappanaickanur,2011-07-05,2011,7,Pre-Monsoon,9.971111,77.736111,Original,872.0,1560,7.3,1.09,15.0,72,72.9,108.0,55.0,170,53,0.0,549.0,480,2.145114,0.0,29.92877,135.94,Poor,2.14,-0.6,38.88,S1 (Low),C3 (High),C3-S1,Safe (<1.25),Permissible to Doubtful,Good / Permissible,Permissible (1.0-1.5 mg/L),Acceptable (10-45 mg/L),Within Drinking Norms,Permissible / Marginal
21033D,Madurai,Usilampatti,Usilampatti,2011-07-05,2011,7,Pre-Monsoon,9.959722,77.791667,Original,2488.0,4320,8.0,1.4,99.0,128,262.44,359.0,11.0,723,216,0.0,695.4,1400,4.174686,0.0,35.58679,321.32,Unsuitable,4.17,-16.59,36.21,S1 (Low),C4 (Very High),C4-S1,Safe (<1.25),Unsuitable,Unsuitable,Permissible (1.0-1.5 mg/L),Anthropogenic High (45-100 mg/L),Urban Domestic / Septic Leaching,Unsafe for Drinking
21035D,Madurai,Madurai North,Madurai North,2011-07-04,2011,7,Pre-Monsoon,9.843056,78.141667,Original,2697.0,4620,7.5,0.46,73.0,120,174.96,598.0,13.0,922,202,0.0,689.3,1020,8.147392,0.0,55.66383,290.89,Very Poor,8.14,-9.09,56.36,S1 (Low),C4 (Very High),C4-S1,Safe (<1.25),Unsuitable,Unsuitable,Safe (<1.0 mg/L),Anthropogenic High (45-100 mg/L),Urban Domestic / Septic Leaching,Unsafe for Drinking
21036D,Madurai,Madurai North,Koolapandi,2011-07-01,2011,7,Pre-Monsoon,10.008333,78.147222,Original,542.0,1080,7.9,1.1,5.0,34,83.835,51.0,7.0,78,28,0.0,475.8,430,1.070084,0.0,20.18032,103.69,Poor,1.07,-0.8,21.8,S1 (Low),C3 (High),C3-S1,Safe (<1.25),Permissible to Doubtful,Good / Permissible,Permissible (1.0-1.5 mg/L),Natural Background (<10 mg/L),Within Drinking Norms,Permissible / Marginal
21037D,Madurai,Thirumangalam,Kandai,2011-07-04,2011,7,Pre-Monsoon,9.877778,77.913333,Original,719.0,1290,8.2,1.2,24.0,28,69.255,140.0,4.0,106,35,0.0,463.6,355,3.232926,0.5028313,45.82778,118.81,Poor,3.23,0.5,46.58,S1 (Low),C3 (High),C3-S1,Safe (<1.25),Permissible to Doubtful,Good / Permissible,Permissible (1.0-1.5 mg/L),Acceptable (10-45 mg/L),Within Drinking Norms,Permissible / Marginal
83004A,Madurai,Thirumangalam,Kallikudi,2011-07-04,2011,7,Pre-Monsoon,9.7025,77.943333,Original,2626.0,4360,7.6,0.66,73.0,172,92.34,598.0,90.0,709,240,0.0,805.2,810,9.144567,0.0,58.45873,301.77,Unsuitable,9.14,-2.99,63.62,S1 (Low),C4 (Very High),C4-S1,Safe (<1.25),Unsuitable,Unsuitable,Safe (<1.0 mg/L),Anthropogenic High (45-100 mg/L),Urban Domestic / Septic Leaching,Unsafe for Drinking
83005,Madurai,Madurai South,Thiruparankundram,2011-07-04,2011,7,Pre-Monsoon,9.879167,78.114444,Original,1974.0,3440,7.5,1.2,20.0,88,63.18,575.0,5.0,638,158,0.0,719.8,480,11.42155,2.207866,72.01672,207.09,Very Poor,11.42,2.2,72.37,S2 (Medium),C4 (Very High),C4-S2,Marginal (1.25-2.5),Unsuitable,Unsuitable,Permissible (1.0-1.5 mg/L),Acceptable (10-45 mg/L),Within Drinking Norms,Permissible / Marginal
83013,Madurai,Usilampatti,Usilamaptti,2011-07-05,2011,7,Pre-Monsoon,9.966111,77.7925,Original,522.0,970,7.7,1.3,5.0,34,40.095,108.0,11.0,96,14,0.0,390.4,250,2.972269,1.403063,47.09426,89.03,Good,2.97,1.4,49.9,S1 (Low),C3 (High),C3-S1,Marginal (1.25-2.5),Permissible to Doubtful,Marginal / Moderate,Permissible (1.0-1.5 mg/L),Natural Background (<10 mg/L),Within Drinking Norms,Permissible / Marginal
83014B,Madurai,Vadipatti,Mullipallam,2011-07-01,2011,7,Pre-Monsoon,10.019444,77.950556,Original,760.0,1420,8.0,1.2,1.0,30,54.675,189.0,5.0,188,50,0.0,475.8,300,4.74791,1.802747,57.30883,113.34,Poor,4.75,1.8,58.19,S1 (Low),C3 (High),C3-S1,Marginal (1.25-2.5),Permissible to Doubtful,Marginal / Moderate,Permissible (1.0-1.5 mg/L),Natural Background (<10 mg/L),Within Drinking Norms,Permissible / Marginal
83048,Madurai,Thirumangalam,Puliankulam (M),2011-07-04,2011,7,Pre-Monsoon,9.651667,77.909167,Original,2173.0,3650,7.3,0.98,81.0,184,72.9,506.0,3.0,709,14,0.0,646.6,760,7.98869,0.0,59.05837,229.98,Very Poor,7.99,-4.59,59.25,S1 (Low),C4 (Very High),C4-S1,Safe (<1.25),Unsuitable,Unsuitable,Safe (<1.0 mg/L),Anthropogenic High (45-100 mg/L),Urban Domestic / Septic Leaching,Unsafe for Drinking
83049,Madurai,Thirumangalam,Peikulam,2011-07-04,2011,7,Pre-Monsoon,9.645556,77.990278,Original,450.0,840,7.9,0.19,3.0,54,40.095,55.0,14.0,67,16,2.33428,312.626,300,1.381901,0.0,27.35808,76.01,Good,1.38,-0.79,31.44,S1 (Low),C3 (High),C3-S1,Safe (<1.25),Permissible to Doubtful,Good / Permissible,Safe (<1.0 mg/L),Natural Background (<10 mg/L),Within Drinking Norms,Permissible / Marginal
83051,Madurai,Peraiyur,Karaikeni,2011-07-04,2011,7,Pre-Monsoon,9.708333,77.968333,Original,1090.0,1800,7.7,1.7,42.0,68,48.6,258.0,5.0,213,38,0.0,549.0,370,5.8371,1.606091,59.87505,143.64,Poor,5.83,1.6,60.55,S1 (Low),C3 (High),C3-S1,Marginal (1.25-2.5),Permissible to Doubtful,Marginal / Moderate,Dental Fluorosis Risk (1.5-2.0 mg/L),Acceptable (10-45 mg/L),Within Drinking Norms,Unsafe for Drinking
83062A,Madurai,Thirumangalam,Kappalur,2011-07-04,2011,7,Pre-Monsoon,9.840278,78.016667,Original,1231.0,2190,8.0,0.6,11.0,88,60.75,285.0,16.0,447,67,0.0,439.2,470,5.721071,0.0,55.84987,152.68,Poor,5.72,-2.19,57.68,S1 (Low),C3 (High),C3-S1,Safe (<1.25),Doubtful to Unsuitable,Good / Permissible,Safe (<1.0 mg/L),Acceptable (10-45 mg/L),Within Drinking Norms,Permissible / Marginal
83064,Madurai,Peraiyur,Thirumanickam,2011-07-05,2011,7,Pre-Monsoon,9.848889,77.752222,Original,344.0,670,7.9,1.86,2.0,34,30.375,60.0,3.0,14,7,2.297224,307.6631,210,1.801772,0.9233075,37.91823,78.46,Good,1.8,0.92,39.02,S1 (Low),C2 (Medium),C2-S1,Safe (<1.25),Good to Permissible,Excellent,Dental Fluorosis Risk (1.5-2.0 mg/L),Natural Background (<10 mg/L),Within Drinking Norms,Unsafe for Drinking
83099,Madurai,Madurai North,Kadavur,2011-07-01,2011,7,Pre-Monsoon,10.075,78.175,Original,655.0,1100,7.6,0.6,8.0,60,6.075,182.0,7.0,78,25,0.0,524.6,175,5.98931,5.104664,68.30623,83.37,Good,5.99,5.1,69.84,S1 (Low),C3 (High),C3-S1,Unsuitable (>2.5),Doubtful to Unsuitable,Unsuitable,Safe (<1.0 mg/L),Natural Background (<10 mg/L),Within Drinking Norms,Permissible / Marginal
21019D,Madurai,Melur,Karungalakudi,2011-07-07,2011,7,Pre-Monsoon,10.155556,78.369167,Original,692.0,1210,8.0,0.84,7.0,48,37.665,156.0,5.0,234,38,0.0,280.6,275,4.093813,0.0,54.68607,98.8,Good,4.09,-0.9,55.7,S1 (Low),C3 (High),C3-S1,Safe (<1.25),Permissible to Doubtful,Good / Permissible,Safe (<1.0 mg/L),Natural Background (<10 mg/L),Within Drinking Norms,Permissible / Marginal
21020D,Madurai,Melur,Pallapatti,2011-07-07,2011,7,Pre-Monsoon,10.247222,78.386111,Original,601.0,1170,8.2,1.1,3.0,24,80.19,99.0,2.0,156,12,0.0,427.0,390,2.181066,0.0,35.43143,108.22,Poor,2.18,-0.8,35.84,S1 (Low),C3 (High),C3-S1,Safe (<1.25),Permissible to Doubtful,Good / Permissible,Permissible (1.0-1.5 mg/L),Natural Background (<10 mg/L),Within Drinking Norms,Permissible / Marginal
21021D,Madurai,Melur,Athipatti,2011-07-07,2011,7,Pre-Monsoon,10.086111,78.391667,Original,1108.0,1900,8.1,0.65,20.0,52,51.03,294.0,2.0,376,48,0.0,390.4,340,6.938375,0.0,65.13454,134.2,Poor,6.93,-0.4,65.38,S1 (Low),C3 (High),C3-S1,Safe (<1.25),Doubtful to Unsuitable,Marginal / Moderate,Safe (<1.0 mg/L),Acceptable (10-45 mg/L),Within Drinking Norms,Permissible / Marginal
21022D,Madurai,Melur,Pulipatti,2011-07-07,2011,7,Pre-Monsoon,10.086111,78.291667,Original,601.0,1090,8.0,1.2,2.0,20,40.095,154.0,11.0,163,26,0.0,353.8,215,4.569791,1.501814,59.3987,96.55,Good,4.57,1.5,61.88,S1 (Low),C3 (High),C3-S1,Marginal (1.25-2.5),Permissible to Doubtful,Marginal / Moderate,Permissible (1.0-1.5 mg/L),Natural Background (<10 mg/L),Within Drinking Norms,Permissible / Marginal
21023D,Madurai,Melur,Uranganpatti,2011-07-07,2011,7,Pre-Monsoon,9.998333,78.43,Original,481.0,940,8.0,0.36,3.0,60,66.825,28.0,6.0,71,9,3.445146,366.5049,425,0.5910207,0.0,12.34652,87.43,Good,0.59,-2.37,13.9,S1 (Low),C3 (High),C3-S1,Safe (<1.25),Permissible to Doubtful,Good / Permissible,Safe (<1.0 mg/L),Natural Background (<10 mg/L),Within Drinking Norms,Permissible / Marginal
21024D,Madurai,Melur,Thiruvadur,2011-07-07,2011,7,Pre-Monsoon,9.956944,78.319444,Original,572.0,1030,8.2,0.75,5.0,24,42.525,120.0,23.0,152,24,0.0,323.3,235,3.406046,0.6023004,49.68796,97.85,Good,3.4,0.6,55.27,S1 (Low),C3 (High),C3-S1,Safe (<1.25),Permissible to Doubtful,Good / Permissible,Safe (<1.0 mg/L),Natural Background (<10 mg/L),Within Drinking Norms,Permissible / Marginal
21034D,Madurai,Melur,Chittampatti,2011-07-07,2011,7,Pre-Monsoon,10.0,78.275,Original,253.0,500,8.1,0.78,1.0,34,26.73,25.0,5.0,21,4,2.513798,212.4233,195,0.7790984,0.0,21.27375,61.72,Good,0.78,-0.33,23.77,S1 (Low),C2 (Medium),C2-S1,Safe (<1.25),Good to Permissible,Excellent,Safe (<1.0 mg/L),Natural Background (<10 mg/L),Within Drinking Norms,Safe Drinking Water
83016A,Madurai,Melur,Chittampatti,2011-07-07,2011,7,Pre-Monsoon,9.988056,78.243056,Original,227.0,420,8.2,0.78,2.0,28,21.87,23.0,5.0,21,17,2.420921,162.4998,160,0.7912943,0.0,23.13003,59.12,Good,0.79,-0.45,26.08,S1 (Low),C2 (Medium),C2-S1,Safe (<1.25),Good to Permissible,Excellent,Safe (<1.0 mg/L),Natural Background (<10 mg/L),Within Drinking Norms,Safe Drinking Water
83095,Madurai,Melur,Pulipatti,2011-07-07,2011,7,Pre-Monsoon,10.084444,78.288889,Original,610.0,1100,8.2,1.3,1.0,28,34.02,156.0,11.0,163,35,0.0,353.8,210,4.684323,1.60247,60.24308,101.16,Poor,4.68,1.6,62.73,S1 (Low),C3 (High),C3-S1,Marginal (1.25-2.5),Doubtful to Unsuitable,Marginal / Moderate,Permissible (1.0-1.5 mg/L),Natural Background (<10 mg/L),Within Drinking Norms,Permissible / Marginal
83506,Madurai,Melur,Kottampatti,2011-07-07,2011,7,Pre-Monsoon,10.1612,78.3341,Gazetteer,1624.0,2820,7.9,0.79,30.0,96,75.33,386.0,35.0,652,48,0.0,396.5,550,7.162683,0.0,58.55323,193.06,Poor,7.16,-4.49,61.66,S1 (Low),C4 (Very High),C4-S1,Safe (<1.25),Doubtful to Unsuitable,Marginal / Moderate,Safe (<1.0 mg/L),Acceptable (10-45 mg/L),Within Drinking Norms,Permissible / Marginal
21038,Madurai,Vadipatti,Saranthangi,2011-07-01,2011,7,Pre-Monsoon,10.100556,78.151944,Original,693.0,1340,7.5,0.57,17.0,44,104.49,62.0,7.0,99,15,0.0,573.4,540,1.160858,0.0,19.72831,110.42,Poor,1.16,-1.4,21.03,S1 (Low),C3 (High),C3-S1,Safe (<1.25),Permissible to Doubtful,Good / Permissible,Safe (<1.0 mg/L),Acceptable (10-45 mg/L),Within Drinking Norms,Permissible / Marginal
21039,Madurai,Usilampatti,K.nattarpatti,2011-07-01,2011,7,Pre-Monsoon,9.968889,77.863611,Original,552.0,1130,7.3,2.6,5.0,34,85.05,62.0,6.0,110,35,0.0,451.4,435,1.293386,0.0,23.35814,111.34,Poor,1.29,-1.3,24.68,S1 (Low),C3 (High),C3-S1,Safe (<1.25),Permissible to Doubtful,Good / Permissible,Skeletal Fluorosis Risk (>2.0 mg/L),Natural Background (<10 mg/L),Within Drinking Norms,Unsafe for Drinking
21040,Madurai,Peraiyur,T.kallipatti,2011-07-04,2011,7,Pre-Monsoon,9.715833,77.859444,Original,428.0,820,8.2,1.7,7.0,28,53.46,55.0,4.0,46,13,4.696212,315.2245,290,1.405277,0.0,28.85458,94.16,Good,1.4,-0.47,30.08,S1 (Low),C3 (High),C3-S1,Safe (<1.25),Permissible to Doubtful,Good / Permissible,Dental Fluorosis Risk (1.5-2.0 mg/L),Natural Background (<10 mg/L),Within Drinking Norms,Unsafe for Drinking
21041,Madurai,Peraiyur,Sedapatti,2011-07-05,2011,7,Pre-Monsoon,9.826389,77.8,Original,816.0,1490,8.3,1.6,3.0,28,65.61,193.0,3.0,135,106,36.0,475.8,340,4.554104,2.202743,54.98449,128.99,Poor,4.55,2.2,55.47,S1 (Low),C3 (High),C3-S1,Marginal (1.25-2.5),Permissible to Doubtful,Marginal / Moderate,Dental Fluorosis Risk (1.5-2.0 mg/L),Natural Background (<10 mg/L),Within Drinking Norms,Unsafe for Drinking
21042,Madurai,Peraiyur,Saptur,2011-07-05,2011,7,Pre-Monsoon,9.764722,77.740278,Original,557.0,1000,7.8,2.3,7.0,38,36.45,127.0,2.0,50,14,0.0,518.5,245,3.530796,3.603106,52.75642,102.65,Poor,3.53,3.6,53.23,S1 (Low),C3 (High),C3-S1,Unsuitable (>2.5),Permissible to Doubtful,Unsuitable,Skeletal Fluorosis Risk (>2.0 mg/L),Natural Background (<10 mg/L),Within Drinking Norms,Unsafe for Drinking
21068,Madurai,Vadipatti,Alanganallur,2011-07-01,2011,7,Pre-Monsoon,10.048333,78.083889,Original,683.0,1190,7.6,0.47,39.0,70,75.33,55.0,2.0,138,7,0.0,329.4,485,1.086761,0.0,19.7136,101.84,Poor,1.09,-4.29,20.13,S1 (Low),C3 (High),C3-S1,Safe (<1.25),Permissible to Doubtful,Good / Permissible,Safe (<1.0 mg/L),Acceptable (10-45 mg/L),Within Drinking Norms,Permissible / Marginal
21069,Madurai,Vadipatti,Maduvarpatti,2011-07-01,2011,7,Pre-Monsoon,10.080278,78.124722,Original,884.0,1490,8.3,0.56,23.0,88,38.88,133.0,74.0,149,31,36.0,463.6,380,2.969491,1.208006,37.88877,145.82,Poor,2.97,1.21,50.28,S1 (Low),C3 (High),C3-S1,Safe (<1.25),Permissible to Doubtful,Good / Permissible,Safe (<1.0 mg/L),Acceptable (10-45 mg/L),Within Drinking Norms,Permissible / Marginal
21001D,Madurai,Madurai South,Thiruparankundram,2012-01-04,2012,1,Post-Monsoon,9.877778,78.097222,Original,1110.0,1950,8.2,1.81,5.0,40,58.32,294.0,34.0,291,48,0.0,640.5,340,6.937858,3.703403,62.52489,162.59,Poor,6.93,3.7,66.76,S1 (Low),C3 (High),C3-S1,Unsuitable (>2.5),Doubtful to Unsuitable,Unsuitable,Dental Fluorosis Risk (1.5-2.0 mg/L),Natural Background (<10 mg/L),Within Drinking Norms,Unsafe for Drinking
21002D,Madurai,Thirumangalam,Chokkanathapuram,2012-01-02,2012,1,Post-Monsoon,9.945556,77.975556,Original,793.0,1450,7.6,0.65,11.0,130,66.825,51.0,18.0,262,52,0.0,323.3,600,0.9061561,0.0,15.1267,119.51,Poor,0.91,-6.69,18.26,S1 (Low),C3 (High),C3-S1,Safe (<1.25),Permissible to Doubtful,Good / Permissible,Safe (<1.0 mg/L),Acceptable (10-45 mg/L),Within Drinking Norms,Permissible / Marginal
21003D,Madurai,Peraiyur,Chinnakattalai,2012-01-02,2012,1,Post-Monsoon,9.845556,77.796667,Original,1122.0,1890,8.2,1.38,36.0,64,75.33,223.0,19.0,248,94,0.0,481.9,470,4.476004,0.0,49.54374,161.94,Poor,4.47,-1.5,52.01,S1 (Low),C3 (High),C3-S1,Safe (<1.25),Permissible to Doubtful,Good / Permissible,Permissible (1.0-1.5 mg/L),Acceptable (10-45 mg/L),Within Drinking Norms,Permissible / Marginal
21004D,Madurai,Thirumangalam,Chinna Ulagani,2012-01-04,2012,1,Post-Monsoon,9.773611,78.052222,Original,2810.0,4850,7.6,0.72,2.0,224,121.5,644.0,19.0,1134,312,0.0,689.3,1060,8.608679,0.0,56.3913,297.14,Very Poor,8.6,-9.88,57.36,S1 (Low),C4 (Very High),C4-S1,Safe (<1.25),Unsuitable,Unsuitable,Safe (<1.0 mg/L),Natural Background (<10 mg/L),Within Drinking Norms,Unsafe for Drinking
21005D,Madurai,Madurai South,Eliyarpatti,2012-01-04,2012,1,Post-Monsoon,9.794444,78.090278,Original,580.0,990,8.2,0.89,26.0,92,36.45,53.0,10.0,124,10,0.0,274.5,380,1.183357,0.0,22.70899,102.5,Poor,1.18,-3.09,25.22,S1 (Low),C3 (High),C3-S1,Safe (<1.25),Permissible to Doubtful,Good / Permissible,Safe (<1.0 mg/L),Acceptable (10-45 mg/L),Within Drinking Norms,Permissible / Marginal
21006D,Madurai,Peraiyur,Elumalai RF,2012-01-02,2012,1,Post-Monsoon,9.861111,77.7,Original,505.0,920,8.0,0.95,18.0,56,64.395,28.0,5.0,60,22,0.0,378.2,405,0.6054342,0.0,12.90262,96.96,Good,0.61,-1.9,14.25,S1 (Low),C3 (High),C3-S1,Safe (<1.25),Permissible to Doubtful,Good / Permissible,Safe (<1.0 mg/L),Acceptable (10-45 mg/L),Within Drinking Norms,Permissible / Marginal
21007D,Madurai,Thirumangalam,Kallikudi,2012-01-04,2012,1,Post-Monsoon,9.693889,77.971111,Original,2159.0,3740,8.1,0.97,21.0,288,213.84,143.0,27.0,780,413,0.0,402.6,1600,1.555789,0.0,15.99841,294.82,Very Poor,1.56,-25.37,17.77,S1 (Low),C4 (Very High),C4-S1,Safe (<1.25),Unsuitable,Unsuitable,Safe (<1.0 mg/L),Acceptable (10-45 mg/L),Within Drinking Norms,Unsafe for Drinking
21008D,Madurai,Madurai South,Melamathur,2012-01-07,2012,1,Post-Monsoon,9.968056,78.007778,Original,767.0,1350,8.1,1.1,15.0,76,55.89,120.0,9.0,142,77,0.0,439.2,420,2.548193,0.0,37.70989,121.85,Poor,2.55,-1.19,39.36,S1 (Low),C3 (High),C3-S1,Safe (<1.25),Permissible to Doubtful,Good / Permissible,Permissible (1.0-1.5 mg/L),Acceptable (10-45 mg/L),Within Drinking Norms,Permissible / Marginal
21009D,Madurai,Thirumangalam,Kappalur,2012-01-05,2012,1,Post-Monsoon,9.843056,78.018611,Original,1548.0,2650,7.4,0.57,67.0,204,119.07,145.0,33.0,468,29,0.0,506.3,1000,1.99556,0.0,23.24802,203.52,Very Poor,1.99,-11.68,26.35,S1 (Low),C4 (Very High),C4-S1,Safe (<1.25),Doubtful to Unsuitable,Marginal / Moderate,Safe (<1.0 mg/L),Anthropogenic High (45-100 mg/L),Agricultural Fertilizer Runoff,Unsafe for Drinking
21010D,Madurai,Madurai North,Karupayoorani,2012-01-06,2012,1,Post-Monsoon,9.931944,78.177778,Original,1197.0,2080,7.5,0.52,11.0,84,55.89,276.0,30.0,454,58,0.0,378.2,440,5.726214,0.0,55.67374,141.89,Poor,5.72,-2.59,59.22,S1 (Low),C3 (High),C3-S1,Safe (<1.25),Doubtful to Unsuitable,Good / Permissible,Safe (<1.0 mg/L),Acceptable (10-45 mg/L),Within Drinking Norms,Permissible / Marginal
21011D,Madurai,Peraiyur,Mallapuram,2012-01-02,2012,1,Post-Monsoon,9.805556,77.668333,Original,987.0,1750,7.9,0.65,24.0,88,77.76,143.0,34.0,206,41,0.0,585.6,540,2.677924,0.0,34.78813,147.23,Poor,2.68,-1.19,39.64,S1 (Low),C3 (High),C3-S1,Safe (<1.25),Permissible to Doubtful,Good / Permissible,Safe (<1.0 mg/L),Acceptable (10-45 mg/L),Within Drinking Norms,Permissible / Marginal
21012D,Madurai,Thirumangalam,Kurayur,2012-01-04,2012,1,Post-Monsoon,9.694444,78.025,Original,971.0,1660,7.8,0.95,26.0,56,43.74,223.0,28.0,191,62,0.0,500.2,320,5.425004,1.804975,57.70331,132.23,Poor,5.42,1.8,61.95,S1 (Low),C3 (High),C3-S1,Marginal (1.25-2.5),Permissible to Doubtful,Marginal / Moderate,Safe (<1.0 mg/L),Acceptable (10-45 mg/L),Within Drinking Norms,Permissible / Marginal
21013D,Madurai,Vadipatti,Manianji,2012-01-06,2012,1,Post-Monsoon,10.004167,78.1025,Original,418.0,780,8.4,0.44,7.0,44,37.665,53.0,12.0,57,17,6.340544,268.5339,265,1.416821,0.0,29.1543,82.88,Good,1.42,-0.68,33.03,S1 (Low),C3 (High),C3-S1,Safe (<1.25),Permissible to Doubtful,Good / Permissible,Safe (<1.0 mg/L),Natural Background (<10 mg/L),Within Drinking Norms,Permissible / Marginal
21014D,Madurai,Madurai South,Kilakuilkudi,2012-01-05,2012,1,Post-Monsoon,9.928333,78.055,Original,400.0,790,7.6,0.09,4.0,78,41.31,12.0,6.0,35,7,1.248891,333.7312,365,0.2733635,0.0,6.551383,66.8,Good,0.27,-1.78,8.47,S1 (Low),C3 (High),C3-S1,Safe (<1.25),Permissible to Doubtful,Good / Permissible,Safe (<1.0 mg/L),Natural Background (<10 mg/L),Within Drinking Norms,Permissible / Marginal
21015D,Madurai,Peraiyur,Peraiyur,2012-01-02,2012,1,Post-Monsoon,9.74,77.793333,Original,500.0,920,6.9,0.65,6.0,86,42.525,35.0,9.0,96,17,0.2312916,309.7647,390,0.7713434,0.0,15.95199,73.17,Good,0.77,-2.71,18.36,S1 (Low),C3 (High),C3-S1,Safe (<1.25),Permissible to Doubtful,Good / Permissible,Safe (<1.0 mg/L),Natural Background (<10 mg/L),Within Drinking Norms,Permissible / Marginal
21016D,Madurai,Peraiyur,Subbulapuram,2012-01-05,2012,1,Post-Monsoon,9.675556,77.809444,Original,317.0,560,7.4,0.37,10.0,56,26.73,13.0,5.0,32,28,0.4239805,179.5635,250,0.3578397,0.0,9.942142,52.27,Good,0.36,-2.04,12.19,S1 (Low),C2 (Medium),C2-S1,Safe (<1.25),Good to Permissible,Excellent,Safe (<1.0 mg/L),Acceptable (10-45 mg/L),Within Drinking Norms,Permissible / Marginal
21017D,Madurai,Thirumangalam,Thangalacheri,2012-01-05,2012,1,Post-Monsoon,9.836111,77.868889,Original,2105.0,3200,8.3,0.53,85.0,248,97.2,276.0,77.0,709,182,36.0,207.4,1020,3.761333,0.0,34.95045,268.17,Very Poor,3.76,-15.78,40.67,S1 (Low),C4 (Very High),C4-S1,Safe (<1.25),Unsuitable,Unsuitable,Safe (<1.0 mg/L),Anthropogenic High (45-100 mg/L),Urban Domestic / Septic Leaching,Unsafe for Drinking
21018D,Madurai,Thirumangalam,Peikulam,2012-01-04,2012,1,Post-Monsoon,9.645833,77.991111,Original,1273.0,2020,7.8,0.08,65.0,140,55.89,189.0,47.0,234,62,0.0,512.4,580,3.415694,0.0,39.13118,166.0,Poor,3.41,-3.19,44.84,S1 (Low),C3 (High),C3-S1,Safe (<1.25),Doubtful to Unsuitable,Good / Permissible,Safe (<1.0 mg/L),Anthropogenic High (45-100 mg/L),Agricultural Fertilizer Runoff,Unsafe for Drinking
21025D,Madurai,Madurai North,Varichiyur,2012-01-06,2012,1,Post-Monsoon,9.908889,78.256111,Original,1116.0,1960,7.6,0.88,28.0,104,94.77,143.0,33.0,305,48,0.0,524.6,650,2.44082,0.0,31.019,158.85,Poor,2.44,-4.39,35.22,S1 (Low),C3 (High),C3-S1,Safe (<1.25),Permissible to Doubtful,Good / Permissible,Safe (<1.0 mg/L),Acceptable (10-45 mg/L),Within Drinking Norms,Unsafe for Drinking
21026D,Madurai,Vadipatti,Senthamangalam,2012-01-06,2012,1,Post-Monsoon,10.138333,78.141111,Original,699.0,1280,7.6,0.84,20.0,94,80.19,39.0,17.0,110,22,0.0,500.2,565,0.7140073,0.0,12.63999,117.1,Poor,0.71,-3.09,15.87,S1 (Low),C3 (High),C3-S1,Safe (<1.25),Permissible to Doubtful,Good / Permissible,Safe (<1.0 mg/L),Acceptable (10-45 mg/L),Within Drinking Norms,Permissible / Marginal
21027D,Madurai,Vadipatti,Thiruvedagam,2012-01-07,2012,1,Post-Monsoon,10.019444,77.972222,Original,555.0,1070,8.4,0.81,3.0,42,68.04,62.0,19.0,131,19,42.0,317.2,385,1.3749,0.0,24.79252,107.15,Poor,1.37,-1.1,29.25,S1 (Low),C3 (High),C3-S1,Safe (<1.25),Permissible to Doubtful,Good / Permissible,Safe (<1.0 mg/L),Natural Background (<10 mg/L),Within Drinking Norms,Permissible / Marginal
21028D,Madurai,Usilampatti,Veppanuthu,2012-01-02,2012,1,Post-Monsoon,9.897222,77.841667,Original,1322.0,2350,8.4,1.13,24.0,48,114.21,276.0,36.0,330,48,24.0,683.2,590,4.943872,0.2050167,48.56602,192.16,Poor,4.94,0.2,52.28,S1 (Low),C4 (Very High),C4-S1,Safe (<1.25),Doubtful to Unsuitable,Marginal / Moderate,Permissible (1.0-1.5 mg/L),Acceptable (10-45 mg/L),Within Drinking Norms,Permissible / Marginal
21029D,Madurai,Usilampatti,Vikramangalam,2012-01-02,2012,1,Post-Monsoon,10.021667,77.886667,Original,2235.0,3700,8.0,0.39,34.0,240,106.92,368.0,55.0,993,211,0.0,219.6,1040,4.966525,0.0,41.9152,263.25,Very Poor,4.96,-17.18,45.59,S1 (Low),C4 (Very High),C4-S1,Safe (<1.25),Unsuitable,Unsuitable,Safe (<1.0 mg/L),Acceptable (10-45 mg/L),Within Drinking Norms,Unsafe for Drinking
21030D,Madurai,Peraiyur,Kunnathur,2012-01-05,2012,1,Post-Monsoon,9.746944,77.889444,Original,423.0,790,7.6,0.79,4.0,66,36.45,37.0,6.0,28,49,1.118402,298.8617,315,0.9072947,0.0,19.97779,73.55,Good,0.91,-1.36,21.87,S1 (Low),C3 (High),C3-S1,Safe (<1.25),Permissible to Doubtful,Good / Permissible,Safe (<1.0 mg/L),Natural Background (<10 mg/L),Within Drinking Norms,Permissible / Marginal
21031D,Madurai,Usilampatti,Uthappanaickanur,2012-01-02,2012,1,Post-Monsoon,10.035556,77.791111,Original,1680.0,2880,7.7,0.78,65.0,112,177.39,193.0,35.0,404,158,0.0,628.3,1010,2.642457,0.0,28.48033,229.57,Very Poor,2.64,-9.89,31.51,S1 (Low),C4 (Very High),C4-S1,Safe (<1.25),Doubtful to Unsuitable,Marginal / Moderate,Safe (<1.0 mg/L),Anthropogenic High (45-100 mg/L),Agricultural Fertilizer Runoff,Unsafe for Drinking
21032D,Madurai,Usilampatti,Doddappanaickanur,2012-01-02,2012,1,Post-Monsoon,9.971111,77.736111,Original,962.0,1730,8.2,0.73,5.0,116,63.18,154.0,10.0,230,72,0.0,591.7,550,2.857871,0.0,37.33421,141.46,Poor,2.86,-1.29,38.75,S1 (Low),C3 (High),C3-S1,Safe (<1.25),Permissible to Doubtful,Good / Permissible,Safe (<1.0 mg/L),Natural Background (<10 mg/L),Within Drinking Norms,Permissible / Marginal
21033D,Madurai,Usilampatti,Usilampatti,2012-01-02,2012,1,Post-Monsoon,9.959722,77.791667,Original,2402.0,3900,7.8,1.55,94.0,192,184.68,322.0,82.0,922,144,0.0,274.5,1240,3.979209,0.0,34.25996,313.92,Unsuitable,3.98,-20.28,39.38,S1 (Low),C4 (Very High),C4-S1,Safe (<1.25),Unsuitable,Unsuitable,Dental Fluorosis Risk (1.5-2.0 mg/L),Anthropogenic High (45-100 mg/L),Urban Domestic / Septic Leaching,Unsafe for Drinking
21035D,Madurai,Madurai North,Madurai North,2012-01-05,2012,1,Post-Monsoon,9.843056,78.141667,Original,1383.0,2410,8.4,0.81,32.0,44,99.63,322.0,13.0,301,79,60.0,640.5,520,6.143861,2.104482,56.63,180.37,Poor,6.14,2.1,57.96,S1 (Low),C4 (Very High),C4-S1,Marginal (1.25-2.5),Doubtful to Unsuitable,Marginal / Moderate,Safe (<1.0 mg/L),Acceptable (10-45 mg/L),Within Drinking Norms,Permissible / Marginal
21036D,Madurai,Madurai North,Koolapandi,2012-01-06,2012,1,Post-Monsoon,10.008333,78.147222,Original,389.0,770,8.2,0.99,2.0,38,54.675,32.0,5.0,50,17,4.402626,295.5181,320,0.7783833,0.0,17.58526,84.7,Good,0.78,-1.41,19.19,S1 (Low),C3 (High),C3-S1,Safe (<1.25),Permissible to Doubtful,Good / Permissible,Safe (<1.0 mg/L),Natural Background (<10 mg/L),Within Drinking Norms,Permissible / Marginal
21037D,Madurai,Thirumangalam,Kandai,2012-01-05,2012,1,Post-Monsoon,9.877778,77.913333,Original,698.0,1230,8.2,1.2,17.0,38,68.04,120.0,10.0,121,33,0.0,463.6,375,2.6963,0.1037586,40.24223,118.85,Poor,2.69,0.1,42.2,S1 (Low),C3 (High),C3-S1,Safe (<1.25),Permissible to Doubtful,Good / Permissible,Permissible (1.0-1.5 mg/L),Acceptable (10-45 mg/L),Within Drinking Norms,Permissible / Marginal
21038,Madurai,Vadipatti,Saranthangi,2012-01-06,2012,1,Post-Monsoon,10.100556,78.151944,Original,885.0,1490,7.6,0.72,42.0,74,82.62,110.0,17.0,74,58,0.0,561.2,525,2.089065,0.0,30.45443,130.34,Poor,2.09,-1.3,33.21,S1 (Low),C3 (High),C3-S1,Safe (<1.25),Permissible to Doubtful,Good / Permissible,Safe (<1.0 mg/L),Acceptable (10-45 mg/L),Within Drinking Norms,Permissible / Marginal
21039,Madurai,Usilampatti,K.nattarpatti,2012-01-07,2012,1,Post-Monsoon,9.968889,77.863611,Original,586.0,1100,7.4,2.8,2.0,64,74.115,41.0,21.0,113,25,0.0,475.8,465,0.8273576,0.0,15.35668,121.32,Poor,0.83,-1.5,19.97,S1 (Low),C3 (High),C3-S1,Safe (<1.25),Permissible to Doubtful,Good / Permissible,Skeletal Fluorosis Risk (>2.0 mg/L),Natural Background (<10 mg/L),Within Drinking Norms,Unsafe for Drinking
21040,Madurai,Peraiyur,T.kallipatti,2012-01-05,2012,1,Post-Monsoon,9.715833,77.859444,Original,415.0,790,8.1,1.22,10.0,42,53.46,32.0,6.0,53,20,3.15705,266.78,325,0.7723897,0.0,17.3114,88.29,Good,0.77,-2.02,19.21,S1 (Low),C3 (High),C3-S1,Safe (<1.25),Permissible to Doubtful,Good / Permissible,Permissible (1.0-1.5 mg/L),Acceptable (10-45 mg/L),Within Drinking Norms,Permissible / Marginal
21041,Madurai,Peraiyur,Sedapatti,2012-01-02,2012,1,Post-Monsoon,9.826389,77.8,Original,551.0,1010,7.8,1.97,3.0,34,52.245,97.0,9.0,67,58,0.0,439.2,300,2.436827,1.203165,40.39372,103.75,Poor,2.44,1.2,42.58,S1 (Low),C3 (High),C3-S1,Safe (<1.25),Permissible to Doubtful,Good / Permissible,Dental Fluorosis Risk (1.5-2.0 mg/L),Natural Background (<10 mg/L),Within Drinking Norms,Unsafe for Drinking
21042,Madurai,Peraiyur,Saptur,2012-01-02,2012,1,Post-Monsoon,9.764722,77.740278,Original,494.0,920,8.0,1.76,6.0,42,40.095,92.0,4.0,46,22,3.352021,356.598,270,2.436454,0.5614974,42.12652,94.62,Good,2.44,0.56,43.19,S1 (Low),C3 (High),C3-S1,Safe (<1.25),Permissible to Doubtful,Good / Permissible,Dental Fluorosis Risk (1.5-2.0 mg/L),Natural Background (<10 mg/L),Within Drinking Norms,Unsafe for Drinking
21068,Madurai,Vadipatti,Alanganallur,2012-01-06,2012,1,Post-Monsoon,10.048333,78.083889,Original,1025.0,1710,7.6,0.36,59.0,128,109.35,51.0,11.0,262,36,0.0,335.5,770,0.7998102,0.0,12.40305,145.26,Poor,0.8,-9.89,13.97,S1 (Low),C3 (High),C3-S1,Safe (<1.25),Permissible to Doubtful,Good / Permissible,Safe (<1.0 mg/L),Anthropogenic High (45-100 mg/L),Agricultural Fertilizer Runoff,Unsafe for Drinking
21069,Madurai,Vadipatti,Maduvarpatti,2012-01-06,2012,1,Post-Monsoon,10.080278,78.124722,Original,701.0,1150,7.9,0.38,30.0,54,34.02,124.0,34.0,99,34,0.0,378.2,275,3.254207,0.7048835,45.87411,105.45,Poor,3.25,0.7,53.26,S1 (Low),C3 (High),C3-S1,Safe (<1.25),Permissible to Doubtful,Good / Permissible,Safe (<1.0 mg/L),Acceptable (10-45 mg/L),Within Drinking Norms,Permissible / Marginal
83004A,Madurai,Thirumangalam,Kallikudi,2012-01-04,2012,1,Post-Monsoon,9.7025,77.943333,Original,1914.0,3010,7.8,1.1,72.0,128,82.62,336.0,125.0,411,216,0.0,591.7,660,5.691869,0.0,47.14769,258.48,Very Poor,5.69,-3.49,57.45,S1 (Low),C4 (Very High),C4-S1,Safe (<1.25),Unsuitable,Unsuitable,Permissible (1.0-1.5 mg/L),Anthropogenic High (45-100 mg/L),Agricultural Fertilizer Runoff,Unsafe for Drinking
83005,Madurai,Madurai South,Thiruparankundram,2012-01-04,2012,1,Post-Monsoon,9.879167,78.114444,Original,1823.0,3180,7.7,1.2,19.0,112,92.34,428.0,22.0,567,130,0.0,774.7,660,7.249985,0.0,57.51751,215.47,Very Poor,7.25,-0.49,59.24,S1 (Low),C4 (Very High),C4-S1,Safe (<1.25),Unsuitable,Unsuitable,Permissible (1.0-1.5 mg/L),Acceptable (10-45 mg/L),Within Drinking Norms,Unsafe for Drinking
83006,Madurai,Thirumangalam,Sathangudi,2012-01-05,2012,1,Post-Monsoon,9.839167,77.939722,Original,2356.0,3910,7.8,0.54,68.0,120,140.94,506.0,24.0,709,254,0.0,597.8,880,7.422392,0.0,54.73726,265.32,Very Poor,7.42,-7.79,56.25,S1 (Low),C4 (Very High),C4-S1,Safe (<1.25),Unsuitable,Unsuitable,Safe (<1.0 mg/L),Anthropogenic High (45-100 mg/L),Urban Domestic / Septic Leaching,Unsafe for Drinking
83013,Madurai,Usilampatti,Usilamaptti,2012-01-05,2012,1,Post-Monsoon,9.966111,77.7925,Original,840.0,1490,7.8,1.17,20.0,44,71.685,166.0,6.0,177,36,0.0,500.2,405,3.589135,0.1043109,46.67884,122.96,Poor,3.59,0.1,47.66,S1 (Low),C3 (High),C3-S1,Safe (<1.25),Permissible to Doubtful,Good / Permissible,Permissible (1.0-1.5 mg/L),Acceptable (10-45 mg/L),Within Drinking Norms,Permissible / Marginal
83014A,Madurai,Vadipatti,Thiruvedagam,2012-01-07,2012,1,Post-Monsoon,10.020556,77.963611,Original,1819.0,3040,7.8,0.53,54.0,96,111.78,368.0,35.0,525,175,0.0,536.8,700,6.052492,0.0,51.81753,217.15,Very Poor,6.05,-5.19,54.7,S1 (Low),C4 (Very High),C4-S1,Safe (<1.25),Unsuitable,Unsuitable,Safe (<1.0 mg/L),Anthropogenic High (45-100 mg/L),Urban Domestic / Septic Leaching,Unsafe for Drinking
83014B,Madurai,Vadipatti,Mullipallam,2012-01-07,2012,1,Post-Monsoon,10.019444,77.950556,Original,668.0,1250,8.0,0.5,6.0,58,71.685,87.0,15.0,103,39,0.0,530.7,440,1.804777,0.0,29.19699,110.63,Poor,1.8,-0.1,32.15,S1 (Low),C3 (High),C3-S1,Safe (<1.25),Permissible to Doubtful,Good / Permissible,Safe (<1.0 mg/L),Natural Background (<10 mg/L),Within Drinking Norms,Permissible / Marginal
83048,Madurai,Thirumangalam,Puliankulam (M),2012-01-05,2012,1,Post-Monsoon,9.651667,77.909167,Original,823.0,1450,7.3,0.97,42.0,90,91.125,53.0,12.0,152,14,0.0,451.4,600,0.9415588,0.0,15.78782,124.01,Poor,0.94,-4.59,17.88,S1 (Low),C3 (High),C3-S1,Safe (<1.25),Permissible to Doubtful,Good / Permissible,Safe (<1.0 mg/L),Acceptable (10-45 mg/L),Within Drinking Norms,Permissible / Marginal
83049,Madurai,Thirumangalam,Peikulam,2012-01-04,2012,1,Post-Monsoon,9.645556,77.990278,Original,404.0,680,8.1,0.12,12.0,38,17.01,85.0,4.0,60,29,2.22141,187.7156,165,2.880036,0.0,52.10604,63.49,Good,2.88,-0.15,53.54,S1 (Low),C2 (Medium),C2-S1,Safe (<1.25),Permissible to Doubtful,Good / Permissible,Safe (<1.0 mg/L),Acceptable (10-45 mg/L),Within Drinking Norms,Safe Drinking Water
83051,Madurai,Peraiyur,Karaikeni,2012-01-05,2012,1,Post-Monsoon,9.708333,77.968333,Original,704.0,1230,7.8,1.8,23.0,56,64.395,97.0,18.0,121,43,0.0,408.7,405,2.097397,0.0,33.03205,122.69,Poor,2.1,-1.4,36.62,S1 (Low),C3 (High),C3-S1,Safe (<1.25),Permissible to Doubtful,Good / Permissible,Dental Fluorosis Risk (1.5-2.0 mg/L),Acceptable (10-45 mg/L),Within Drinking Norms,Unsafe for Drinking
83062A,Madurai,Thirumangalam,Kappalur,2012-01-05,2012,1,Post-Monsoon,9.840278,78.016667,Original,1165.0,2080,7.9,0.52,8.0,96,111.78,170.0,23.0,482,84,0.0,329.4,700,2.795988,0.0,33.65481,159.65,Poor,2.79,-8.59,36.32,S1 (Low),C3 (High),C3-S1,Safe (<1.25),Doubtful to Unsuitable,Good / Permissible,Safe (<1.0 mg/L),Natural Background (<10 mg/L),Within Drinking Norms,Unsafe for Drinking
83064,Madurai,Peraiyur,Thirumanickam,2012-01-02,2012,1,Post-Monsoon,9.848889,77.752222,Original,336.0,620,7.8,0.88,5.0,32,27.945,53.0,4.0,46,15,1.296941,218.6715,195,1.651653,0.0,36.56898,63.7,Good,1.65,-0.27,38.18,S1 (Low),C2 (Medium),C2-S1,Safe (<1.25),Good to Permissible,Excellent,Safe (<1.0 mg/L),Natural Background (<10 mg/L),Within Drinking Norms,Safe Drinking Water
83073,Madurai,Thirumangalam,Chokkanathapuram,2012-01-02,2012,1,Post-Monsoon,9.938056,77.965278,Original,741.0,1200,8.2,0.39,29.0,52,63.18,106.0,7.0,199,101,0.0,170.8,390,2.335638,0.0,36.64036,109.55,Poor,2.33,-5.0,38.05,S1 (Low),C3 (High),C3-S1,Safe (<1.25),Permissible to Doubtful,Good / Permissible,Safe (<1.0 mg/L),Acceptable (10-45 mg/L),Within Drinking Norms,Permissible / Marginal
83082,Madurai,Usilampatti,Uthappanaickanur,2012-01-02,2012,1,Post-Monsoon,10.033333,77.787778,Original,812.0,1530,7.7,1.0,8.0,92,102.06,51.0,11.0,227,62,0.0,463.6,650,0.8704683,0.0,14.32202,131.2,Poor,0.87,-5.39,16.13,S1 (Low),C3 (High),C3-S1,Safe (<1.25),Permissible to Doubtful,Good / Permissible,Permissible (1.0-1.5 mg/L),Natural Background (<10 mg/L),Within Drinking Norms,Unsafe for Drinking
83099,Madurai,Madurai North,Kadavur,2012-01-06,2012,1,Post-Monsoon,10.075,78.175,Original,572.0,980,7.6,0.52,9.0,92,41.31,15.0,70.0,57,27,0.0,463.6,400,0.3264239,0.0,6.253602,109.71,Poor,0.33,-0.39,23.41,S1 (Low),C3 (High),C3-S1,Safe (<1.25),Permissible to Doubtful,Good / Permissible,Safe (<1.0 mg/L),Natural Background (<10 mg/L),Within Drinking Norms,Permissible / Marginal
21019D,Madurai,Melur,Karungalakudi,2012-01-12,2012,1,Post-Monsoon,10.155556,78.369167,Original,727.0,1270,7.4,0.93,2.0,88,25.515,156.0,11.0,181,26,0.0,463.6,325,3.766527,1.10778,50.04813,96.9,Good,3.76,1.11,52.11,S1 (Low),C3 (High),C3-S1,Safe (<1.25),Permissible to Doubtful,Good / Permissible,Safe (<1.0 mg/L),Natural Background (<10 mg/L),Within Drinking Norms,Permissible / Marginal
21020D,Madurai,Melur,Pallapatti,2012-01-12,2012,1,Post-Monsoon,10.247222,78.386111,Original,512.0,990,8.3,0.71,5.0,82,68.04,13.0,6.0,85,22,18.0,390.4,485,0.2568841,0.0,5.431971,103.02,Poor,0.26,-2.69,6.9,S1 (Low),C3 (High),C3-S1,Safe (<1.25),Permissible to Doubtful,Good / Permissible,Safe (<1.0 mg/L),Natural Background (<10 mg/L),Within Drinking Norms,Permissible / Marginal
21021D,Madurai,Melur,Athipatti,2012-01-12,2012,1,Post-Monsoon,10.086111,78.391667,Original,993.0,1700,8.1,0.57,17.0,40,43.74,269.0,7.0,291,48,0.0,439.2,280,6.995422,1.603589,66.95628,123.94,Poor,6.99,1.6,67.97,S1 (Low),C3 (High),C3-S1,Marginal (1.25-2.5),Doubtful to Unsuitable,Marginal / Moderate,Safe (<1.0 mg/L),Acceptable (10-45 mg/L),Within Drinking Norms,Permissible / Marginal
21022D,Madurai,Melur,Pulipatti,2012-01-12,2012,1,Post-Monsoon,10.086111,78.291667,Original,911.0,1600,7.8,0.55,4.0,100,36.45,189.0,15.0,340,26,0.0,378.2,400,4.113116,0.0,49.54048,117.6,Poor,4.11,-1.79,51.84,S1 (Low),C3 (High),C3-S1,Safe (<1.25),Permissible to Doubtful,Good / Permissible,Safe (<1.0 mg/L),Natural Background (<10 mg/L),Within Drinking Norms,Permissible / Marginal
21023D,Madurai,Melur,Uranganpatti,2012-01-12,2012,1,Post-Monsoon,9.998333,78.43,Original,565.0,1020,7.4,0.61,3.0,112,20.655,71.0,12.0,103,12,0.0,445.3,365,1.61772,0.01001204,28.90534,83.4,Good,1.62,0.01,31.77,S1 (Low),C3 (High),C3-S1,Safe (<1.25),Permissible to Doubtful,Good / Permissible,Safe (<1.0 mg/L),Natural Background (<10 mg/L),Within Drinking Norms,Permissible / Marginal
21024D,Madurai,Melur,Thiruvadur,2012-01-12,2012,1,Post-Monsoon,9.956944,78.319444,Original,889.0,1590,7.4,0.43,5.0,112,26.73,189.0,15.0,170,31,0.0,640.5,390,4.165842,2.709696,50.1478,110.59,Poor,4.16,2.71,52.48,S1 (Low),C3 (High),C3-S1,Unsuitable (>2.5),Permissible to Doubtful,Unsuitable,Safe (<1.0 mg/L),Natural Background (<10 mg/L),Within Drinking Norms,Permissible / Marginal
21034D,Madurai,Melur,Chittampatti,2012-01-12,2012,1,Post-Monsoon,10.0,78.275,Original,1139.0,1980,7.6,0.52,24.0,104,51.03,239.0,13.0,269,60,0.0,591.7,470,4.798016,0.3094536,51.6755,139.33,Poor,4.8,0.31,53.32,S1 (Low),C3 (High),C3-S1,Safe (<1.25),Permissible to Doubtful,Good / Permissible,Safe (<1.0 mg/L),Acceptable (10-45 mg/L),Within Drinking Norms,Permissible / Marginal
83016A,Madurai,Melur,Chittampatti,2012-01-12,2012,1,Post-Monsoon,9.988056,78.243056,Original,2726.0,4600,8.4,0.85,21.0,22,88.695,920.0,20.0,780,192,54.0,1116.3,420,19.53083,11.70119,81.79292,280.97,Very Poor,19.52,11.7,82.83,S3 (High),C4 (Very High),C4-S3,Unsuitable (>2.5),Unsuitable,Unsuitable,Safe (<1.0 mg/L),Acceptable (10-45 mg/L),Within Drinking Norms,Unsafe for Drinking
83095,Madurai,Melur,Pulipatti,2012-01-12,2012,1,Post-Monsoon,10.084444,78.288889,Original,1696.0,2970,8.0,0.94,5.0,92,65.61,460.0,15.0,681,106,0.0,512.4,500,8.952643,0.0,65.85617,191.94,Poor,8.95,-1.59,67.11,S1 (Low),C4 (Very High),C4-S1,Safe (<1.25),Doubtful to Unsuitable,Marginal / Moderate,Safe (<1.0 mg/L),Natural Background (<10 mg/L),Within Drinking Norms,Permissible / Marginal
83506,Madurai,Melur,Kottampatti,2012-01-12,2012,1,Post-Monsoon,10.1612,78.3341,Gazetteer,572.0,1040,7.9,1.29,6.0,80,42.525,67.0,16.0,82,25,0.0,463.6,375,1.505791,0.107309,26.94653,104.52,Poor,1.51,0.11,30.72,S1 (Low),C3 (High),C3-S1,Safe (<1.25),Permissible to Doubtful,Good / Permissible,Permissible (1.0-1.5 mg/L),Natural Background (<10 mg/L),Within Drinking Norms,Permissible / Marginal
83004A,Madurai,Thirumangalam,Kallikudi,2012-01-12,2012,1,Post-Monsoon,9.7025,77.943333,Original,389.0,700,8.4,0.64,3.0,24,21.87,92.0,7.0,106,14,4.149174,175.7252,150,3.268877,0.0213155,55.74928,73.25,Good,3.27,0.02,58.23,S1 (Low),C2 (Medium),C2-S1,Safe (<1.25),Permissible to Doubtful,Good / Permissible,Safe (<1.0 mg/L),Natural Background (<10 mg/L),Within Drinking Norms,Safe Drinking Water
21001D,Madurai,Madurai South,Thiruparankundram,2014-01-08,2014,1,Post-Monsoon,9.877778,78.097222,Original,1395.0,2500,8.0,1.44,3.0,56,94.77,340.0,6.0,447,134,0.0,610.0,530,6.4261,0.0,57.91563,178.27,Poor,6.42,-0.6,58.5,S1 (Low),C4 (Very High),C4-S1,Safe (<1.25),Doubtful to Unsuitable,Marginal / Moderate,Permissible (1.0-1.5 mg/L),Natural Background (<10 mg/L),Within Drinking Norms,Permissible / Marginal
21004D,Madurai,Thirumangalam,Chinna Ulagani,2014-01-08,2014,1,Post-Monsoon,9.773611,78.052222,Original,2029.0,3540,7.6,0.59,3.0,160,85.05,474.0,5.0,929,221,0.0,280.6,750,7.532743,0.0,57.70599,212.0,Very Poor,7.53,-10.39,58.05,S1 (Low),C4 (Very High),C4-S1,Safe (<1.25),Unsuitable,Unsuitable,Safe (<1.0 mg/L),Natural Background (<10 mg/L),Within Drinking Norms,Unsafe for Drinking
21005D,Madurai,Madurai South,Eliyarpatti,2014-01-08,2014,1,Post-Monsoon,9.794444,78.090278,Original,670.0,1140,7.9,0.71,26.0,78,52.245,78.0,4.0,181,29,0.0,384.3,410,1.676436,0.0,29.03103,105.43,Poor,1.68,-1.89,29.9,S1 (Low),C3 (High),C3-S1,Safe (<1.25),Permissible to Doubtful,Good / Permissible,Safe (<1.0 mg/L),Acceptable (10-45 mg/L),Within Drinking Norms,Permissible / Marginal
21006D,Madurai,Peraiyur,Elumalai RF,2014-01-07,2014,1,Post-Monsoon,9.861111,77.7,Original,154.0,250,8.2,0.32,2.0,8,12.15,28.0,3.0,7,24,1.466766,98.45399,70,1.456208,0.2636447,45.21413,42.36,Excellent,1.46,0.26,48.05,S1 (Low),C2 (Medium),C2-S1,Safe (<1.25),Permissible to Doubtful,Good / Permissible,Safe (<1.0 mg/L),Natural Background (<10 mg/L),Within Drinking Norms,Safe Drinking Water
21007D,Madurai,Thirumangalam,Kallikudi,2014-01-08,2014,1,Post-Monsoon,9.693889,77.971111,Original,1858.0,3440,8.2,0.89,27.0,232,262.44,32.0,3.0,737,288,0.0,366.0,1660,0.3417698,0.0,4.017993,272.54,Very Poor,0.34,-27.18,4.24,S1 (Low),C4 (Very High),C4-S1,Safe (<1.25),Unsuitable,Unsuitable,Safe (<1.0 mg/L),Acceptable (10-45 mg/L),Within Drinking Norms,Unsafe for Drinking
21009D,Madurai,Thirumangalam,Kappalur,2014-01-09,2014,1,Post-Monsoon,9.843056,78.018611,Original,1019.0,1780,7.6,0.63,28.0,104,102.06,101.0,6.0,404,86,0.0,183.0,680,1.685454,0.0,24.22511,137.46,Poor,1.68,-10.59,25.06,S1 (Low),C3 (High),C3-S1,Safe (<1.25),Permissible to Doubtful,Good / Permissible,Safe (<1.0 mg/L),Acceptable (10-45 mg/L),Within Drinking Norms,Unsafe for Drinking
21012D,Madurai,Thirumangalam,Kurayur,2014-01-08,2014,1,Post-Monsoon,9.694444,78.025,Original,2377.0,4130,7.9,0.42,44.0,120,150.66,529.0,3.0,773,240,0.0,732.0,920,7.589113,0.0,55.48236,263.42,Very Poor,7.59,-6.39,55.65,S1 (Low),C4 (Very High),C4-S1,Safe (<1.25),Unsuitable,Unsuitable,Safe (<1.0 mg/L),Acceptable (10-45 mg/L),Within Drinking Norms,Unsafe for Drinking
21015D,Madurai,Peraiyur,Peraiyur,2014-01-06,2014,1,Post-Monsoon,9.74,77.793333,Original,584.0,1040,8.1,0.75,8.0,94,43.74,55.0,5.0,113,48,0.0,378.2,415,1.175049,0.0,22.12982,100.22,Poor,1.17,-2.09,23.3,S1 (Low),C3 (High),C3-S1,Safe (<1.25),Permissible to Doubtful,Good / Permissible,Safe (<1.0 mg/L),Natural Background (<10 mg/L),Within Drinking Norms,Permissible / Marginal
21016D,Madurai,Peraiyur,Subbulapuram,2014-01-09,2014,1,Post-Monsoon,9.675556,77.809444,Original,305.0,570,7.4,0.4,4.0,32,40.095,16.0,4.0,39,53,0.4004244,169.587,245,0.4448016,0.0,12.22152,52.12,Good,0.44,-2.1,14.01,S1 (Low),C2 (Medium),C2-S1,Safe (<1.25),Good to Permissible,Excellent,Safe (<1.0 mg/L),Natural Background (<10 mg/L),Within Drinking Norms,Permissible / Marginal
21026D,Madurai,Vadipatti,Senthamangalam,2014-01-02,2014,1,Post-Monsoon,10.138333,78.141111,Original,496.0,910,7.8,0.91,10.0,42,60.75,53.0,5.0,67,31,1.886544,318.0819,355,1.223995,0.0,24.19513,87.41,Good,1.22,-1.82,25.53,S1 (Low),C3 (High),C3-S1,Safe (<1.25),Permissible to Doubtful,Good / Permissible,Safe (<1.0 mg/L),Acceptable (10-45 mg/L),Within Drinking Norms,Permissible / Marginal
21027D,Madurai,Vadipatti,Thiruvedagam,2014-01-03,2014,1,Post-Monsoon,10.019444,77.972222,Original,563.0,1070,8.1,0.7,2.0,40,74.115,55.0,20.0,106,43,0.0,427.0,405,1.189147,0.0,21.75105,105.52,Poor,1.19,-1.1,26.39,S1 (Low),C3 (High),C3-S1,Safe (<1.25),Permissible to Doubtful,Good / Permissible,Safe (<1.0 mg/L),Natural Background (<10 mg/L),Within Drinking Norms,Permissible / Marginal
21028D,Madurai,Usilampatti,Veppanuthu,2014-01-07,2014,1,Post-Monsoon,9.897222,77.841667,Original,1068.0,1780,7.8,1.2,31.0,124,40.095,193.0,9.0,277,106,0.0,366.0,475,3.854426,0.0,46.34864,141.03,Poor,3.85,-3.49,47.61,S1 (Low),C3 (High),C3-S1,Safe (<1.25),Permissible to Doubtful,Good / Permissible,Permissible (1.0-1.5 mg/L),Acceptable (10-45 mg/L),Within Drinking Norms,Permissible / Marginal
21031D,Madurai,Usilampatti,Uthappanaickanur,2014-01-06,2014,1,Post-Monsoon,10.035556,77.791111,Original,884.0,950,8.2,0.23,15.0,40,30.375,69.0,86.0,106,53,0.0,268.4,225,2.001846,0.0,30.95238,119.53,Poor,2.0,-0.1,53.63,S1 (Low),C3 (High),C3-S1,Safe (<1.25),Permissible to Doubtful,Good / Permissible,Safe (<1.0 mg/L),Acceptable (10-45 mg/L),Within Drinking Norms,Permissible / Marginal
21033D,Madurai,Usilampatti,Usilampatti,2014-01-06,2014,1,Post-Monsoon,9.959722,77.791667,Original,1819.0,3220,7.8,1.38,42.0,288,155.52,124.0,8.0,638,144,0.0,549.0,1360,1.463377,0.0,16.46007,249.46,Very Poor,1.46,-18.17,17.08,S1 (Low),C4 (Very High),C4-S1,Safe (<1.25),Unsuitable,Unsuitable,Permissible (1.0-1.5 mg/L),Acceptable (10-45 mg/L),Within Drinking Norms,Unsafe for Drinking
21035D,Madurai,Madurai North,Madurai North,2014-01-09,2014,1,Post-Monsoon,9.843056,78.141667,Original,1393.0,2420,8.0,0.87,30.0,52,99.63,308.0,18.0,277,144,0.0,725.9,540,5.767024,1.105058,54.34766,180.88,Poor,5.76,1.1,56.2,S1 (Low),C4 (Very High),C4-S1,Safe (<1.25),Doubtful to Unsuitable,Marginal / Moderate,Safe (<1.0 mg/L),Acceptable (10-45 mg/L),Within Drinking Norms,Permissible / Marginal
21037D,Madurai,Thirumangalam,Kandai,2014-01-09,2014,1,Post-Monsoon,9.877778,77.913333,Original,1014.0,1830,7.9,1.18,22.0,52,104.49,164.0,7.0,184,120,0.0,579.5,560,3.015398,0.0,38.54763,150.13,Poor,3.01,-1.7,39.5,S1 (Low),C3 (High),C3-S1,Safe (<1.25),Permissible to Doubtful,Good / Permissible,Permissible (1.0-1.5 mg/L),Acceptable (10-45 mg/L),Within Drinking Norms,Permissible / Marginal
21038,Madurai,Vadipatti,Saranthangi,2014-01-02,2014,1,Post-Monsoon,10.100556,78.151944,Original,440.0,820,8.2,0.55,4.0,28,49.815,64.0,8.0,78,27,3.962247,265.9585,275,1.679255,0.0,32.80916,81.78,Good,1.68,-1.01,35.21,S1 (Low),C3 (High),C3-S1,Safe (<1.25),Permissible to Doubtful,Good / Permissible,Safe (<1.0 mg/L),Natural Background (<10 mg/L),Within Drinking Norms,Permissible / Marginal
21040,Madurai,Peraiyur,T.kallipatti,2014-01-09,2014,1,Post-Monsoon,9.715833,77.859444,Original,431.0,790,8.1,1.12,6.0,34,37.665,74.0,3.0,78,30,2.806185,237.1309,240,2.078575,0.0,39.77933,81.49,Good,2.08,-0.82,40.71,S1 (Low),C3 (High),C3-S1,Safe (<1.25),Permissible to Doubtful,Good / Permissible,Permissible (1.0-1.5 mg/L),Natural Background (<10 mg/L),Within Drinking Norms,Permissible / Marginal
21041,Madurai,Peraiyur,Sedapatti,2014-01-06,2014,1,Post-Monsoon,9.826389,77.8,Original,892.0,1570,8.4,1.82,11.0,28,70.47,198.0,2.0,113,192,6.0,463.6,360,4.540408,0.6028515,54.30399,141.91,Poor,4.54,0.6,54.61,S1 (Low),C3 (High),C3-S1,Safe (<1.25),Permissible to Doubtful,Good / Permissible,Dental Fluorosis Risk (1.5-2.0 mg/L),Acceptable (10-45 mg/L),Within Drinking Norms,Unsafe for Drinking
21043,Madurai,Usilampatti,Pullaneri,2014-01-06,2014,1,Post-Monsoon,9.9325,77.946667,Original,873.0,1590,7.9,0.51,2.0,76,99.63,92.0,9.0,298,144,0.0,292.8,600,1.634323,0.0,24.66718,128.42,Poor,1.63,-7.19,26.08,S1 (Low),C3 (High),C3-S1,Safe (<1.25),Permissible to Doubtful,Good / Permissible,Safe (<1.0 mg/L),Natural Background (<10 mg/L),Within Drinking Norms,Permissible / Marginal
21044,Madurai,Usilampatti,Sangampatti,2014-01-06,2014,1,Post-Monsoon,9.948333,77.898333,Original,621.0,1140,8.4,1.11,10.0,6,74.115,106.0,23.0,142,19,0.0,414.8,320,2.57785,0.4009321,39.75743,117.02,Poor,2.58,0.4,44.82,S1 (Low),C3 (High),C3-S1,Safe (<1.25),Permissible to Doubtful,Good / Permissible,Permissible (1.0-1.5 mg/L),Acceptable (10-45 mg/L),Within Drinking Norms,Permissible / Marginal
21048,Madurai,Peraiyur,Pappanaickenpatti,2014-01-07,2014,1,Post-Monsoon,9.820278,77.711111,Original,1059.0,1750,8.2,0.26,13.0,52,49.815,152.0,176.0,184,72,0.0,634.4,335,3.613876,3.704411,37.12869,189.03,Poor,3.61,3.7,62.4,S1 (Low),C3 (High),C3-S1,Unsuitable (>2.5),Permissible to Doubtful,Unsuitable,Safe (<1.0 mg/L),Acceptable (10-45 mg/L),Within Drinking Norms,Permissible / Marginal
21050,Madurai,Peraiyur,Mathippanur,2014-01-07,2014,1,Post-Monsoon,9.795556,77.8375,Original,827.0,1510,8.2,0.69,7.0,36,85.05,152.0,5.0,206,91,0.0,439.2,440,3.152839,0.0,42.5605,124.86,Poor,3.15,-1.6,43.37,S1 (Low),C3 (High),C3-S1,Safe (<1.25),Permissible to Doubtful,Good / Permissible,Safe (<1.0 mg/L),Natural Background (<10 mg/L),Within Drinking Norms,Permissible / Marginal
21059,Madurai,Vadipatti,Kadupatti,2014-01-03,2014,1,Post-Monsoon,10.022222,77.92,Original,675.0,1190,7.8,1.4,11.0,72,57.105,92.0,4.0,99,92,0.0,414.8,415,1.965317,0.0,32.28204,110.77,Poor,1.96,-1.5,33.1,S1 (Low),C3 (High),C3-S1,Safe (<1.25),Permissible to Doubtful,Good / Permissible,Permissible (1.0-1.5 mg/L),Acceptable (10-45 mg/L),Within Drinking Norms,Permissible / Marginal
21061,Madurai,Vadipatti,Thathampatti,2014-01-03,2014,1,Post-Monsoon,10.022222,78.015556,Original,548.0,910,7.8,0.42,18.0,60,44.955,55.0,23.0,110,43,0.0,268.4,335,1.307718,0.0,24.7294,90.21,Good,1.31,-2.3,30.8,S1 (Low),C3 (High),C3-S1,Safe (<1.25),Permissible to Doubtful,Good / Permissible,Safe (<1.0 mg/L),Acceptable (10-45 mg/L),Within Drinking Norms,Permissible / Marginal
21062,Madurai,Vadipatti,Periailandakulam,2014-01-03,2014,1,Post-Monsoon,10.068333,78.051389,Original,320.0,600,7.8,0.98,3.0,22,48.6,28.0,3.0,25,26,1.473822,248.4946,255,0.7629158,0.0,19.05474,67.73,Good,0.76,-0.98,20.25,S1 (Low),C2 (Medium),C2-S1,Safe (<1.25),Good to Permissible,Excellent,Safe (<1.0 mg/L),Natural Background (<10 mg/L),Within Drinking Norms,Permissible / Marginal
21065,Madurai,Madurai North,Mangulam,2014-01-02,2014,1,Post-Monsoon,10.035833,78.25,Original,1491.0,2440,8.1,0.99,36.0,68,97.2,221.0,164.0,319,144,0.0,634.4,570,4.027855,0.0,38.14754,239.27,Very Poor,4.03,-1.0,54.78,S1 (Low),C4 (Very High),C4-S1,Safe (<1.25),Doubtful to Unsuitable,Marginal / Moderate,Safe (<1.0 mg/L),Acceptable (10-45 mg/L),Within Drinking Norms,Permissible / Marginal
21068,Madurai,Vadipatti,Alanganallur,2014-01-02,2014,1,Post-Monsoon,10.048333,78.083889,Original,1471.0,2560,7.2,0.19,51.0,196,140.94,78.0,38.0,440,144,0.0,414.8,1070,1.037721,0.0,13.17916,195.59,Poor,1.04,-14.58,16.95,S1 (Low),C4 (Very High),C4-S1,Safe (<1.25),Doubtful to Unsuitable,Marginal / Moderate,Safe (<1.0 mg/L),Anthropogenic High (45-100 mg/L),Agricultural Fertilizer Runoff,Unsafe for Drinking
21074,Madurai,Madurai North,Chettikulam,2014-01-02,2014,1,Post-Monsoon,9.995,78.146944,Original,1248.0,2140,8.1,0.81,42.0,96,111.78,184.0,7.0,277,96,0.0,579.5,700,3.026246,0.0,36.09822,173.82,Poor,3.02,-4.49,36.89,S1 (Low),C3 (High),C3-S1,Safe (<1.25),Doubtful to Unsuitable,Good / Permissible,Safe (<1.0 mg/L),Acceptable (10-45 mg/L),Within Drinking Norms,Unsafe for Drinking
21075,Madurai,Madurai North,Chatrapatti,2014-01-02,2014,1,Post-Monsoon,10.03,78.15,Original,399.0,730,8.1,0.95,3.0,56,36.45,46.0,5.0,43,10,3.624871,306.3122,290,1.175562,0.0,25.25466,80.1,Good,1.18,-0.65,26.86,S1 (Low),C2 (Medium),C2-S1,Safe (<1.25),Good to Permissible,Excellent,Safe (<1.0 mg/L),Natural Background (<10 mg/L),Within Drinking Norms,Permissible / Marginal
21078,Madurai,Madurai North,Kalikappan,2014-01-02,2014,1,Post-Monsoon,9.939444,78.193611,Original,434.0,820,7.6,0.79,0.05,42,41.31,64.0,7.0,78,29,1.043837,278.9362,275,1.679436,0.0,32.91296,72.31,Good,1.68,-0.89,35.02,S1 (Low),C3 (High),C3-S1,Safe (<1.25),Permissible to Doubtful,Good / Permissible,Safe (<1.0 mg/L),Natural Background (<10 mg/L),Within Drinking Norms,Permissible / Marginal
21081,Madurai,Madurai North,Elamanur,2014-01-02,2014,1,Post-Monsoon,9.900556,78.210833,Original,2492.0,4650,8.1,0.73,10.0,164,320.76,285.0,11.0,1191,240,0.0,475.8,1730,2.981387,0.0,26.23264,324.53,Unsuitable,2.98,-26.79,26.82,S1 (Low),C4 (Very High),C4-S1,Safe (<1.25),Unsuitable,Unsuitable,Safe (<1.0 mg/L),Acceptable (10-45 mg/L),Within Drinking Norms,Unsafe for Drinking
21082,Madurai,Madurai South,Nallur,2014-01-08,2014,1,Post-Monsoon,9.788333,78.133333,Original,366.0,700,8.1,0.36,6.0,34,52.245,28.0,3.0,50,19,2.92314,247.0139,300,0.7034139,0.0,16.70561,72.19,Good,0.7,-1.85,17.75,S1 (Low),C2 (Medium),C2-S1,Safe (<1.25),Good to Permissible,Excellent,Safe (<1.0 mg/L),Natural Background (<10 mg/L),Within Drinking Norms,Permissible / Marginal
21083,Madurai,Madurai South,Nilaiyur,2014-01-09,2014,1,Post-Monsoon,9.855556,78.059167,Original,1126.0,1970,8.1,0.8,7.0,112,82.62,184.0,5.0,376,144,0.0,378.2,620,3.215862,0.0,39.00477,152.83,Poor,3.21,-6.19,39.62,S1 (Low),C3 (High),C3-S1,Safe (<1.25),Permissible to Doubtful,Good / Permissible,Safe (<1.0 mg/L),Natural Background (<10 mg/L),Within Drinking Norms,Unsafe for Drinking
501001,Madurai,Madurai North,Oomatchikulam,2014-01-02,2014,1,Post-Monsoon,10.005,78.148056,Original,443.0,860,8.0,1.4,6.0,20,66.825,46.0,4.0,64,39,2.700149,287.2498,325,1.110151,0.0,23.26568,91.07,Good,1.11,-1.7,24.44,S1 (Low),C3 (High),C3-S1,Safe (<1.25),Permissible to Doubtful,Good / Permissible,Permissible (1.0-1.5 mg/L),Natural Background (<10 mg/L),Within Drinking Norms,Permissible / Marginal
501002,Madurai,Vadipatti,Thanichiyam,2014-01-03,2014,1,Post-Monsoon,10.041111,78.010556,Original,441.0,850,8.1,0.93,4.0,32,63.18,37.0,11.0,78,48,2.92314,247.0139,340,0.8730883,0.0,18.52739,89.61,Good,0.87,-2.65,21.76,S1 (Low),C3 (High),C3-S1,Safe (<1.25),Permissible to Doubtful,Good / Permissible,Safe (<1.0 mg/L),Natural Background (<10 mg/L),Within Drinking Norms,Permissible / Marginal
501003,Madurai,Madurai North,Varichiyur,2014-01-02,2014,1,Post-Monsoon,9.913056,78.251111,Original,1340.0,2320,7.8,1.51,29.0,108,80.19,262.0,9.0,397,120,0.0,475.8,600,4.654794,0.0,48.25908,174.7,Poor,4.65,-4.19,49.22,S1 (Low),C4 (Very High),C4-S1,Safe (<1.25),Doubtful to Unsuitable,Marginal / Moderate,Dental Fluorosis Risk (1.5-2.0 mg/L),Acceptable (10-45 mg/L),Within Drinking Norms,Unsafe for Drinking
501004,Madurai,Madurai North,Sakkudi,2014-01-02,2014,1,Post-Monsoon,9.864167,78.223611,Original,369.0,680,8.4,1.28,4.0,24,46.17,41.0,6.0,46,53,5.071856,214.8026,250,1.128266,0.0,25.72037,85.99,Good,1.13,-1.31,27.92,S1 (Low),C2 (Medium),C2-S1,Safe (<1.25),Good to Permissible,Excellent,Permissible (1.0-1.5 mg/L),Natural Background (<10 mg/L),Within Drinking Norms,Permissible / Marginal
501005,Madurai,Madurai North,Chithakur,2014-01-02,2014,1,Post-Monsoon,9.948333,78.243611,Original,693.0,1260,8.1,1.6,4.0,30,34.02,193.0,2.0,128,38,0.0,500.2,215,5.72764,3.902345,65.88076,108.58,Poor,5.72,3.9,66.27,S1 (Low),C3 (High),C3-S1,Unsuitable (>2.5),Doubtful to Unsuitable,Unsuitable,Dental Fluorosis Risk (1.5-2.0 mg/L),Natural Background (<10 mg/L),Within Drinking Norms,Unsafe for Drinking
501006,Madurai,Madurai North,Poikaraipatti,2014-01-02,2014,1,Post-Monsoon,10.047222,78.202778,Original,754.0,1380,8.2,0.51,10.0,106,52.245,97.0,5.0,206,53,0.0,378.2,480,1.926919,0.0,30.27554,115.87,Poor,1.93,-3.39,31.18,S1 (Low),C3 (High),C3-S1,Safe (<1.25),Permissible to Doubtful,Good / Permissible,Safe (<1.0 mg/L),Acceptable (10-45 mg/L),Within Drinking Norms,Permissible / Marginal
501007,Madurai,Madurai North,Velliankundram,2014-01-02,2014,1,Post-Monsoon,10.020556,78.178333,Original,456.0,860,7.7,0.7,2.0,34,52.245,60.0,6.0,92,58,1.125259,238.8497,300,1.507316,0.0,29.79555,76.58,Good,1.51,-2.04,31.54,S1 (Low),C3 (High),C3-S1,Safe (<1.25),Permissible to Doubtful,Good / Permissible,Safe (<1.0 mg/L),Natural Background (<10 mg/L),Within Drinking Norms,Permissible / Marginal
501012,Madurai,Madurai South,Vilacherry,2014-01-09,2014,1,Post-Monsoon,9.9,78.059444,Original,373.0,690,8.0,0.95,4.0,42,40.095,37.0,5.0,60,38,2.048276,217.9017,270,0.9798784,0.0,22.56404,75.54,Good,0.98,-1.76,24.35,S1 (Low),C2 (Medium),C2-S1,Safe (<1.25),Good to Permissible,Excellent,Safe (<1.0 mg/L),Natural Background (<10 mg/L),Within Drinking Norms,Permissible / Marginal
501023,Madurai,Peraiyur,Mangalrev,2014-01-06,2014,1,Post-Monsoon,9.786111,77.797222,Original,549.0,960,8.2,1.36,7.0,24,42.525,120.0,2.0,96,79,0.0,305.0,235,3.406046,0.3023399,52.36535,96.45,Good,3.4,0.3,52.86,S1 (Low),C3 (High),C3-S1,Safe (<1.25),Permissible to Doubtful,Good / Permissible,Permissible (1.0-1.5 mg/L),Natural Background (<10 mg/L),Within Drinking Norms,Permissible / Marginal
501028,Madurai,Peraiyur,Athanur,2014-01-09,2014,1,Post-Monsoon,9.725,77.895556,Original,367.0,690,8.1,1.51,3.0,14,32.805,83.0,2.0,11,24,3.624871,306.3122,170,2.769738,1.743565,51.14048,78.0,Good,2.77,1.74,51.85,S1 (Low),C2 (Medium),C2-S1,Marginal (1.25-2.5),Permissible to Doubtful,Marginal / Moderate,Dental Fluorosis Risk (1.5-2.0 mg/L),Natural Background (<10 mg/L),Within Drinking Norms,Unsafe for Drinking
501030,Madurai,Peraiyur,Mothagam,2014-01-09,2014,1,Post-Monsoon,9.679167,77.808889,Original,1626.0,2760,7.9,0.18,30.0,32,106.92,327.0,121.0,411,192,0.0,603.9,520,6.238958,0.0,51.32386,221.03,Very Poor,6.24,-0.5,62.48,S1 (Low),C4 (Very High),C4-S1,Safe (<1.25),Doubtful to Unsuitable,Marginal / Moderate,Safe (<1.0 mg/L),Acceptable (10-45 mg/L),Within Drinking Norms,Permissible / Marginal
501032,Madurai,Peraiyur,Salichanthai,2014-01-09,2014,1,Post-Monsoon,9.728333,77.801944,Original,3629.0,6660,8.0,0.71,0.05,180,315.9,731.0,7.0,1985,240,0.0,335.5,1750,7.603303,0.0,47.49086,400.78,Unsuitable,7.6,-29.48,47.74,S1 (Low),C4 (Very High),C4-S1,Safe (<1.25),Unsuitable,Unsuitable,Safe (<1.0 mg/L),Natural Background (<10 mg/L),Within Drinking Norms,Unsafe for Drinking
501033,Madurai,Madurai North,Samayanallur,2014-01-03,2014,1,Post-Monsoon,9.980833,78.042222,Original,1078.0,1930,8.1,1.08,3.0,36,68.04,281.0,3.0,255,115,0.0,616.1,370,6.356298,2.703241,62.06056,142.89,Poor,6.35,2.7,62.44,S1 (Low),C3 (High),C3-S1,Unsuitable (>2.5),Doubtful to Unsuitable,Unsuitable,Permissible (1.0-1.5 mg/L),Natural Background (<10 mg/L),Within Drinking Norms,Permissible / Marginal
501035,Madurai,Madurai South,Nedunkulam,2014-01-08,2014,1,Post-Monsoon,9.787222,78.178056,Original,1794.0,3140,7.8,0.86,42.0,158,147.015,262.0,7.0,652,168,0.0,427.0,1000,3.60542,0.0,36.11251,223.55,Very Poor,3.6,-12.99,36.67,S1 (Low),C4 (Very High),C4-S1,Safe (<1.25),Unsuitable,Unsuitable,Safe (<1.0 mg/L),Acceptable (10-45 mg/L),Within Drinking Norms,Unsafe for Drinking
501036,Madurai,Madurai South,Othai Alangulam,2014-01-08,2014,1,Post-Monsoon,9.809722,78.055,Original,1348.0,2400,7.9,1.45,8.0,68,123.93,253.0,6.0,525,115,0.0,439.2,680,4.221506,0.0,44.46453,179.31,Poor,4.22,-6.4,45.07,S1 (Low),C4 (Very High),C4-S1,Safe (<1.25),Doubtful to Unsuitable,Marginal / Moderate,Permissible (1.0-1.5 mg/L),Natural Background (<10 mg/L),Within Drinking Norms,Unsafe for Drinking
501037,Madurai,Thirumangalam,Mykudi,2014-01-08,2014,1,Post-Monsoon,9.787778,78.016667,Original,2315.0,4030,8.1,1.67,5.0,32,136.08,644.0,4.0,978,282,0.0,420.9,640,11.07519,0.0,68.47431,255.0,Very Poor,11.07,-5.9,68.71,S2 (Medium),C4 (Very High),C4-S2,Safe (<1.25),Unsuitable,Unsuitable,Dental Fluorosis Risk (1.5-2.0 mg/L),Natural Background (<10 mg/L),Within Drinking Norms,Unsafe for Drinking
501043,Madurai,Thirumangalam,Sivarakottai,2014-01-08,2014,1,Post-Monsoon,9.744722,77.98,Original,385.0,680,8.2,1.3,7.0,8,18.225,106.0,10.0,21,34,3.815454,256.1053,95,4.731849,2.426146,68.15139,76.77,Good,4.73,2.43,71.92,S1 (Low),C2 (Medium),C2-S1,Marginal (1.25-2.5),Doubtful to Unsuitable,Marginal / Moderate,Permissible (1.0-1.5 mg/L),Natural Background (<10 mg/L),Within Drinking Norms,Permissible / Marginal
501050,Madurai,Usilampatti,Thumbalapatti,2014-01-07,2014,1,Post-Monsoon,9.869444,77.776111,Original,1058.0,1910,7.8,1.23,14.0,68,123.93,138.0,9.0,425,72,0.0,317.2,680,2.302639,0.0,30.27931,153.68,Poor,2.3,-8.39,31.43,S1 (Low),C3 (High),C3-S1,Safe (<1.25),Permissible to Doubtful,Good / Permissible,Permissible (1.0-1.5 mg/L),Acceptable (10-45 mg/L),Within Drinking Norms,Unsafe for Drinking
501053,Madurai,Vadipatti,Alagapuri,2014-01-03,2014,1,Post-Monsoon,10.056389,78.069722,Original,703.0,1370,8.4,1.08,4.0,24,103.275,92.0,3.0,160,67,0.0,475.8,485,1.817489,0.0,29.05209,127.05,Poor,1.82,-1.9,29.6,S1 (Low),C3 (High),C3-S1,Safe (<1.25),Permissible to Doubtful,Good / Permissible,Permissible (1.0-1.5 mg/L),Natural Background (<10 mg/L),Within Drinking Norms,Permissible / Marginal
501054,Madurai,Vadipatti,Manickampatti,2014-01-02,2014,1,Post-Monsoon,10.104444,78.125278,Original,1219.0,2110,8.2,0.74,25.0,24,82.62,299.0,8.0,355,115,6.0,439.2,400,6.504378,0.0,61.32856,154.33,Poor,6.5,-0.6,62.28,S1 (Low),C3 (High),C3-S1,Safe (<1.25),Doubtful to Unsuitable,Marginal / Moderate,Safe (<1.0 mg/L),Acceptable (10-45 mg/L),Within Drinking Norms,Permissible / Marginal
81001B,Madurai,Madurai North,Kochadai,2014-01-06,2014,1,Post-Monsoon,9.943333,78.0775,Original,606.0,1110,7.9,0.61,1.0,54,58.32,97.0,2.0,138,70,0.0,366.0,375,2.179705,0.0,35.86494,94.75,Good,2.18,-1.5,36.29,S1 (Low),C3 (High),C3-S1,Safe (<1.25),Permissible to Doubtful,Good / Permissible,Safe (<1.0 mg/L),Natural Background (<10 mg/L),Within Drinking Norms,Permissible / Marginal
83005,Madurai,Madurai South,Thiruparankundram,2014-01-08,2014,1,Post-Monsoon,9.879167,78.114444,Original,1704.0,2900,7.9,1.41,12.0,40,97.2,460.0,7.0,553,192,0.0,603.9,500,8.950675,0.0,66.29303,198.01,Poor,8.95,-0.1,66.87,S1 (Low),C4 (Very High),C4-S1,Safe (<1.25),Doubtful to Unsuitable,Marginal / Moderate,Permissible (1.0-1.5 mg/L),Acceptable (10-45 mg/L),Within Drinking Norms,Permissible / Marginal
83006A,Madurai,Thirumangalam,Sathankudi,2014-01-09,2014,1,Post-Monsoon,9.7891,77.962,Gazetteer,1899.0,3190,8.2,1.09,56.0,24,179.82,322.0,96.0,581,240,0.0,414.8,800,4.952767,0.0,43.15414,265.79,Very Poor,4.95,-9.2,50.71,S1 (Low),C4 (Very High),C4-S1,Safe (<1.25),Unsuitable,Unsuitable,Permissible (1.0-1.5 mg/L),Anthropogenic High (45-100 mg/L),Urban Domestic / Septic Leaching,Unsafe for Drinking
83007B,Madurai,Peraiyur,Chinnakattalai,2014-01-06,2014,1,Post-Monsoon,9.951944,77.800556,Well-History,1111.0,1910,7.8,1.4,7.0,32,82.62,253.0,7.0,319,192,0.0,390.4,420,5.371249,0.0,56.20618,145.7,Poor,5.37,-2.0,57.11,S1 (Low),C3 (High),C3-S1,Safe (<1.25),Permissible to Doubtful,Good / Permissible,Permissible (1.0-1.5 mg/L),Natural Background (<10 mg/L),Within Drinking Norms,Permissible / Marginal
83008,Madurai,Peraiyur,Elumalai,2014-01-07,2014,1,Post-Monsoon,9.861111,77.701111,Village-Centroid,739.0,1280,8.1,1.3,35.0,24,95.985,87.0,4.0,135,77,0.0,317.2,455,1.774481,0.0,29.14871,125.11,Poor,1.77,-3.9,29.92,S1 (Low),C3 (High),C3-S1,Safe (<1.25),Permissible to Doubtful,Good / Permissible,Permissible (1.0-1.5 mg/L),Acceptable (10-45 mg/L),Within Drinking Norms,Permissible / Marginal
83014B,Madurai,Vadipatti,Mullipallam,2014-01-03,2014,1,Post-Monsoon,10.019444,77.950556,Original,736.0,1280,8.1,1.41,1.0,20,38.88,207.0,4.0,181,72,0.0,414.8,210,6.215236,2.601663,67.68014,108.68,Poor,6.21,2.6,68.44,S1 (Low),C3 (High),C3-S1,Unsuitable (>2.5),Doubtful to Unsuitable,Unsuitable,Permissible (1.0-1.5 mg/L),Natural Background (<10 mg/L),Within Drinking Norms,Permissible / Marginal
83020A,Madurai,Vadipatti,Valayapatti,2014-01-02,2014,1,Post-Monsoon,10.0881,77.9942,Gazetteer,655.0,1220,7.8,1.14,8.0,26,89.91,92.0,3.0,142,29,0.0,475.8,435,1.919144,0.0,31.32623,109.49,Poor,1.92,-0.9,31.91,S1 (Low),C3 (High),C3-S1,Safe (<1.25),Permissible to Doubtful,Good / Permissible,Permissible (1.0-1.5 mg/L),Natural Background (<10 mg/L),Within Drinking Norms,Permissible / Marginal
83048,Madurai,Thirumangalam,Puliankulam (M),2014-01-08,2014,1,Post-Monsoon,9.651667,77.909167,Original,575.0,1060,8.1,1.02,3.0,16,44.955,143.0,2.0,89,53,0.0,427.0,225,4.147817,2.50136,57.75964,93.98,Good,4.15,2.5,58.22,S1 (Low),C3 (High),C3-S1,Unsuitable (>2.5),Permissible to Doubtful,Unsuitable,Permissible (1.0-1.5 mg/L),Natural Background (<10 mg/L),Within Drinking Norms,Permissible / Marginal
83063,Madurai,Thirumangalam,Thangalacheri,2014-01-09,2014,1,Post-Monsoon,9.836058,77.868835,Village-Centroid,1360.0,2290,7.8,0.46,56.0,76,119.07,207.0,12.0,326,192,0.0,359.9,680,3.454045,0.0,39.31585,173.74,Poor,3.45,-7.69,40.64,S1 (Low),C4 (Very High),C4-S1,Safe (<1.25),Doubtful to Unsuitable,Marginal / Moderate,Safe (<1.0 mg/L),Anthropogenic High (45-100 mg/L),Agricultural Fertilizer Runoff,Unsafe for Drinking
83072A,Madurai,Usilampatti,Valandur,2014-01-06,2014,1,Post-Monsoon,9.949722,77.871944,Well-History,786.0,1410,7.9,2.38,5.0,18,61.965,198.0,2.0,142,96,0.0,488.0,300,4.97358,2.001707,58.74474,126.83,Poor,4.97,2.0,59.08,S1 (Low),C3 (High),C3-S1,Marginal (1.25-2.5),Permissible to Doubtful,Marginal / Moderate,Skeletal Fluorosis Risk (>2.0 mg/L),Natural Background (<10 mg/L),Within Drinking Norms,Unsafe for Drinking
83080A,Madurai,Vadipatti,Nagari,2014-01-03,2014,1,Post-Monsoon,10.019444,78.016389,Village-Centroid,421.0,780,8.2,1.38,4.0,12,40.095,90.0,4.0,53,34,4.10904,275.8117,195,2.804085,0.7596951,49.45858,84.35,Good,2.8,0.76,50.74,S1 (Low),C3 (High),C3-S1,Safe (<1.25),Permissible to Doubtful,Good / Permissible,Permissible (1.0-1.5 mg/L),Natural Background (<10 mg/L),Within Drinking Norms,Permissible / Marginal
83082,Madurai,Usilampatti,Uthappanaickanur,2014-01-06,2014,1,Post-Monsoon,10.033333,77.787778,Original,1089.0,2020,7.9,1.4,18.0,108,150.66,46.0,34.0,333,72,0.0,524.6,890,0.6709401,0.0,9.685916,183.07,Poor,0.67,-9.19,13.89,S1 (Low),C3 (High),C3-S1,Safe (<1.25),Doubtful to Unsuitable,Good / Permissible,Permissible (1.0-1.5 mg/L),Acceptable (10-45 mg/L),Within Drinking Norms,Unsafe for Drinking
83092AY,Madurai,Vadipatti,Nirathan,2014-01-03,2014,1,Post-Monsoon,10.0525,77.975556,Well-History,358.0,660,7.9,1.33,1.0,32,29.16,64.0,2.0,35,43,1.778429,238.1819,200,1.969343,0.0,40.75029,71.91,Good,1.97,-0.03,41.49,S1 (Low),C2 (Medium),C2-S1,Safe (<1.25),Permissible to Doubtful,Good / Permissible,Permissible (1.0-1.5 mg/L),Natural Background (<10 mg/L),Within Drinking Norms,Permissible / Marginal
83099,Madurai,Madurai North,Kadavur,2014-01-02,2014,1,Post-Monsoon,10.075,78.175,Original,506.0,980,7.8,0.63,4.0,80,64.395,14.0,9.0,67,35,0.0,433.1,465,0.2825329,0.0,6.011224,93.83,Good,0.28,-2.19,8.28,S1 (Low),C3 (High),C3-S1,Safe (<1.25),Permissible to Doubtful,Good / Permissible,Safe (<1.0 mg/L),Natural Background (<10 mg/L),Within Drinking Norms,Permissible / Marginal
21001D,Madurai,Madurai South,Thiruparankundram,2014-07-07,2014,7,Pre-Monsoon,9.877778,78.097222,Original,1210.0,2170,8.2,1.3,1.0,32,55.89,359.0,5.0,347,130,0.0,506.3,310,8.871925,2.102892,71.17575,151.82,Poor,8.87,2.1,71.75,S1 (Low),C3 (High),C3-S1,Marginal (1.25-2.5),Doubtful to Unsuitable,Marginal / Moderate,Permissible (1.0-1.5 mg/L),Natural Background (<10 mg/L),Within Drinking Norms,Permissible / Marginal
21004D,Madurai,Thirumangalam,Chinna Ulagani,2014-07-07,2014,7,Pre-Monsoon,9.773611,78.052222,Original,371.0,670,8.1,0.26,6.0,36,30.375,60.0,3.0,64,13,2.630753,222.3063,215,1.780718,0.0,37.37623,65.38,Good,1.78,-0.57,38.46,S1 (Low),C2 (Medium),C2-S1,Safe (<1.25),Good to Permissible,Excellent,Safe (<1.0 mg/L),Natural Background (<10 mg/L),Within Drinking Norms,Permissible / Marginal
21005D,Madurai,Madurai South,Eliyarpatti,2014-07-07,2014,7,Pre-Monsoon,9.794444,78.090278,Original,482.0,860,8.6,0.71,17.0,50,51.03,46.0,5.0,110,13,7.928706,211.8722,335,1.093659,0.0,22.67766,95.81,Good,1.09,-2.96,24.12,S1 (Low),C3 (High),C3-S1,Safe (<1.25),Permissible to Doubtful,Good / Permissible,Safe (<1.0 mg/L),Acceptable (10-45 mg/L),Within Drinking Norms,Unsafe for Drinking
21006D,Madurai,Peraiyur,Elumalai RF,2014-07-02,2014,7,Pre-Monsoon,9.861111,77.7,Original,439.0,850,8.7,1.09,6.0,36,64.395,35.0,9.0,50,34,13.48631,286.2631,355,0.80827,0.0,17.20612,102.32,Poor,0.81,-1.96,19.8,S1 (Low),C3 (High),C3-S1,Safe (<1.25),Permissible to Doubtful,Good / Permissible,Permissible (1.0-1.5 mg/L),Natural Background (<10 mg/L),Within Drinking Norms,Unsafe for Drinking
21009D,Madurai,Thirumangalam,Kappalur,2014-07-08,2014,7,Pre-Monsoon,9.843056,78.018611,Original,1989.0,3540,7.8,0.89,80.0,24,277.02,267.0,2.0,766,144,0.0,311.1,1200,3.353115,0.0,32.57007,257.45,Very Poor,3.35,-18.9,32.7,S1 (Low),C4 (Very High),C4-S1,Safe (<1.25),Unsuitable,Unsuitable,Safe (<1.0 mg/L),Anthropogenic High (45-100 mg/L),Urban Domestic / Septic Leaching,Unsafe for Drinking
21012D,Madurai,Thirumangalam,Kurayur,2014-07-07,2014,7,Pre-Monsoon,9.694444,78.025,Original,159.0,290,8.6,0.1,4.0,2,27.945,13.0,4.0,28,18,2.878596,76.92235,120,0.5162708,0.0,18.4365,51.34,Good,0.52,-1.04,21.76,S1 (Low),C2 (Medium),C2-S1,Safe (<1.25),Good to Permissible,Excellent,Safe (<1.0 mg/L),Natural Background (<10 mg/L),Within Drinking Norms,Unsafe for Drinking
21015D,Madurai,Peraiyur,Peraiyur,2014-07-01,2014,7,Pre-Monsoon,9.74,77.793333,Original,350.0,610,8.4,0.38,5.0,36,29.16,51.0,3.0,71,36,3.918503,165.9559,210,1.531537,0.0,34.17513,69.65,Good,1.53,-1.35,35.35,S1 (Low),C2 (Medium),C2-S1,Safe (<1.25),Good to Permissible,Excellent,Safe (<1.0 mg/L),Natural Background (<10 mg/L),Within Drinking Norms,Permissible / Marginal
21016D,Madurai,Peraiyur,Subbulapuram,2014-07-08,2014,7,Pre-Monsoon,9.675556,77.809444,Original,320.0,550,7.8,0.38,8.0,56,30.375,10.0,6.0,39,41,0.9726593,163.9958,265,0.2673503,0.0,7.39426,60.6,Good,0.27,-2.57,10.0,S1 (Low),C2 (Medium),C2-S1,Safe (<1.25),Good to Permissible,Excellent,Safe (<1.0 mg/L),Natural Background (<10 mg/L),Within Drinking Norms,Permissible / Marginal
21026D,Madurai,Vadipatti,Senthamangalam,2014-07-03,2014,7,Pre-Monsoon,10.138333,78.141111,Original,533.0,950,8.6,1.2,12.0,14,47.385,120.0,6.0,74,25,12.0,366.0,230,3.442569,1.801343,52.34869,102.67,Poor,3.44,1.8,53.87,S1 (Low),C3 (High),C3-S1,Marginal (1.25-2.5),Permissible to Doubtful,Marginal / Moderate,Permissible (1.0-1.5 mg/L),Acceptable (10-45 mg/L),Within Drinking Norms,Unsafe for Drinking
21027D,Madurai,Vadipatti,Thiruvedagam,2014-07-04,2014,7,Pre-Monsoon,10.019444,77.972222,Original,286.0,510,8.7,1.1,5.0,32,35.235,28.0,4.0,25,15,9.212072,195.5373,225,0.812282,0.0,20.93886,79.79,Good,0.81,-0.99,22.69,S1 (Low),C2 (Medium),C2-S1,Safe (<1.25),Good to Permissible,Excellent,Permissible (1.0-1.5 mg/L),Natural Background (<10 mg/L),Within Drinking Norms,Unsafe for Drinking
21028D,Madurai,Usilampatti,Veppanuthu,2014-07-02,2014,7,Pre-Monsoon,9.897222,77.841667,Original,359.0,660,8.5,0.52,4.0,26,32.805,64.0,4.0,74,26,5.480226,184.3617,200,1.969218,0.0,40.44445,74.08,Good,1.97,-0.79,41.92,S1 (Low),C2 (Medium),C2-S1,Safe (<1.25),Permissible to Doubtful,Good / Permissible,Safe (<1.0 mg/L),Natural Background (<10 mg/L),Within Drinking Norms,Safe Drinking Water
21033D,Madurai,Usilampatti,Usilampatti,2014-07-01,2014,7,Pre-Monsoon,9.959722,77.791667,Original,1533.0,2700,8.4,1.3,25.0,48,133.65,322.0,10.0,447,143,6.0,622.2,670,5.412448,0.0,50.64592,206.26,Very Poor,5.41,-3.0,51.56,S1 (Low),C4 (Very High),C4-S1,Safe (<1.25),Doubtful to Unsuitable,Marginal / Moderate,Permissible (1.0-1.5 mg/L),Acceptable (10-45 mg/L),Within Drinking Norms,Unsafe for Drinking
21035D,Madurai,Madurai North,Madurai North,2014-07-08,2014,7,Pre-Monsoon,9.843056,78.141667,Original,1316.0,2240,8.8,0.63,32.0,48,60.75,350.0,7.0,340,125,18.0,451.4,370,7.917641,0.6046095,66.77959,168.09,Poor,7.91,0.6,67.55,S1 (Low),C3 (High),C3-S1,Safe (<1.25),Doubtful to Unsuitable,Marginal / Moderate,Safe (<1.0 mg/L),Acceptable (10-45 mg/L),Within Drinking Norms,Unsafe for Drinking
21037D,Madurai,Thirumangalam,Kandai,2014-07-08,2014,7,Pre-Monsoon,9.877778,77.913333,Original,1194.0,2040,8.9,1.2,22.0,4,89.91,308.0,5.0,277,103,18.0,585.6,380,6.873502,2.600642,63.42424,169.56,Poor,6.87,2.6,64.01,S1 (Low),C3 (High),C3-S1,Unsuitable (>2.5),Doubtful to Unsuitable,Unsuitable,Permissible (1.0-1.5 mg/L),Acceptable (10-45 mg/L),Within Drinking Norms,Unsafe for Drinking
21038,Madurai,Vadipatti,Saranthangi,2014-07-03,2014,7,Pre-Monsoon,10.100556,78.151944,Original,484.0,980,7.7,1.15,6.0,16,74.115,64.0,5.0,14,24,1.992736,422.9822,345,1.499072,0.102422,28.38063,89.48,Good,1.5,0.1,29.67,S1 (Low),C3 (High),C3-S1,Safe (<1.25),Permissible to Doubtful,Good / Permissible,Permissible (1.0-1.5 mg/L),Natural Background (<10 mg/L),Within Drinking Norms,Permissible / Marginal
21040,Madurai,Peraiyur,T.kallipatti,2014-07-08,2014,7,Pre-Monsoon,9.715833,77.859444,Original,979.0,1690,8.1,0.26,38.0,48,82.62,170.0,18.0,213,72,0.0,414.8,460,3.448858,0.0,43.37251,136.58,Poor,3.45,-2.4,46.06,S1 (Low),C3 (High),C3-S1,Safe (<1.25),Permissible to Doubtful,Good / Permissible,Safe (<1.0 mg/L),Acceptable (10-45 mg/L),Within Drinking Norms,Permissible / Marginal
21041,Madurai,Peraiyur,Sedapatti,2014-07-01,2014,7,Pre-Monsoon,9.826389,77.8,Original,842.0,1430,8.8,1.14,15.0,30,58.32,189.0,4.0,131,168,18.0,353.8,315,4.633439,0.1030713,56.23332,133.36,Poor,4.63,0.1,56.92,S1 (Low),C3 (High),C3-S1,Safe (<1.25),Permissible to Doubtful,Good / Permissible,Permissible (1.0-1.5 mg/L),Acceptable (10-45 mg/L),Within Drinking Norms,Unsafe for Drinking
21043,Madurai,Usilampatti,Pullaneri,2014-07-01,2014,7,Pre-Monsoon,9.9325,77.946667,Original,918.0,1630,8.2,0.35,22.0,48,102.06,124.0,17.0,284,101,0.0,292.8,540,2.321752,0.0,32.44872,136.83,Poor,2.32,-6.0,35.05,S1 (Low),C3 (High),C3-S1,Safe (<1.25),Permissible to Doubtful,Good / Permissible,Safe (<1.0 mg/L),Acceptable (10-45 mg/L),Within Drinking Norms,Permissible / Marginal
21044,Madurai,Usilampatti,Sangampatti,2014-07-01,2014,7,Pre-Monsoon,9.948333,77.898333,Original,872.0,1590,8.6,0.85,12.0,36,77.76,161.0,22.0,248,84,12.0,353.8,410,3.459585,0.0,44.43296,139.92,Poor,3.46,-2.0,47.99,S1 (Low),C3 (High),C3-S1,Safe (<1.25),Permissible to Doubtful,Good / Permissible,Safe (<1.0 mg/L),Acceptable (10-45 mg/L),Within Drinking Norms,Unsafe for Drinking
21048,Madurai,Peraiyur,Pappanaickenpatti,2014-07-02,2014,7,Pre-Monsoon,9.820278,77.711111,Original,1443.0,2590,8.0,0.71,10.0,60,70.47,373.0,31.0,518,81,0.0,530.7,440,7.737794,0.0,62.86022,175.39,Poor,7.73,-0.1,65.92,S1 (Low),C4 (Very High),C4-S1,Safe (<1.25),Doubtful to Unsuitable,Marginal / Moderate,Safe (<1.0 mg/L),Acceptable (10-45 mg/L),Within Drinking Norms,Permissible / Marginal
21050,Madurai,Peraiyur,Mathippanur,2014-07-02,2014,7,Pre-Monsoon,9.795556,77.8375,Original,1259.0,2230,7.3,0.64,39.0,80,133.65,166.0,8.0,319,131,0.0,500.2,750,2.637454,0.0,32.21271,162.51,Poor,2.64,-6.79,33.11,S1 (Low),C3 (High),C3-S1,Safe (<1.25),Doubtful to Unsuitable,Good / Permissible,Safe (<1.0 mg/L),Acceptable (10-45 mg/L),Within Drinking Norms,Unsafe for Drinking
21059,Madurai,Vadipatti,Kadupatti,2014-07-04,2014,7,Pre-Monsoon,10.022222,77.92,Original,510.0,910,8.3,1.29,8.0,24,34.02,117.0,2.0,96,58,6.0,274.5,200,3.599901,0.7022616,55.69582,91.95,Good,3.6,0.7,56.24,S1 (Low),C3 (High),C3-S1,Safe (<1.25),Permissible to Doubtful,Good / Permissible,Permissible (1.0-1.5 mg/L),Natural Background (<10 mg/L),Within Drinking Norms,Permissible / Marginal
21061,Madurai,Vadipatti,Thathampatti,2014-07-04,2014,7,Pre-Monsoon,10.022222,78.015556,Original,603.0,1180,8.3,1.01,1.0,22,64.395,122.0,6.0,78,43,6.0,512.4,320,2.967273,2.202075,44.75591,107.76,Poor,2.97,2.2,46.04,S1 (Low),C3 (High),C3-S1,Marginal (1.25-2.5),Permissible to Doubtful,Marginal / Moderate,Permissible (1.0-1.5 mg/L),Natural Background (<10 mg/L),Within Drinking Norms,Permissible / Marginal
21062,Madurai,Vadipatti,Periailandakulam,2014-07-04,2014,7,Pre-Monsoon,10.068333,78.051389,Original,1252.0,2180,8.4,0.38,26.0,12,72.9,350.0,9.0,291,91,6.0,610.0,330,8.382121,3.601061,69.0376,155.17,Poor,8.38,3.6,70.07,S1 (Low),C3 (High),C3-S1,Unsuitable (>2.5),Doubtful to Unsuitable,Unsuitable,Safe (<1.0 mg/L),Acceptable (10-45 mg/L),Within Drinking Norms,Permissible / Marginal
21065,Madurai,Madurai North,Mangulam,2014-07-03,2014,7,Pre-Monsoon,10.035833,78.25,Original,622.0,1100,8.8,1.4,4.0,28,21.87,175.0,4.0,149,53,18.0,311.1,160,6.020718,2.502357,69.76286,107.78,Poor,6.02,2.5,70.69,S1 (Low),C3 (High),C3-S1,Unsuitable (>2.5),Doubtful to Unsuitable,Unsuitable,Permissible (1.0-1.5 mg/L),Natural Background (<10 mg/L),Within Drinking Norms,Unsafe for Drinking
21068,Madurai,Vadipatti,Alanganallur,2014-07-03,2014,7,Pre-Monsoon,10.048333,78.083889,Original,287.0,510,8.1,0.2,7.0,34,24.3,35.0,6.0,64,5,1.636635,138.3004,185,1.119851,0.0,28.33855,56.81,Good,1.12,-1.38,31.18,S1 (Low),C2 (Medium),C2-S1,Safe (<1.25),Good to Permissible,Excellent,Safe (<1.0 mg/L),Natural Background (<10 mg/L),Within Drinking Norms,Safe Drinking Water
21074,Madurai,Madurai North,Chettikulam,2014-07-03,2014,7,Pre-Monsoon,9.995,78.146944,Original,881.0,1530,8.7,1.3,27.0,20,77.76,184.0,8.0,230,51,18.0,378.2,370,4.161751,0.0,51.28853,141.91,Poor,4.16,-0.6,52.58,S1 (Low),C3 (High),C3-S1,Safe (<1.25),Permissible to Doubtful,Good / Permissible,Permissible (1.0-1.5 mg/L),Acceptable (10-45 mg/L),Within Drinking Norms,Unsafe for Drinking
21075,Madurai,Madurai North,Chatrapatti,2014-07-03,2014,7,Pre-Monsoon,10.03,78.15,Original,299.0,570,8.9,0.69,2.0,14,25.515,69.0,4.0,57,6,13.17342,176.4294,140,2.537385,0.5327797,50.85383,75.0,Good,2.54,0.53,52.57,S1 (Low),C2 (Medium),C2-S1,Safe (<1.25),Permissible to Doubtful,Good / Permissible,Safe (<1.0 mg/L),Natural Background (<10 mg/L),Within Drinking Norms,Unsafe for Drinking
21078,Madurai,Madurai North,Kalikappan,2014-07-03,2014,7,Pre-Monsoon,9.939444,78.193611,Original,367.0,660,8.5,0.52,3.0,24,29.16,74.0,6.0,85,25,5.335889,179.506,180,2.400089,0.0,46.1843,73.88,Good,2.4,-0.48,48.37,S1 (Low),C2 (Medium),C2-S1,Safe (<1.25),Permissible to Doubtful,Good / Permissible,Safe (<1.0 mg/L),Natural Background (<10 mg/L),Within Drinking Norms,Safe Drinking Water
21081,Madurai,Madurai North,Elamanur,2014-07-03,2014,7,Pre-Monsoon,9.900556,78.210833,Original,362.0,690,8.2,1.0,3.0,30,44.955,41.0,5.0,64,24,3.375075,226.5457,260,1.106401,0.0,25.09118,78.69,Good,1.11,-1.37,26.88,S1 (Low),C2 (Medium),C2-S1,Safe (<1.25),Good to Permissible,Excellent,Permissible (1.0-1.5 mg/L),Natural Background (<10 mg/L),Within Drinking Norms,Permissible / Marginal
21082,Madurai,Madurai South,Nallur,2014-07-07,2014,7,Pre-Monsoon,9.788333,78.133333,Original,303.0,560,8.3,0.1,6.0,24,35.235,37.0,4.0,50,10,3.496098,186.4041,205,1.124454,0.0,27.70619,62.14,Good,1.12,-0.93,29.46,S1 (Low),C2 (Medium),C2-S1,Safe (<1.25),Good to Permissible,Excellent,Safe (<1.0 mg/L),Natural Background (<10 mg/L),Within Drinking Norms,Permissible / Marginal
21083,Madurai,Madurai South,Nilaiyur,2014-07-08,2014,7,Pre-Monsoon,9.855556,78.059167,Original,1160.0,2020,8.3,0.67,31.0,16,87.48,290.0,7.0,397,43,6.0,353.8,400,6.308327,0.0,60.67384,149.59,Poor,6.3,-2.0,61.52,S1 (Low),C3 (High),C3-S1,Safe (<1.25),Doubtful to Unsuitable,Marginal / Moderate,Safe (<1.0 mg/L),Acceptable (10-45 mg/L),Within Drinking Norms,Permissible / Marginal
501001,Madurai,Madurai North,Oomatchikulam,2014-07-03,2014,7,Pre-Monsoon,10.005,78.148056,Original,470.0,890,8.3,1.4,5.0,22,53.46,78.0,3.0,78,35,5.429167,289.4711,275,2.046497,0.0,37.83852,94.54,Good,2.05,-0.57,38.68,S1 (Low),C3 (High),C3-S1,Safe (<1.25),Permissible to Doubtful,Good / Permissible,Permissible (1.0-1.5 mg/L),Natural Background (<10 mg/L),Within Drinking Norms,Permissible / Marginal
501003,Madurai,Madurai North,Varichiyur,2014-07-03,2014,7,Pre-Monsoon,9.913056,78.251111,Original,1216.0,2110,8.0,0.78,30.0,64,87.48,253.0,8.0,411,77,0.0,366.0,520,4.827712,0.0,50.94394,155.75,Poor,4.83,-4.4,51.88,S1 (Low),C3 (High),C3-S1,Safe (<1.25),Doubtful to Unsuitable,Good / Permissible,Safe (<1.0 mg/L),Acceptable (10-45 mg/L),Within Drinking Norms,Permissible / Marginal
501004,Madurai,Madurai North,Sakkudi,2014-07-03,2014,7,Pre-Monsoon,9.864167,78.223611,Original,1026.0,1810,8.7,0.71,10.0,24,51.03,299.0,8.0,298,34,18.0,500.2,270,7.91736,3.402065,69.89627,138.87,Poor,7.91,3.4,70.98,S1 (Low),C3 (High),C3-S1,Unsuitable (>2.5),Doubtful to Unsuitable,Unsuitable,Safe (<1.0 mg/L),Acceptable (10-45 mg/L),Within Drinking Norms,Unsafe for Drinking
501005,Madurai,Madurai North,Chithakur,2014-07-03,2014,7,Pre-Monsoon,9.948333,78.243611,Original,814.0,1490,8.1,1.6,2.0,32,38.88,235.0,2.0,142,51,0.0,603.9,240,6.600763,5.102395,67.83239,120.36,Poor,6.6,5.1,68.16,S1 (Low),C3 (High),C3-S1,Unsuitable (>2.5),Doubtful to Unsuitable,Unsuitable,Dental Fluorosis Risk (1.5-2.0 mg/L),Natural Background (<10 mg/L),Within Drinking Norms,Unsafe for Drinking
501006,Madurai,Madurai North,Poikaraipatti,2014-07-03,2014,7,Pre-Monsoon,10.047222,78.202778,Original,673.0,1180,8.4,0.22,4.0,20,29.16,198.0,4.0,152,53,6.0,390.4,170,6.607821,3.201551,71.10476,93.59,Good,6.6,3.2,71.94,S1 (Low),C3 (High),C3-S1,Unsuitable (>2.5),Doubtful to Unsuitable,Unsuitable,Safe (<1.0 mg/L),Natural Background (<10 mg/L),Within Drinking Norms,Permissible / Marginal
501007,Madurai,Madurai North,Velliankundram,2014-07-03,2014,7,Pre-Monsoon,10.020556,78.178333,Original,485.0,900,7.7,0.35,1.0,40,41.31,87.0,5.0,110,41,1.21904,258.7559,270,2.304002,0.0,40.65769,72.09,Good,2.3,-1.11,42.02,S1 (Low),C3 (High),C3-S1,Safe (<1.25),Permissible to Doubtful,Good / Permissible,Safe (<1.0 mg/L),Natural Background (<10 mg/L),Within Drinking Norms,Permissible / Marginal
501012,Madurai,Madurai South,Vilacherry,2014-07-08,2014,7,Pre-Monsoon,9.9,78.059444,Original,560.0,1020,8.1,0.89,4.0,44,58.32,83.0,6.0,117,56,0.0,353.8,350,1.930496,0.0,33.55732,98.14,Good,1.93,-1.2,34.97,S1 (Low),C3 (High),C3-S1,Safe (<1.25),Permissible to Doubtful,Good / Permissible,Safe (<1.0 mg/L),Natural Background (<10 mg/L),Within Drinking Norms,Permissible / Marginal
501023,Madurai,Peraiyur,Mangalrev,2014-07-01,2014,7,Pre-Monsoon,9.786111,77.797222,Original,1714.0,3040,8.0,1.3,6.0,72,126.36,377.0,9.0,638,264,0.0,402.6,700,6.200065,0.0,53.55547,209.79,Very Poor,6.2,-7.39,54.29,S1 (Low),C4 (Very High),C4-S1,Safe (<1.25),Unsuitable,Unsuitable,Permissible (1.0-1.5 mg/L),Natural Background (<10 mg/L),Within Drinking Norms,Unsafe for Drinking
501028,Madurai,Peraiyur,Athanur,2014-07-08,2014,7,Pre-Monsoon,9.725,77.895556,Original,455.0,790,8.5,0.52,6.0,36,25.515,83.0,16.0,117,60,4.181197,140.6607,195,2.586663,0.0,45.60946,84.14,Good,2.59,-1.45,50.77,S1 (Low),C3 (High),C3-S1,Safe (<1.25),Permissible to Doubtful,Good / Permissible,Safe (<1.0 mg/L),Natural Background (<10 mg/L),Within Drinking Norms,Safe Drinking Water
501030,Madurai,Peraiyur,Mothagam,2014-07-08,2014,7,Pre-Monsoon,9.679167,77.808889,Original,1598.0,2680,8.7,0.16,17.0,52,87.48,299.0,164.0,411,226,18.0,530.7,490,5.87733,0.0,48.18037,242.06,Very Poor,5.87,-0.5,63.71,S1 (Low),C4 (Very High),C4-S1,Safe (<1.25),Doubtful to Unsuitable,Marginal / Moderate,Safe (<1.0 mg/L),Acceptable (10-45 mg/L),Within Drinking Norms,Unsafe for Drinking
501032,Madurai,Peraiyur,Salichanthai,2014-07-08,2014,7,Pre-Monsoon,9.728333,77.801944,Original,2148.0,3880,8.2,0.28,7.0,120,155.52,460.0,6.0,1106,130,0.0,274.5,940,6.528608,0.0,51.37288,241.7,Very Poor,6.53,-14.29,51.75,S1 (Low),C4 (Very High),C4-S1,Safe (<1.25),Unsuitable,Unsuitable,Safe (<1.0 mg/L),Natural Background (<10 mg/L),Within Drinking Norms,Unsafe for Drinking
501033,Madurai,Madurai North,Samayanallur,2014-07-04,2014,7,Pre-Monsoon,9.980833,78.042222,Original,489.0,960,7.5,1.13,4.0,50,57.105,58.0,4.0,18,20,1.274358,428.7098,360,1.33019,0.0,25.69244,84.6,Good,1.33,-0.13,26.72,S1 (Low),C3 (High),C3-S1,Safe (<1.25),Permissible to Doubtful,Good / Permissible,Permissible (1.0-1.5 mg/L),Natural Background (<10 mg/L),Within Drinking Norms,Permissible / Marginal
501035,Madurai,Madurai South,Nedunkulam,2014-07-07,2014,7,Pre-Monsoon,9.787222,78.178056,Original,526.0,950,8.2,0.57,11.0,32,52.245,76.0,16.0,131,47,0.0,250.1,295,1.925359,0.0,34.39572,93.68,Good,1.92,-1.8,38.64,S1 (Low),C3 (High),C3-S1,Safe (<1.25),Permissible to Doubtful,Good / Permissible,Safe (<1.0 mg/L),Acceptable (10-45 mg/L),Within Drinking Norms,Permissible / Marginal
501036,Madurai,Madurai South,Othai Alangulam,2014-07-07,2014,7,Pre-Monsoon,9.809722,78.055,Original,1253.0,2220,8.1,0.45,34.0,104,119.07,170.0,9.0,503,38,0.0,317.2,750,2.70119,0.0,32.70074,168.68,Poor,2.7,-9.79,33.71,S1 (Low),C3 (High),C3-S1,Safe (<1.25),Doubtful to Unsuitable,Good / Permissible,Safe (<1.0 mg/L),Acceptable (10-45 mg/L),Within Drinking Norms,Unsafe for Drinking
501037,Madurai,Thirumangalam,Mykudi,2014-07-08,2014,7,Pre-Monsoon,9.787778,78.016667,Original,1162.0,1990,8.3,1.3,11.0,88,70.47,221.0,5.0,347,266,6.0,219.6,510,4.258681,0.0,48.23045,158.63,Poor,4.26,-6.39,48.86,S1 (Low),C3 (High),C3-S1,Safe (<1.25),Permissible to Doubtful,Good / Permissible,Permissible (1.0-1.5 mg/L),Acceptable (10-45 mg/L),Within Drinking Norms,Permissible / Marginal
501050,Madurai,Usilampatti,Thumbalapatti,2014-07-02,2014,7,Pre-Monsoon,9.869444,77.776111,Original,952.0,1740,8.0,1.1,11.0,60,85.05,166.0,9.0,326,47,0.0,414.8,500,3.230299,0.0,41.39381,138.3,Poor,3.23,-3.2,42.7,S1 (Low),C3 (High),C3-S1,Safe (<1.25),Permissible to Doubtful,Good / Permissible,Permissible (1.0-1.5 mg/L),Acceptable (10-45 mg/L),Within Drinking Norms,Permissible / Marginal
501053,Madurai,Vadipatti,Alagapuri,2014-07-04,2014,7,Pre-Monsoon,10.056389,78.069722,Original,1235.0,2130,8.5,0.25,25.0,12,68.04,350.0,10.0,284,82,12.0,610.0,310,8.64833,4.200978,70.22977,152.69,Poor,8.64,4.2,71.4,S1 (Low),C3 (High),C3-S1,Unsuitable (>2.5),Doubtful to Unsuitable,Unsuitable,Safe (<1.0 mg/L),Acceptable (10-45 mg/L),Within Drinking Norms,Permissible / Marginal
501054,Madurai,Vadipatti,Manickampatti,2014-07-03,2014,7,Pre-Monsoon,10.104444,78.125278,Original,456.0,850,8.3,0.8,6.0,4,66.825,69.0,5.0,64,56,4.876862,260.0234,285,1.778071,0.0,33.999,88.78,Good,1.78,-1.28,35.43,S1 (Low),C3 (High),C3-S1,Safe (<1.25),Permissible to Doubtful,Good / Permissible,Safe (<1.0 mg/L),Natural Background (<10 mg/L),Within Drinking Norms,Permissible / Marginal
81001B,Madurai,Madurai North,Kochadai,2014-07-01,2014,7,Pre-Monsoon,9.943333,78.0775,Original,523.0,990,8.3,0.58,1.0,38,40.095,106.0,2.0,99,47,6.0,366.0,260,2.860638,1.003495,46.7734,89.02,Good,2.86,1.0,47.28,S1 (Low),C3 (High),C3-S1,Safe (<1.25),Permissible to Doubtful,Good / Permissible,Safe (<1.0 mg/L),Natural Background (<10 mg/L),Within Drinking Norms,Permissible / Marginal
83005,Madurai,Madurai South,Thiruparankundram,2014-07-07,2014,7,Pre-Monsoon,9.879167,78.114444,Original,1643.0,2920,8.0,1.3,11.0,130,88.695,368.0,5.0,510,175,0.0,634.4,690,6.096854,0.0,53.4976,202.73,Very Poor,6.09,-3.39,53.91,S1 (Low),C4 (Very High),C4-S1,Safe (<1.25),Doubtful to Unsuitable,Marginal / Moderate,Permissible (1.0-1.5 mg/L),Acceptable (10-45 mg/L),Within Drinking Norms,Unsafe for Drinking
83006A,Madurai,Thirumangalam,Sathankudi,2014-07-08,2014,7,Pre-Monsoon,9.7891,77.962,Gazetteer,1577.0,2610,8.9,1.11,53.0,4,116.64,322.0,86.0,461,182,18.0,305.0,490,6.328122,0.0,53.86292,230.33,Very Poor,6.32,-4.2,62.31,S1 (Low),C4 (Very High),C4-S1,Safe (<1.25),Doubtful to Unsuitable,Marginal / Moderate,Permissible (1.0-1.5 mg/L),Anthropogenic High (45-100 mg/L),Agricultural Fertilizer Runoff,Unsafe for Drinking
83007B,Madurai,Peraiyur,Chinnakattalai,2014-07-01,2014,7,Pre-Monsoon,9.951944,77.800556,Well-History,1321.0,2200,8.8,1.22,45.0,48,77.76,299.0,11.0,305,151,18.0,420.9,440,6.202325,0.0,58.89962,181.51,Poor,6.2,-1.3,60.16,S1 (Low),C3 (High),C3-S1,Safe (<1.25),Doubtful to Unsuitable,Good / Permissible,Permissible (1.0-1.5 mg/L),Acceptable (10-45 mg/L),Within Drinking Norms,Unsafe for Drinking
83014B,Madurai,Vadipatti,Mullipallam,2014-07-04,2014,7,Pre-Monsoon,10.019444,77.950556,Original,834.0,1430,8.2,0.93,15.0,44,43.74,207.0,7.0,156,67,0.0,481.9,290,5.289567,2.103877,60.11432,119.4,Poor,5.29,2.1,61.3,S1 (Low),C3 (High),C3-S1,Marginal (1.25-2.5),Doubtful to Unsuitable,Marginal / Moderate,Safe (<1.0 mg/L),Acceptable (10-45 mg/L),Within Drinking Norms,Permissible / Marginal
83020A,Madurai,Vadipatti,Valayapatti,2014-07-03,2014,7,Pre-Monsoon,10.0881,77.9942,Gazetteer,560.0,1000,8.3,1.36,18.0,20,64.395,92.0,2.0,92,32,6.0,341.6,315,2.255279,0.0,38.66471,105.2,Poor,2.25,-0.5,39.14,S1 (Low),C3 (High),C3-S1,Safe (<1.25),Permissible to Doubtful,Good / Permissible,Permissible (1.0-1.5 mg/L),Acceptable (10-45 mg/L),Within Drinking Norms,Permissible / Marginal
83048,Madurai,Thirumangalam,Puliankulam (M),2014-07-07,2014,7,Pre-Monsoon,9.651667,77.909167,Original,1889.0,3490,7.5,0.71,34.0,24,354.78,110.0,3.0,709,408,0.0,256.2,1520,1.227425,0.0,13.57248,261.98,Very Poor,1.23,-26.2,13.78,S1 (Low),C4 (Very High),C4-S1,Safe (<1.25),Unsuitable,Unsuitable,Safe (<1.0 mg/L),Acceptable (10-45 mg/L),Within Drinking Norms,Unsafe for Drinking
83063,Madurai,Thirumangalam,Thangalacheri,2014-07-08,2014,7,Pre-Monsoon,9.836058,77.868835,Village-Centroid,1020.0,1630,8.4,0.43,45.0,52,53.46,260.0,11.0,206,156,6.0,237.9,350,6.04763,0.0,60.85253,137.1,Poor,6.04,-2.9,62.35,S1 (Low),C3 (High),C3-S1,Safe (<1.25),Doubtful to Unsuitable,Marginal / Moderate,Safe (<1.0 mg/L),Acceptable (10-45 mg/L),Within Drinking Norms,Permissible / Marginal
83072A,Madurai,Usilampatti,Valandur,2014-07-01,2014,7,Pre-Monsoon,9.949722,77.871944,Well-History,806.0,1430,8.8,1.1,6.0,12,53.46,221.0,2.0,135,81,18.0,512.4,250,6.081011,4.000942,65.56345,126.83,Poor,6.08,4.0,65.9,S1 (Low),C3 (High),C3-S1,Unsuitable (>2.5),Doubtful to Unsuitable,Unsuitable,Permissible (1.0-1.5 mg/L),Natural Background (<10 mg/L),Within Drinking Norms,Unsafe for Drinking
83092AY,Madurai,Vadipatti,Nirathan,2014-07-04,2014,7,Pre-Monsoon,10.0525,77.975556,Well-History,704.0,1220,8.1,1.14,8.0,48,29.16,170.0,7.0,64,120,0.0,457.5,240,4.775694,2.704062,59.78526,107.26,Poor,4.77,2.7,61.22,S1 (Low),C3 (High),C3-S1,Unsuitable (>2.5),Permissible to Doubtful,Unsuitable,Permissible (1.0-1.5 mg/L),Natural Background (<10 mg/L),Within Drinking Norms,Permissible / Marginal
83099,Madurai,Madurai North,Kadavur,2014-07-03,2014,7,Pre-Monsoon,10.075,78.175,Original,412.0,750,8.4,0.8,5.0,24,47.385,60.0,4.0,64,48,5.417862,229.4565,255,1.634847,0.0,33.42075,83.59,Good,1.63,-1.16,34.72,S1 (Low),C3 (High),C3-S1,Safe (<1.25),Permissible to Doubtful,Excellent,Safe (<1.0 mg/L),Natural Background (<10 mg/L),Within Drinking Norms,Permissible / Marginal
21056,Madurai,Usilampatti,Meikilarpatti,2014-07-01,2014,7,Pre-Monsoon,9.980556,77.802778,Original,901.0,1470,8.7,0.23,31.0,60,55.89,83.0,133.0,199,58,18.0,317.2,380,1.852852,0.0,24.71901,170.96,Poor,1.85,-1.8,48.0,S1 (Low),C3 (High),C3-S1,Safe (<1.25),Permissible to Doubtful,Good / Permissible,Safe (<1.0 mg/L),Acceptable (10-45 mg/L),Within Drinking Norms,Unsafe for Drinking
21057,Madurai,Usilampatti,Panamooppanpatti,2014-07-04,2014,7,Pre-Monsoon,10.137222,78.3625,Original,1148.0,2180,7.7,0.26,6.0,16,111.78,267.0,11.0,397,12,0.0,616.1,500,5.194756,0.102085,53.05118,143.27,Poor,5.19,0.1,54.32,S1 (Low),C3 (High),C3-S1,Safe (<1.25),Doubtful to Unsuitable,Good / Permissible,Safe (<1.0 mg/L),Natural Background (<10 mg/L),Within Drinking Norms,Permissible / Marginal
21076,Madurai,Madurai North,Vayalur,2014-07-04,2014,7,Pre-Monsoon,10.018333,78.053889,Original,1097.0,2030,7.9,0.2,6.0,56,77.76,253.0,8.0,447,16,0.0,427.0,460,5.132901,0.0,53.93791,134.01,Poor,5.13,-2.2,54.93,S1 (Low),C3 (High),C3-S1,Safe (<1.25),Doubtful to Unsuitable,Good / Permissible,Safe (<1.0 mg/L),Natural Background (<10 mg/L),Within Drinking Norms,Permissible / Marginal
21079,Madurai,Madurai North,Rajakkur,2014-07-03,2014,7,Pre-Monsoon,9.928611,78.238333,Original,979.0,1770,8.4,0.31,2.0,52,38.88,276.0,2.0,291,27,6.0,549.0,290,7.053168,3.404409,67.25337,123.97,Poor,7.05,3.4,67.53,S1 (Low),C3 (High),C3-S1,Unsuitable (>2.5),Doubtful to Unsuitable,Unsuitable,Safe (<1.0 mg/L),Natural Background (<10 mg/L),Within Drinking Norms,Permissible / Marginal
21080,Madurai,Madurai North,Kalimangalam,2014-07-03,2014,7,Pre-Monsoon,9.878333,78.238889,Original,1132.0,2000,8.4,0.86,15.0,36,94.77,253.0,9.0,475,69,6.0,244.0,480,5.024331,0.0,52.83175,153.35,Poor,5.02,-5.4,53.92,S1 (Low),C3 (High),C3-S1,Safe (<1.25),Doubtful to Unsuitable,Good / Permissible,Safe (<1.0 mg/L),Acceptable (10-45 mg/L),Within Drinking Norms,Permissible / Marginal
83064,Madurai,Peraiyur,Thirumanickam,2014-07-02,2014,7,Pre-Monsoon,9.848889,77.752222,Original,427.0,750,8.6,1.3,10.0,32,40.095,69.0,3.0,50,35,9.010872,240.7901,245,1.918207,0.0,37.63732,92.62,Good,1.92,-0.65,38.59,S1 (Low),C3 (High),C3-S1,Safe (<1.25),Permissible to Doubtful,Excellent,Permissible (1.0-1.5 mg/L),Acceptable (10-45 mg/L),Within Drinking Norms,Unsafe for Drinking
21052,Madurai,Peraiyur,Muthunayakkapuram,2014-07-01,2014,7,Pre-Monsoon,9.771389,77.812222,Original,276.0,520,8.3,0.63,3.0,30,21.87,46.0,2.0,18,22,3.772251,201.128,165,1.558448,0.1257043,37.40797,62.89,Good,1.56,0.12,38.35,S1 (Low),C2 (Medium),C2-S1,Safe (<1.25),Good to Permissible,Excellent,Safe (<1.0 mg/L),Natural Background (<10 mg/L),Within Drinking Norms,Safe Drinking Water
21084,Madurai,Madurai South,Sakkilipatti,2014-07-08,2014,7,Pre-Monsoon,9.901389,78.011111,Original,2260.0,3900,7.6,0.69,15.0,168,140.94,451.0,13.0,837,209,0.0,658.8,1000,6.206408,0.0,49.12753,252.11,Very Poor,6.2,-9.19,49.95,S1 (Low),C4 (Very High),C4-S1,Safe (<1.25),Unsuitable,Unsuitable,Safe (<1.0 mg/L),Acceptable (10-45 mg/L),Within Drinking Norms,Unsafe for Drinking
21019D,Madurai,Melur,Karungalakudi,2014-07-09,2014,7,Pre-Monsoon,10.155556,78.369167,Original,910.0,1620,8.1,0.26,6.0,80,60.75,166.0,6.0,376,84,0.0,219.6,450,3.405451,0.0,44.12099,119.6,Poor,3.4,-5.39,45.05,S1 (Low),C3 (High),C3-S1,Safe (<1.25),Permissible to Doubtful,Good / Permissible,Safe (<1.0 mg/L),Natural Background (<10 mg/L),Within Drinking Norms,Permissible / Marginal
21022D,Madurai,Melur,Pulipatti,2014-07-09,2014,7,Pre-Monsoon,10.086111,78.291667,Original,1221.0,2110,8.1,0.3,7.0,128,38.88,262.0,19.0,496,62,0.0,372.1,480,5.205172,0.0,53.08158,148.02,Poor,5.2,-3.49,55.33,S1 (Low),C3 (High),C3-S1,Safe (<1.25),Doubtful to Unsuitable,Good / Permissible,Safe (<1.0 mg/L),Natural Background (<10 mg/L),Within Drinking Norms,Permissible / Marginal
21023D,Madurai,Melur,Uranganpatti,2014-07-07,2014,7,Pre-Monsoon,9.998333,78.43,Original,352.0,650,8.3,0.36,6.0,30,34.02,51.0,4.0,74,27,3.219945,171.6803,215,1.513521,0.0,33.52407,69.15,Good,1.51,-1.38,35.06,S1 (Low),C2 (Medium),C2-S1,Safe (<1.25),Good to Permissible,Excellent,Safe (<1.0 mg/L),Natural Background (<10 mg/L),Within Drinking Norms,Permissible / Marginal
21024D,Madurai,Melur,Thiruvadur,2014-07-09,2014,7,Pre-Monsoon,9.956944,78.319444,Original,837.0,1480,7.8,0.27,11.0,82,41.31,166.0,15.0,184,64,0.0,469.7,375,3.730807,0.2074651,47.83191,111.23,Poor,3.73,0.21,50.36,S1 (Low),C3 (High),C3-S1,Safe (<1.25),Permissible to Doubtful,Good / Permissible,Safe (<1.0 mg/L),Acceptable (10-45 mg/L),Within Drinking Norms,Permissible / Marginal
501013,Madurai,Melur,Veppaodappu,2014-07-08,2014,7,Pre-Monsoon,9.917222,78.303889,Original,407.0,710,8.3,0.7,11.0,36,30.375,69.0,4.0,113,19,2.575589,137.3246,215,2.047826,0.0,40.56012,76.26,Good,2.05,-1.96,41.93,S1 (Low),C2 (Medium),C2-S1,Safe (<1.25),Permissible to Doubtful,Good / Permissible,Safe (<1.0 mg/L),Acceptable (10-45 mg/L),Within Drinking Norms,Permissible / Marginal
501014,Madurai,Melur,Ambalakkaranpatti,2014-07-08,2014,7,Pre-Monsoon,9.972222,78.395,Original,482.0,880,8.3,0.64,5.0,26,32.805,106.0,5.0,128,36,3.864302,206.0359,200,3.261518,0.0,52.78102,81.69,Good,3.26,-0.49,54.23,S1 (Low),C3 (High),C3-S1,Safe (<1.25),Permissible to Doubtful,Good / Permissible,Safe (<1.0 mg/L),Natural Background (<10 mg/L),Within Drinking Norms,Safe Drinking Water
501016,Madurai,Melur,Navinipatti,2014-07-08,2014,7,Pre-Monsoon,10.043889,78.362778,Original,450.0,790,8.5,0.26,13.0,38,46.17,51.0,6.0,124,47,3.892523,130.9494,285,1.314558,0.0,27.49785,83.62,Good,1.31,-3.42,29.39,S1 (Low),C3 (High),C3-S1,Safe (<1.25),Permissible to Doubtful,Good / Permissible,Safe (<1.0 mg/L),Acceptable (10-45 mg/L),Within Drinking Norms,Permissible / Marginal
501018,Madurai,Melur,Manappacheri,2014-07-09,2014,7,Pre-Monsoon,10.217222,78.350278,Original,1030.0,1980,7.8,0.69,1.0,40,119.07,184.0,3.0,355,80,0.0,488.0,590,3.29582,0.0,40.2705,141.77,Poor,3.29,-3.8,40.64,S1 (Low),C3 (High),C3-S1,Safe (<1.25),Permissible to Doubtful,Good / Permissible,Safe (<1.0 mg/L),Natural Background (<10 mg/L),Within Drinking Norms,Permissible / Marginal
501021,Madurai,Melur,Surakundu,2014-07-09,2014,7,Pre-Monsoon,10.036944,78.315,Original,626.0,1130,8.3,0.98,6.0,26,63.18,120.0,2.0,152,73,6.0,317.2,325,2.89616,0.0,44.35763,105.22,Poor,2.89,-1.1,44.78,S1 (Low),C3 (High),C3-S1,Safe (<1.25),Permissible to Doubtful,Good / Permissible,Safe (<1.0 mg/L),Natural Background (<10 mg/L),Within Drinking Norms,Permissible / Marginal
83095,Madurai,Melur,Pulipatti,2014-07-08,2014,7,Pre-Monsoon,10.084444,78.288889,Original,1128.0,2090,8.6,0.33,8.0,8,106.92,253.0,19.0,510,69,12.0,225.7,460,5.131769,0.0,53.19383,153.87,Poor,5.13,-5.1,55.53,S1 (Low),C3 (High),C3-S1,Safe (<1.25),Doubtful to Unsuitable,Good / Permissible,Safe (<1.0 mg/L),Natural Background (<10 mg/L),Within Drinking Norms,Unsafe for Drinking
83096,Madurai,Melur,Thumbalapatti,2014-07-08,2014,7,Pre-Monsoon,9.869444,77.776111,Village-Centroid,650.0,1180,8.2,0.23,6.0,76,30.375,120.0,14.0,188,24,0.0,341.6,315,2.942775,0.0,43.97372,97.9,Good,2.94,-0.69,46.98,S1 (Low),C3 (High),C3-S1,Safe (<1.25),Permissible to Doubtful,Good / Permissible,Safe (<1.0 mg/L),Natural Background (<10 mg/L),Within Drinking Norms,Permissible / Marginal
21066,Madurai,Melur,Attukulam,2014-07-09,2014,7,Pre-Monsoon,10.0025,78.356667,Village-Centroid,1143.0,2080,7.3,0.39,24.0,172,77.76,124.0,7.0,454,69,0.0,262.3,750,1.970658,0.0,26.24018,141.42,Poor,1.97,-10.68,27.1,S1 (Low),C3 (High),C3-S1,Safe (<1.25),Doubtful to Unsuitable,Good / Permissible,Safe (<1.0 mg/L),Acceptable (10-45 mg/L),Within Drinking Norms,Unsafe for Drinking
21001D,Madurai,Madurai South,Thiruparankundram,2015-01-08,2015,1,Post-Monsoon,9.877778,78.097222,Original,1716.0,2970,8.1,0.77,10.0,52,92.34,460.0,8.0,567,178,0.0,628.3,510,8.8629,0.1051436,65.80353,196.17,Poor,8.86,0.1,66.46,S1 (Low),C4 (Very High),C4-S1,Safe (<1.25),Doubtful to Unsuitable,Marginal / Moderate,Safe (<1.0 mg/L),Acceptable (10-45 mg/L),Within Drinking Norms,Permissible / Marginal
21004D,Madurai,Thirumangalam,Chinna Ulagani,2015-01-08,2015,1,Post-Monsoon,9.773611,78.052222,Original,441.0,800,8.5,1.02,10.0,44,38.88,64.0,2.0,117,25,4.90288,164.939,270,1.694951,0.0,33.82487,88.73,Good,1.69,-2.53,34.43,S1 (Low),C3 (High),C3-S1,Safe (<1.25),Permissible to Doubtful,Good / Permissible,Permissible (1.0-1.5 mg/L),Acceptable (10-45 mg/L),Within Drinking Norms,Permissible / Marginal
21006D,Madurai,Peraiyur,Elumalai RF,2015-01-05,2015,1,Post-Monsoon,9.861111,77.7,Original,428.0,780,8.1,0.8,11.0,52,46.17,32.0,7.0,53,41,2.806185,237.1309,320,0.7784553,0.0,17.47494,83.88,Good,0.78,-2.42,19.72,S1 (Low),C3 (High),C3-S1,Safe (<1.25),Permissible to Doubtful,Good / Permissible,Safe (<1.0 mg/L),Acceptable (10-45 mg/L),Within Drinking Norms,Permissible / Marginal
21007D,Madurai,Thirumangalam,Kallikudi,2015-01-08,2015,1,Post-Monsoon,9.693889,77.971111,Original,1177.0,2110,8.2,0.88,3.0,100,97.2,189.0,8.0,447,141,0.0,366.0,650,3.225937,0.0,38.39001,162.46,Poor,3.22,-6.99,39.33,S1 (Low),C3 (High),C3-S1,Safe (<1.25),Doubtful to Unsuitable,Good / Permissible,Safe (<1.0 mg/L),Natural Background (<10 mg/L),Within Drinking Norms,Unsafe for Drinking
21009D,Madurai,Thirumangalam,Kappalur,2015-01-09,2015,1,Post-Monsoon,9.843056,78.018611,Original,1186.0,2000,8.4,0.62,36.0,52,104.49,207.0,11.0,411,126,6.0,219.6,560,3.80602,0.0,43.96774,161.49,Poor,3.8,-7.4,45.33,S1 (Low),C3 (High),C3-S1,Safe (<1.25),Doubtful to Unsuitable,Good / Permissible,Safe (<1.0 mg/L),Acceptable (10-45 mg/L),Within Drinking Norms,Permissible / Marginal
21012D,Madurai,Thirumangalam,Kurayur,2015-01-08,2015,1,Post-Monsoon,9.694444,78.025,Original,1285.0,2350,8.3,0.56,19.0,212,109.35,92.0,11.0,588,72,6.0,219.6,980,1.279037,0.0,16.77108,183.88,Poor,1.28,-15.78,17.94,S1 (Low),C4 (Very High),C4-S1,Safe (<1.25),Doubtful to Unsuitable,Marginal / Moderate,Safe (<1.0 mg/L),Acceptable (10-45 mg/L),Within Drinking Norms,Unsafe for Drinking
21015D,Madurai,Peraiyur,Peraiyur,2015-01-02,2015,1,Post-Monsoon,9.74,77.793333,Original,596.0,1070,8.2,0.58,12.0,80,31.59,92.0,4.0,99,48,0.0,378.2,330,2.204261,0.0,37.41389,96.74,Good,2.2,-0.39,38.36,S1 (Low),C3 (High),C3-S1,Safe (<1.25),Permissible to Doubtful,Good / Permissible,Safe (<1.0 mg/L),Acceptable (10-45 mg/L),Within Drinking Norms,Permissible / Marginal
21016D,Madurai,Peraiyur,Subbulapuram,2015-01-09,2015,1,Post-Monsoon,9.675556,77.809444,Original,319.0,550,7.7,0.27,7.0,56,24.3,15.0,10.0,35,48,0.7501332,159.2248,240,0.4214145,0.0,11.44169,57.32,Good,0.42,-2.16,15.92,S1 (Low),C2 (Medium),C2-S1,Safe (<1.25),Good to Permissible,Excellent,Safe (<1.0 mg/L),Natural Background (<10 mg/L),Within Drinking Norms,Permissible / Marginal
21026D,Madurai,Vadipatti,Senthamangalam,2015-01-07,2015,1,Post-Monsoon,10.138333,78.141111,Original,639.0,1110,8.5,1.6,13.0,42,59.535,97.0,4.0,177,96,12.0,189.1,350,2.256095,0.0,37.28391,116.85,Poor,2.25,-3.5,38.18,S1 (Low),C3 (High),C3-S1,Safe (<1.25),Permissible to Doubtful,Good / Permissible,Dental Fluorosis Risk (1.5-2.0 mg/L),Acceptable (10-45 mg/L),Within Drinking Norms,Unsafe for Drinking
21027D,Madurai,Vadipatti,Thiruvedagam,2015-01-06,2015,1,Post-Monsoon,10.019444,77.972222,Original,591.0,1100,8.7,0.77,4.0,16,75.33,92.0,20.0,142,48,18.0,323.3,350,2.139465,0.0,34.76626,114.94,Poor,2.14,-1.1,39.2,S1 (Low),C3 (High),C3-S1,Safe (<1.25),Permissible to Doubtful,Good / Permissible,Safe (<1.0 mg/L),Natural Background (<10 mg/L),Within Drinking Norms,Unsafe for Drinking
21028D,Madurai,Usilampatti,Veppanuthu,2015-01-05,2015,1,Post-Monsoon,9.897222,77.841667,Original,1218.0,2190,8.0,1.35,14.0,68,82.62,262.0,12.0,418,108,0.0,409.92,510,5.048335,0.0,52.04903,162.85,Poor,5.05,-3.48,53.44,S1 (Low),C3 (High),C3-S1,Safe (<1.25),Doubtful to Unsuitable,Good / Permissible,Permissible (1.0-1.5 mg/L),Acceptable (10-45 mg/L),Within Drinking Norms,Permissible / Marginal
21033D,Madurai,Usilampatti,Usilampatti,2015-01-02,2015,1,Post-Monsoon,9.959722,77.791667,Original,1543.0,2650,8.1,1.3,31.0,52,145.8,285.0,6.0,454,174,0.0,579.5,730,4.589426,0.0,45.67242,203.76,Very Poor,4.59,-5.1,46.22,S1 (Low),C4 (Very High),C4-S1,Safe (<1.25),Doubtful to Unsuitable,Marginal / Moderate,Permissible (1.0-1.5 mg/L),Acceptable (10-45 mg/L),Within Drinking Norms,Unsafe for Drinking
21035D,Madurai,Madurai North,Madurai North,2015-01-09,2015,1,Post-Monsoon,9.843056,78.141667,Original,1729.0,2960,8.0,0.05,23.0,44,94.77,460.0,9.0,567,183,0.0,536.8,500,8.950826,0.0,66.1816,187.42,Poor,8.95,-1.2,66.93,S1 (Low),C4 (Very High),C4-S1,Safe (<1.25),Doubtful to Unsuitable,Marginal / Moderate,Safe (<1.0 mg/L),Acceptable (10-45 mg/L),Within Drinking Norms,Permissible / Marginal
21037D,Madurai,Thirumangalam,Kandai,2015-01-09,2015,1,Post-Monsoon,9.877778,77.913333,Original,660.0,1160,8.8,1.45,20.0,10,68.04,129.0,5.0,135,67,18.0,280.6,305,3.213508,0.0,47.4039,122.7,Poor,3.21,-0.9,48.47,S1 (Low),C3 (High),C3-S1,Safe (<1.25),Permissible to Doubtful,Good / Permissible,Permissible (1.0-1.5 mg/L),Acceptable (10-45 mg/L),Within Drinking Norms,Unsafe for Drinking
21038,Madurai,Vadipatti,Saranthangi,2015-01-07,2015,1,Post-Monsoon,10.100556,78.151944,Original,471.0,890,8.6,1.16,6.0,14,53.46,83.0,7.0,92,38,9.191233,245.6097,255,2.261351,0.0,40.62402,97.29,Good,2.26,-0.77,42.62,S1 (Low),C3 (High),C3-S1,Safe (<1.25),Permissible to Doubtful,Good / Permissible,Permissible (1.0-1.5 mg/L),Natural Background (<10 mg/L),Within Drinking Norms,Unsafe for Drinking
21040,Madurai,Peraiyur,T.kallipatti,2015-01-09,2015,1,Post-Monsoon,9.715833,77.859444,Original,444.0,820,8.6,0.66,9.0,30,58.32,46.0,4.0,121,31,6.666178,178.1348,315,1.127715,0.0,23.8219,90.99,Good,1.13,-3.16,25.03,S1 (Low),C3 (High),C3-S1,Safe (<1.25),Permissible to Doubtful,Good / Permissible,Safe (<1.0 mg/L),Natural Background (<10 mg/L),Within Drinking Norms,Unsafe for Drinking
21041,Madurai,Peraiyur,Sedapatti,2015-01-02,2015,1,Post-Monsoon,9.826389,77.8,Original,665.0,1180,8.7,1.21,12.0,34,41.31,143.0,15.0,89,79,18.0,390.4,255,3.896708,1.903084,53.16424,118.9,Poor,3.89,1.9,56.43,S1 (Low),C3 (High),C3-S1,Marginal (1.25-2.5),Permissible to Doubtful,Marginal / Moderate,Permissible (1.0-1.5 mg/L),Acceptable (10-45 mg/L),Within Drinking Norms,Unsafe for Drinking
21043,Madurai,Usilampatti,Pullaneri,2015-01-02,2015,1,Post-Monsoon,9.9325,77.946667,Original,972.0,1730,8.4,0.38,12.0,64,106.92,120.0,15.0,390,141,6.0,152.5,600,2.131636,0.0,29.66505,144.2,Poor,2.13,-9.29,31.83,S1 (Low),C3 (High),C3-S1,Safe (<1.25),Permissible to Doubtful,Good / Permissible,Safe (<1.0 mg/L),Acceptable (10-45 mg/L),Within Drinking Norms,Permissible / Marginal
21044,Madurai,Usilampatti,Sangampatti,2015-01-02,2015,1,Post-Monsoon,9.948333,77.898333,Original,507.0,880,8.3,0.96,11.0,36,35.235,87.0,18.0,92,51,6.0,268.4,235,2.469651,0.0,42.32673,95.0,Good,2.47,-0.1,47.46,S1 (Low),C3 (High),C3-S1,Safe (<1.25),Permissible to Doubtful,Good / Permissible,Safe (<1.0 mg/L),Acceptable (10-45 mg/L),Within Drinking Norms,Permissible / Marginal
21048,Madurai,Peraiyur,Pappanaickenpatti,2015-01-05,2015,1,Post-Monsoon,9.820278,77.711111,Original,1027.0,1790,8.8,0.18,16.0,64,75.33,147.0,109.0,170,67,18.0,616.1,470,2.95055,1.306019,34.42403,182.22,Poor,2.95,1.3,49.42,S1 (Low),C3 (High),C3-S1,Marginal (1.25-2.5),Permissible to Doubtful,Marginal / Moderate,Safe (<1.0 mg/L),Acceptable (10-45 mg/L),Within Drinking Norms,Unsafe for Drinking
21050,Madurai,Peraiyur,Mathippanur,2015-01-05,2015,1,Post-Monsoon,9.795556,77.8375,Original,1261.0,2220,7.9,0.55,23.0,100,119.07,184.0,5.0,376,148,0.0,451.4,740,2.943307,0.0,34.9196,167.28,Poor,2.94,-7.39,35.47,S1 (Low),C3 (High),C3-S1,Safe (<1.25),Doubtful to Unsuitable,Good / Permissible,Safe (<1.0 mg/L),Acceptable (10-45 mg/L),Within Drinking Norms,Unsafe for Drinking
21052,Madurai,Peraiyur,Muthunayakkapuram,2015-01-02,2015,1,Post-Monsoon,9.771389,77.812222,Original,722.0,1290,8.4,1.24,11.0,32,42.525,179.0,4.0,117,72,6.0,439.2,255,4.877616,2.30281,59.96375,115.18,Poor,4.88,2.3,60.74,S1 (Low),C3 (High),C3-S1,Marginal (1.25-2.5),Permissible to Doubtful,Marginal / Moderate,Permissible (1.0-1.5 mg/L),Acceptable (10-45 mg/L),Within Drinking Norms,Permissible / Marginal
21056,Madurai,Usilampatti,Meikilarpatti,2015-01-02,2015,1,Post-Monsoon,9.980556,77.802778,Original,739.0,1170,8.7,1.46,17.0,36,26.73,101.0,133.0,135,65,18.0,298.9,200,3.108001,1.503224,37.25916,160.97,Poor,3.11,1.5,66.1,S1 (Low),C3 (High),C3-S1,Marginal (1.25-2.5),Permissible to Doubtful,Marginal / Moderate,Permissible (1.0-1.5 mg/L),Acceptable (10-45 mg/L),Within Drinking Norms,Unsafe for Drinking
21057,Madurai,Usilampatti,Panamooppanpatti,2015-01-06,2015,1,Post-Monsoon,10.137222,78.3625,Original,1625.0,2800,8.4,1.31,24.0,24,104.49,428.0,11.0,496,173,6.0,549.0,490,8.412018,0.0,64.88043,202.16,Very Poor,8.41,-0.6,65.85,S1 (Low),C4 (Very High),C4-S1,Safe (<1.25),Doubtful to Unsuitable,Marginal / Moderate,Permissible (1.0-1.5 mg/L),Acceptable (10-45 mg/L),Within Drinking Norms,Permissible / Marginal
21059,Madurai,Vadipatti,Kadupatti,2015-01-06,2015,1,Post-Monsoon,10.022222,77.92,Original,589.0,1060,8.1,0.91,20.0,34,75.33,64.0,7.0,113,46,0.0,323.3,395,1.401103,0.0,25.63774,105.22,Poor,1.4,-2.6,27.28,S1 (Low),C3 (High),C3-S1,Safe (<1.25),Permissible to Doubtful,Good / Permissible,Safe (<1.0 mg/L),Acceptable (10-45 mg/L),Within Drinking Norms,Permissible / Marginal
21061,Madurai,Vadipatti,Thathampatti,2015-01-06,2015,1,Post-Monsoon,10.022222,78.015556,Original,444.0,730,8.3,0.64,14.0,52,18.225,69.0,19.0,60,41,3.6802,196.22,205,2.097561,0.0,39.58471,82.93,Good,2.1,-0.76,45.98,S1 (Low),C2 (Medium),C2-S1,Safe (<1.25),Good to Permissible,Excellent,Safe (<1.0 mg/L),Acceptable (10-45 mg/L),Within Drinking Norms,Permissible / Marginal
21062,Madurai,Vadipatti,Periailandakulam,2015-01-06,2015,1,Post-Monsoon,10.068333,78.051389,Original,301.0,590,8.8,1.49,3.0,10,42.525,44.0,3.0,32,35,11.18019,188.5043,200,1.353608,0.0,31.95704,86.67,Good,1.35,-0.54,33.23,S1 (Low),C2 (Medium),C2-S1,Safe (<1.25),Good to Permissible,Excellent,Permissible (1.0-1.5 mg/L),Natural Background (<10 mg/L),Within Drinking Norms,Unsafe for Drinking
21065,Madurai,Madurai North,Mangulam,2015-01-07,2015,1,Post-Monsoon,10.035833,78.25,Original,367.0,660,8.3,0.72,4.0,34,18.225,81.0,3.0,39,31,4.324556,230.5757,160,2.786953,0.7271179,51.83995,70.65,Good,2.79,0.73,52.96,S1 (Low),C2 (Medium),C2-S1,Safe (<1.25),Permissible to Doubtful,Good / Permissible,Safe (<1.0 mg/L),Natural Background (<10 mg/L),Within Drinking Norms,Safe Drinking Water
21068,Madurai,Vadipatti,Alanganallur,2015-01-07,2015,1,Post-Monsoon,10.048333,78.083889,Original,947.0,1270,8.7,1.2,1.0,8,94.77,106.0,3.0,170,55,18.0,372.1,410,2.277411,0.0,35.78349,129.87,Poor,2.28,-1.5,36.36,S1 (Low),C3 (High),C3-S1,Safe (<1.25),Permissible to Doubtful,Good / Permissible,Permissible (1.0-1.5 mg/L),Natural Background (<10 mg/L),Within Drinking Norms,Unsafe for Drinking
21074,Madurai,Madurai North,Chettikulam,2015-01-07,2015,1,Post-Monsoon,9.995,78.146944,Original,254.0,460,8.2,0.1,7.0,28,21.87,30.0,5.0,71,10,1.39337,93.52738,160,1.032123,0.0,28.18547,53.25,Good,1.03,-1.62,30.94,S1 (Low),C2 (Medium),C2-S1,Safe (<1.25),Good to Permissible,Excellent,Safe (<1.0 mg/L),Natural Background (<10 mg/L),Within Drinking Norms,Safe Drinking Water
21075,Madurai,Madurai North,Chatrapatti,2015-01-07,2015,1,Post-Monsoon,10.03,78.15,Original,309.0,580,8.2,0.53,6.0,22,29.16,51.0,4.0,57,11,2.64111,177.2796,175,1.677552,0.0,38.12885,63.94,Good,1.68,-0.5,39.87,S1 (Low),C2 (Medium),C2-S1,Safe (<1.25),Good to Permissible,Excellent,Safe (<1.0 mg/L),Natural Background (<10 mg/L),Within Drinking Norms,Safe Drinking Water
21076,Madurai,Madurai North,Vayalur,2015-01-06,2015,1,Post-Monsoon,10.018333,78.053889,Original,386.0,710,8.3,0.35,3.0,8,37.665,81.0,9.0,39,46,4.600709,245.2995,175,2.663897,0.6755297,48.58323,72.44,Good,2.66,0.67,51.74,S1 (Low),C2 (Medium),C2-S1,Safe (<1.25),Permissible to Doubtful,Good / Permissible,Safe (<1.0 mg/L),Natural Background (<10 mg/L),Within Drinking Norms,Safe Drinking Water
21078,Madurai,Madurai North,Kalikappan,2015-01-07,2015,1,Post-Monsoon,9.939444,78.193611,Original,367.0,670,8.3,0.32,1.0,26,25.515,74.0,6.0,85,34,3.311996,176.5882,170,2.469774,0.0,47.54968,67.29,Good,2.47,-0.39,49.8,S1 (Low),C2 (Medium),C2-S1,Safe (<1.25),Permissible to Doubtful,Good / Permissible,Safe (<1.0 mg/L),Natural Background (<10 mg/L),Within Drinking Norms,Safe Drinking Water
21079,Madurai,Madurai North,Rajakkur,2015-01-07,2015,1,Post-Monsoon,9.928611,78.238333,Original,1063.0,1870,8.3,0.57,3.0,8,4.86,414.0,2.0,326,25,6.0,524.6,40,28.4881,7.999713,95.49104,117.18,Poor,28.47,8.0,95.76,S4 (Very High),C3 (High),C3-S4,Unsuitable (>2.5),Unsuitable,Unsuitable,Safe (<1.0 mg/L),Natural Background (<10 mg/L),Within Drinking Norms,Permissible / Marginal
21080,Madurai,Madurai North,Kalimangalam,2015-01-07,2015,1,Post-Monsoon,9.878333,78.238889,Original,2492.0,4370,8.3,1.34,4.0,16,9.72,966.0,6.0,886,106,6.0,951.6,80,47.00297,14.19964,95.9978,239.97,Very Poor,46.98,14.2,96.35,S4 (Very High),C4 (Very High),C4-S4,Unsuitable (>2.5),Unsuitable,Unsuitable,Permissible (1.0-1.5 mg/L),Natural Background (<10 mg/L),Within Drinking Norms,Unsafe for Drinking
21081,Madurai,Madurai North,Elamanur,2015-01-07,2015,1,Post-Monsoon,9.900556,78.210833,Original,668.0,1180,8.2,0.94,9.0,16,21.87,219.0,2.0,89,36,0.0,488.0,130,8.357857,5.400838,78.24052,96.7,Good,8.35,5.4,78.65,S1 (Low),C3 (High),C3-S1,Unsuitable (>2.5),Doubtful to Unsuitable,Unsuitable,Safe (<1.0 mg/L),Natural Background (<10 mg/L),Within Drinking Norms,Permissible / Marginal
21082,Madurai,Madurai South,Nallur,2015-01-08,2015,1,Post-Monsoon,9.788333,78.133333,Original,403.0,760,8.2,0.09,5.0,50,37.665,46.0,4.0,67,24,3.595264,241.3255,280,1.196334,0.0,25.99293,71.87,Good,1.2,-1.52,27.31,S1 (Low),C3 (High),C3-S1,Safe (<1.25),Permissible to Doubtful,Good / Permissible,Safe (<1.0 mg/L),Natural Background (<10 mg/L),Within Drinking Norms,Permissible / Marginal
21083,Madurai,Madurai South,Nilaiyur,2015-01-09,2015,1,Post-Monsoon,9.855556,78.059167,Original,1484.0,2650,8.2,0.05,5.0,124,114.21,248.0,13.0,347,317,0.0,597.8,780,3.864202,0.0,40.39285,190.53,Poor,3.86,-5.79,41.63,S1 (Low),C4 (Very High),C4-S1,Safe (<1.25),Doubtful to Unsuitable,Marginal / Moderate,Safe (<1.0 mg/L),Natural Background (<10 mg/L),Within Drinking Norms,Unsafe for Drinking
21084,Madurai,Madurai South,Sakkilipatti,2015-01-09,2015,1,Post-Monsoon,9.901389,78.011111,Original,1282.0,2230,7.9,0.22,35.0,132,109.35,175.0,11.0,482,59,0.0,317.2,780,2.726815,0.0,32.4207,166.08,Poor,2.73,-10.39,33.61,S1 (Low),C3 (High),C3-S1,Safe (<1.25),Doubtful to Unsuitable,Good / Permissible,Safe (<1.0 mg/L),Acceptable (10-45 mg/L),Within Drinking Norms,Unsafe for Drinking
501001,Madurai,Madurai North,Oomatchikulam,2015-01-07,2015,1,Post-Monsoon,10.005,78.148056,Original,485.0,890,8.2,0.53,11.0,44,47.385,60.0,10.0,71,50,3.742058,251.1787,305,1.495007,0.0,29.12573,87.74,Good,1.49,-1.85,31.97,S1 (Low),C3 (High),C3-S1,Safe (<1.25),Permissible to Doubtful,Good / Permissible,Safe (<1.0 mg/L),Acceptable (10-45 mg/L),Within Drinking Norms,Permissible / Marginal
501003,Madurai,Madurai North,Varichiyur,2015-01-07,2015,1,Post-Monsoon,9.913056,78.251111,Original,1105.0,1980,8.2,0.11,4.0,108,87.48,173.0,7.0,532,83,0.0,195.2,630,2.999458,0.0,37.08324,143.49,Poor,3.0,-9.39,37.95,S1 (Low),C3 (High),C3-S1,Safe (<1.25),Permissible to Doubtful,Good / Permissible,Safe (<1.0 mg/L),Natural Background (<10 mg/L),Within Drinking Norms,Unsafe for Drinking
501004,Madurai,Madurai North,Sakkudi,2015-01-07,2015,1,Post-Monsoon,9.864167,78.223611,Original,483.0,860,8.3,0.16,7.0,34,26.73,101.0,14.0,103,35,4.140454,220.7598,195,3.147557,0.0,50.80286,78.9,Good,3.15,-0.14,54.93,S1 (Low),C3 (High),C3-S1,Safe (<1.25),Permissible to Doubtful,Good / Permissible,Safe (<1.0 mg/L),Natural Background (<10 mg/L),Within Drinking Norms,Safe Drinking Water
501005,Madurai,Madurai North,Chithakur,2015-01-07,2015,1,Post-Monsoon,9.948333,78.243611,Original,3262.0,5930,7.8,0.06,45.0,512,257.58,294.0,9.0,1758,108,0.0,250.1,2340,2.645147,0.0,21.39741,386.92,Unsuitable,2.64,-42.65,21.77,S1 (Low),C4 (Very High),C4-S1,Safe (<1.25),Unsuitable,Unsuitable,Safe (<1.0 mg/L),Acceptable (10-45 mg/L),Within Drinking Norms,Unsafe for Drinking
501007,Madurai,Madurai North,Velliankundram,2015-01-07,2015,1,Post-Monsoon,10.020556,78.178333,Original,764.0,1320,8.4,0.18,9.0,78,37.665,145.0,3.0,269,86,6.0,195.2,350,3.373247,0.0,47.15326,105.88,Poor,3.37,-3.59,47.72,S1 (Low),C3 (High),C3-S1,Safe (<1.25),Permissible to Doubtful,Good / Permissible,Safe (<1.0 mg/L),Natural Background (<10 mg/L),Within Drinking Norms,Permissible / Marginal
501012,Madurai,Madurai South,Vilacherry,2015-01-09,2015,1,Post-Monsoon,9.9,78.059444,Original,276.0,510,8.3,0.34,2.0,22,20.655,51.0,5.0,32,29,3.219945,171.6803,140,1.875685,0.1238293,43.12698,58.98,Good,1.87,0.12,45.6,S1 (Low),C2 (Medium),C2-S1,Safe (<1.25),Permissible to Doubtful,Good / Permissible,Safe (<1.0 mg/L),Natural Background (<10 mg/L),Within Drinking Norms,Safe Drinking Water
501023,Madurai,Peraiyur,Mangalrev,2015-01-02,2015,1,Post-Monsoon,9.786111,77.797222,Original,535.0,920,8.3,1.15,11.0,32,31.59,120.0,1.0,96,72,6.0,256.2,210,3.603471,0.2030185,55.28346,92.1,Good,3.6,0.2,55.54,S1 (Low),C3 (High),C3-S1,Safe (<1.25),Permissible to Doubtful,Good / Permissible,Permissible (1.0-1.5 mg/L),Acceptable (10-45 mg/L),Within Drinking Norms,Permissible / Marginal
501028,Madurai,Peraiyur,Athanur,2015-01-09,2015,1,Post-Monsoon,9.725,77.895556,Original,407.0,760,8.2,1.18,3.0,10,24.3,120.0,2.0,28,34,4.255833,285.6649,125,4.669917,2.325638,67.18201,76.4,Good,4.67,2.32,67.83,S1 (Low),C3 (High),C3-S1,Marginal (1.25-2.5),Doubtful to Unsuitable,Marginal / Moderate,Permissible (1.0-1.5 mg/L),Natural Background (<10 mg/L),Within Drinking Norms,Permissible / Marginal
501030,Madurai,Peraiyur,Mothagam,2015-01-09,2015,1,Post-Monsoon,9.679167,77.808889,Original,1861.0,3090,8.7,0.1,28.0,32,126.36,345.0,176.0,525,307,18.0,414.8,600,6.127762,0.0,47.6357,272.5,Very Poor,6.12,-4.6,61.91,S1 (Low),C4 (Very High),C4-S1,Safe (<1.25),Unsuitable,Unsuitable,Safe (<1.0 mg/L),Acceptable (10-45 mg/L),Within Drinking Norms,Unsafe for Drinking
501032,Madurai,Peraiyur,Salichanthai,2015-01-09,2015,1,Post-Monsoon,9.728333,77.801944,Original,2509.0,4580,8.1,0.26,6.0,176,199.26,465.0,8.0,1418,170,0.0,91.5,1260,5.700401,0.0,44.34544,282.24,Very Poor,5.7,-23.68,44.78,S1 (Low),C4 (Very High),C4-S1,Safe (<1.25),Unsuitable,Unsuitable,Safe (<1.0 mg/L),Natural Background (<10 mg/L),Within Drinking Norms,Unsafe for Drinking
501033,Madurai,Madurai North,Samayanallur,2015-01-06,2015,1,Post-Monsoon,9.980833,78.042222,Original,1365.0,2480,8.0,0.4,2.0,32,63.18,414.0,4.0,383,99,0.0,719.8,340,9.76915,5.002556,72.30326,154.59,Poor,9.76,5.0,72.7,S1 (Low),C4 (Very High),C4-S1,Unsuitable (>2.5),Doubtful to Unsuitable,Unsuitable,Safe (<1.0 mg/L),Natural Background (<10 mg/L),Within Drinking Norms,Permissible / Marginal
501035,Madurai,Madurai South,Nedunkulam,2015-01-08,2015,1,Post-Monsoon,9.787222,78.178056,Original,1040.0,1890,8.6,1.4,16.0,28,70.47,262.0,7.0,376,55,12.0,317.2,360,6.008014,0.0,60.71081,150.02,Poor,6.0,-1.6,61.65,S1 (Low),C3 (High),C3-S1,Safe (<1.25),Doubtful to Unsuitable,Marginal / Moderate,Permissible (1.0-1.5 mg/L),Acceptable (10-45 mg/L),Within Drinking Norms,Unsafe for Drinking
501036,Madurai,Madurai South,Othai Alangulam,2015-01-08,2015,1,Post-Monsoon,9.809722,78.055,Original,2921.0,5310,7.9,0.14,17.0,240,272.16,460.0,9.0,1744,51,0.0,140.3,1720,4.826488,0.0,36.63844,332.75,Unsuitable,4.82,-32.08,37.05,S1 (Low),C4 (Very High),C4-S1,Safe (<1.25),Unsuitable,Unsuitable,Safe (<1.0 mg/L),Acceptable (10-45 mg/L),Within Drinking Norms,Unsafe for Drinking
501037,Madurai,Thirumangalam,Mykudi,2015-01-08,2015,1,Post-Monsoon,9.787778,78.016667,Original,684.0,1190,8.5,0.73,6.0,22,35.235,184.0,4.0,238,64,12.0,195.2,200,5.661263,0.0,66.12769,100.89,Poor,5.66,-0.4,66.96,S1 (Low),C3 (High),C3-S1,Safe (<1.25),Doubtful to Unsuitable,Marginal / Moderate,Safe (<1.0 mg/L),Natural Background (<10 mg/L),Within Drinking Norms,Permissible / Marginal
501043,Madurai,Thirumangalam,Sivarakottai,2015-01-08,2015,1,Post-Monsoon,9.744722,77.98,Original,524.0,950,8.7,1.3,6.0,22,20.655,147.0,13.0,28,41,18.0,414.8,140,5.406387,4.601544,67.13572,101.7,Poor,5.4,4.6,70.62,S1 (Low),C3 (High),C3-S1,Unsuitable (>2.5),Doubtful to Unsuitable,Unsuitable,Permissible (1.0-1.5 mg/L),Natural Background (<10 mg/L),Within Drinking Norms,Unsafe for Drinking
501050,Madurai,Usilampatti,Thumbalapatti,2015-01-05,2015,1,Post-Monsoon,9.869444,77.776111,Original,614.0,1170,8.2,1.2,11.0,52,102.06,15.0,10.0,287,21,0.0,158.6,550,0.2782955,0.0,5.482162,118.55,Poor,0.28,-8.4,7.63,S1 (Low),C3 (High),C3-S1,Safe (<1.25),Permissible to Doubtful,Good / Permissible,Permissible (1.0-1.5 mg/L),Acceptable (10-45 mg/L),Within Drinking Norms,Permissible / Marginal
501053,Madurai,Vadipatti,Alagapuri,2015-01-06,2015,1,Post-Monsoon,10.056389,78.069722,Original,806.0,1470,8.8,1.28,24.0,12,106.92,120.0,10.0,213,56,18.0,323.3,470,2.408049,0.0,35.09631,144.41,Poor,2.41,-3.5,36.8,S1 (Low),C3 (High),C3-S1,Safe (<1.25),Permissible to Doubtful,Good / Permissible,Permissible (1.0-1.5 mg/L),Acceptable (10-45 mg/L),Within Drinking Norms,Unsafe for Drinking
81001B,Madurai,Madurai North,Kochadai,2015-01-02,2015,1,Post-Monsoon,9.943333,78.0775,Original,473.0,860,8.3,0.23,1.0,24,35.235,104.0,4.0,99,55,4.416607,235.4836,205,3.160628,0.0,51.85891,76.56,Good,3.16,-0.09,53.02,S1 (Low),C3 (High),C3-S1,Safe (<1.25),Permissible to Doubtful,Good / Permissible,Safe (<1.0 mg/L),Natural Background (<10 mg/L),Within Drinking Norms,Permissible / Marginal
83005,Madurai,Madurai South,Thiruparankundram,2015-01-08,2015,1,Post-Monsoon,9.879167,78.114444,Original,1338.0,2380,8.3,1.24,1.0,20,72.9,386.0,7.0,447,155,6.0,475.8,350,8.976669,1.002108,70.05793,166.0,Poor,8.97,1.0,70.79,S1 (Low),C4 (Very High),C4-S1,Safe (<1.25),Doubtful to Unsuitable,Marginal / Moderate,Permissible (1.0-1.5 mg/L),Natural Background (<10 mg/L),Within Drinking Norms,Permissible / Marginal
83006A,Madurai,Thirumangalam,Sathankudi,2015-01-09,2015,1,Post-Monsoon,9.7891,77.962,Gazetteer,1594.0,2800,8.3,0.87,25.0,60,97.2,386.0,10.0,475,169,6.0,561.2,550,7.161692,0.0,59.88218,195.93,Poor,7.16,-1.6,60.78,S1 (Low),C4 (Very High),C4-S1,Safe (<1.25),Doubtful to Unsuitable,Marginal / Moderate,Safe (<1.0 mg/L),Acceptable (10-45 mg/L),Within Drinking Norms,Permissible / Marginal
83007B,Madurai,Peraiyur,Chinnakattalai,2015-01-02,2015,1,Post-Monsoon,9.951944,77.800556,Well-History,1321.0,2280,8.7,1.25,5.0,40,89.91,304.0,8.0,461,279,18.0,195.2,470,6.101158,0.0,57.93942,176.2,Poor,6.1,-5.6,58.82,S1 (Low),C4 (Very High),C4-S1,Safe (<1.25),Doubtful to Unsuitable,Marginal / Moderate,Permissible (1.0-1.5 mg/L),Natural Background (<10 mg/L),Within Drinking Norms,Unsafe for Drinking
83014B,Madurai,Vadipatti,Mullipallam,2015-01-06,2015,1,Post-Monsoon,10.019444,77.950556,Original,568.0,1050,8.5,0.6,3.0,44,59.535,76.0,17.0,103,43,12.0,396.5,355,1.755184,0.0,30.50928,106.72,Poor,1.75,-0.2,34.51,S1 (Low),C3 (High),C3-S1,Safe (<1.25),Permissible to Doubtful,Good / Permissible,Safe (<1.0 mg/L),Natural Background (<10 mg/L),Within Drinking Norms,Permissible / Marginal
83020A,Madurai,Vadipatti,Valayapatti,2015-01-07,2015,1,Post-Monsoon,10.0881,77.9942,Gazetteer,630.0,1130,8.5,1.58,3.0,20,55.89,133.0,20.0,138,56,12.0,378.2,280,3.458181,1.00203,48.64,119.5,Poor,3.46,1.0,52.93,S1 (Low),C3 (High),C3-S1,Safe (<1.25),Permissible to Doubtful,Good / Permissible,Dental Fluorosis Risk (1.5-2.0 mg/L),Natural Background (<10 mg/L),Within Drinking Norms,Unsafe for Drinking
83048,Madurai,Thirumangalam,Puliankulam (M),2015-01-08,2015,1,Post-Monsoon,9.651667,77.909167,Original,2884.0,4920,7.9,1.33,18.0,176,131.22,690.0,5.0,1361,288,0.0,305.0,980,9.592029,0.0,60.36189,302.44,Unsuitable,9.59,-14.58,60.61,S1 (Low),C4 (Very High),C4-S1,Safe (<1.25),Unsuitable,Unsuitable,Permissible (1.0-1.5 mg/L),Acceptable (10-45 mg/L),Within Drinking Norms,Unsafe for Drinking
83064,Madurai,Peraiyur,Thirumanickam,2015-01-05,2015,1,Post-Monsoon,9.848889,77.752222,Original,500.0,840,8.8,1.26,19.0,16,40.095,97.0,4.0,89,55,10.34035,174.3442,205,2.94765,0.0,50.11374,99.78,Good,2.95,-0.9,51.31,S1 (Low),C3 (High),C3-S1,Safe (<1.25),Permissible to Doubtful,Good / Permissible,Permissible (1.0-1.5 mg/L),Acceptable (10-45 mg/L),Within Drinking Norms,Unsafe for Drinking
83072A,Madurai,Usilampatti,Valandur,2015-01-02,2015,1,Post-Monsoon,9.949722,77.871944,Well-History,690.0,1260,8.6,1.3,4.0,16,47.385,184.0,3.0,128,78,12.0,408.7,235,5.222229,2.401441,62.63558,115.24,Poor,5.22,2.4,63.22,S1 (Low),C3 (High),C3-S1,Marginal (1.25-2.5),Doubtful to Unsuitable,Marginal / Moderate,Permissible (1.0-1.5 mg/L),Natural Background (<10 mg/L),Within Drinking Norms,Unsafe for Drinking
83080A,Madurai,Vadipatti,Nagari,2015-01-06,2015,1,Post-Monsoon,10.019444,78.016389,Village-Centroid,454.0,830,7.3,0.93,7.0,52,43.74,46.0,9.0,71,53,0.44927,239.5408,310,1.136948,0.0,23.74826,72.88,Good,1.14,-2.25,26.47,S1 (Low),C3 (High),C3-S1,Safe (<1.25),Permissible to Doubtful,Good / Permissible,Safe (<1.0 mg/L),Natural Background (<10 mg/L),Within Drinking Norms,Permissible / Marginal
83082,Madurai,Usilampatti,Uthappanaickanur,2015-01-02,2015,1,Post-Monsoon,10.033333,77.787778,Original,1278.0,2360,8.2,1.14,7.0,136,133.65,115.0,35.0,369,191,0.0,530.7,890,1.677462,0.0,21.12224,199.25,Poor,1.68,-9.09,24.89,S1 (Low),C4 (Very High),C4-S1,Safe (<1.25),Doubtful to Unsuitable,Marginal / Moderate,Permissible (1.0-1.5 mg/L),Natural Background (<10 mg/L),Within Drinking Norms,Unsafe for Drinking
83092AY,Madurai,Vadipatti,Nirathan,2015-01-06,2015,1,Post-Monsoon,10.0525,77.975556,Well-History,552.0,960,7.2,0.73,11.0,64,46.17,46.0,37.0,96,43,0.0,341.6,350,1.070043,0.0,20.1289,89.37,Good,1.07,-1.4,29.64,S1 (Low),C3 (High),C3-S1,Safe (<1.25),Permissible to Doubtful,Good / Permissible,Safe (<1.0 mg/L),Acceptable (10-45 mg/L),Within Drinking Norms,Permissible / Marginal
83099,Madurai,Madurai North,Kadavur,2015-01-07,2015,1,Post-Monsoon,10.075,78.175,Original,453.0,850,8.2,0.33,7.0,30,57.105,51.0,7.0,85,43,3.595264,241.3255,310,1.26034,0.0,25.81427,82.5,Good,1.26,-2.12,27.89,S1 (Low),C3 (High),C3-S1,Safe (<1.25),Permissible to Doubtful,Good / Permissible,Safe (<1.0 mg/L),Natural Background (<10 mg/L),Within Drinking Norms,Permissible / Marginal
21005D,Madurai,Madurai South,Eliyarpatti,2015-01-08,2015,1,Post-Monsoon,9.794444,78.090278,Original,582.0,1080,8.6,0.49,3.0,36,52.245,104.0,6.0,170,56,12.0,262.3,305,2.591202,0.0,41.99187,100.28,Poor,2.59,-1.4,43.4,S1 (Low),C3 (High),C3-S1,Safe (<1.25),Permissible to Doubtful,Good / Permissible,Safe (<1.0 mg/L),Natural Background (<10 mg/L),Within Drinking Norms,Unsafe for Drinking
501002,Madurai,Vadipatti,Thanichiyam,2015-01-06,2015,1,Post-Monsoon,10.041111,78.010556,Original,1624.0,2830,8.2,1.44,25.0,40,89.91,437.0,8.0,425,173,0.0,683.2,470,8.770414,1.803846,66.44509,199.71,Poor,8.77,1.8,67.15,S1 (Low),C4 (Very High),C4-S1,Marginal (1.25-2.5),Doubtful to Unsuitable,Marginal / Moderate,Permissible (1.0-1.5 mg/L),Acceptable (10-45 mg/L),Within Drinking Norms,Permissible / Marginal
21019D,Madurai,Melur,Karungalakudi,2015-01-09,2015,1,Post-Monsoon,10.155556,78.369167,Original,689.0,1210,8.1,0.88,3.0,78,30.375,133.0,5.0,255,71,0.0,207.4,320,3.236011,0.0,47.01426,101.42,Poor,3.23,-2.99,48.04,S1 (Low),C3 (High),C3-S1,Safe (<1.25),Permissible to Doubtful,Good / Permissible,Safe (<1.0 mg/L),Natural Background (<10 mg/L),Within Drinking Norms,Permissible / Marginal
21022D,Madurai,Melur,Pulipatti,2015-01-08,2015,1,Post-Monsoon,10.086111,78.291667,Original,1039.0,1820,8.2,0.57,2.0,108,34.02,230.0,21.0,418,77,0.0,286.7,410,4.944101,0.0,53.4119,135.77,Poor,4.94,-3.49,56.27,S1 (Low),C3 (High),C3-S1,Safe (<1.25),Permissible to Doubtful,Good / Permissible,Safe (<1.0 mg/L),Natural Background (<10 mg/L),Within Drinking Norms,Permissible / Marginal
21023D,Madurai,Melur,Uranganpatti,2015-01-09,2015,1,Post-Monsoon,9.998333,78.43,Original,556.0,960,7.6,0.88,22.0,86,32.805,55.0,12.0,57,25,0.0,378.2,350,1.279569,0.0,24.68755,90.48,Good,1.28,-0.79,27.85,S1 (Low),C3 (High),C3-S1,Safe (<1.25),Permissible to Doubtful,Good / Permissible,Safe (<1.0 mg/L),Acceptable (10-45 mg/L),Within Drinking Norms,Permissible / Marginal
21024D,Madurai,Melur,Thiruvadur,2015-01-08,2015,1,Post-Monsoon,9.956944,78.319444,Original,750.0,1290,8.3,0.3,10.0,56,36.45,156.0,21.0,206,79,6.0,286.7,290,3.98669,0.0,51.73227,109.07,Poor,3.98,-0.9,55.82,S1 (Low),C3 (High),C3-S1,Safe (<1.25),Permissible to Doubtful,Good / Permissible,Safe (<1.0 mg/L),Acceptable (10-45 mg/L),Within Drinking Norms,Permissible / Marginal
21066,Madurai,Melur,Attukulam,2015-01-08,2015,1,Post-Monsoon,10.0025,78.356667,Village-Centroid,1088.0,1860,7.4,0.71,20.0,152,26.73,198.0,9.0,369,90,0.0,311.1,490,3.893692,0.0,46.23465,127.73,Poor,3.89,-4.69,47.46,S1 (Low),C3 (High),C3-S1,Safe (<1.25),Permissible to Doubtful,Good / Permissible,Safe (<1.0 mg/L),Acceptable (10-45 mg/L),Within Drinking Norms,Permissible / Marginal
501013,Madurai,Melur,Veppaodappu,2015-01-08,2015,1,Post-Monsoon,9.917222,78.303889,Original,413.0,730,8.3,1.42,11.0,44,27.945,64.0,6.0,113,19,2.759691,147.1405,225,1.856854,0.0,37.45421,85.92,Good,1.86,-1.99,39.51,S1 (Low),C2 (Medium),C2-S1,Safe (<1.25),Good to Permissible,Excellent,Permissible (1.0-1.5 mg/L),Acceptable (10-45 mg/L),Within Drinking Norms,Permissible / Marginal
501016,Madurai,Melur,Navinipatti,2015-01-08,2015,1,Post-Monsoon,10.043889,78.362778,Original,550.0,970,8.2,0.29,12.0,78,46.17,46.0,10.0,138,56,0.0,244.0,385,1.020289,0.0,20.1125,93.61,Good,1.02,-3.69,22.68,S1 (Low),C3 (High),C3-S1,Safe (<1.25),Permissible to Doubtful,Good / Permissible,Safe (<1.0 mg/L),Acceptable (10-45 mg/L),Within Drinking Norms,Permissible / Marginal
501018,Madurai,Melur,Manappacheri,2015-01-09,2015,1,Post-Monsoon,10.217222,78.350278,Original,1072.0,1960,8.1,1.16,3.0,36,94.77,230.0,5.0,411,118,0.0,329.4,480,4.567574,0.0,50.71366,147.13,Poor,4.57,-4.2,51.35,S1 (Low),C3 (High),C3-S1,Safe (<1.25),Permissible to Doubtful,Good / Permissible,Permissible (1.0-1.5 mg/L),Natural Background (<10 mg/L),Within Drinking Norms,Permissible / Marginal
83095,Madurai,Melur,Pulipatti,2015-01-08,2015,1,Post-Monsoon,10.084444,78.288889,Original,2987.0,5370,7.2,0.56,3.0,304,136.08,644.0,5.0,1489,154,0.0,500.2,1320,7.714715,0.0,51.39029,306.25,Unsuitable,7.71,-18.17,51.61,S1 (Low),C4 (Very High),C4-S1,Safe (<1.25),Unsuitable,Unsuitable,Safe (<1.0 mg/L),Natural Background (<10 mg/L),Within Drinking Norms,Unsafe for Drinking
83096,Madurai,Melur,Thumbalapatti,2015-01-09,2015,1,Post-Monsoon,9.869444,77.776111,Village-Centroid,490.0,880,8.2,0.53,6.0,58,26.73,74.0,25.0,121,16,3.448472,231.4723,255,2.01688,0.0,35.9553,87.91,Good,2.02,-1.19,43.09,S1 (Low),C3 (High),C3-S1,Safe (<1.25),Permissible to Doubtful,Good / Permissible,Safe (<1.0 mg/L),Natural Background (<10 mg/L),Within Drinking Norms,Permissible / Marginal
21001D,Madurai,Madurai South,Thiruparankundram,2010-07-06,2010,7,Pre-Monsoon,9.877778,78.097222,Original,1117.0,2000,8.6,1.69,16.0,28,43.74,354.0,5.0,369,33,0.0,536.8,250,9.741942,3.802241,75.03005,155.8,Poor,9.74,3.8,75.64,S1 (Low),C3 (High),C3-S1,Unsuitable (>2.5),Doubtful to Unsuitable,Unsuitable,Dental Fluorosis Risk (1.5-2.0 mg/L),Acceptable (10-45 mg/L),Within Drinking Norms,Unsafe for Drinking
21002D,Madurai,Thirumangalam,Chokkanathapuram,2010-07-07,2010,7,Pre-Monsoon,9.945556,77.975556,Original,324.0,570,8.2,0.47,40.0,44,30.375,25.0,4.0,43,25,2.714507,182.2063,235,0.7097208,0.0,18.47796,74.88,Good,0.71,-1.62,20.21,S1 (Low),C2 (Medium),C2-S1,Safe (<1.25),Good to Permissible,Excellent,Safe (<1.0 mg/L),Acceptable (10-45 mg/L),Within Drinking Norms,Permissible / Marginal
21003D,Madurai,Peraiyur,Chinnakattalai,2010-07-12,2010,7,Pre-Monsoon,9.845556,77.796667,Original,886.0,1550,8.4,1.34,99.0,26,74.115,193.0,6.0,199,48,6.0,469.7,370,4.365464,0.5027109,52.65068,156.06,Poor,4.36,0.5,53.6,S1 (Low),C3 (High),C3-S1,Safe (<1.25),Permissible to Doubtful,Good / Permissible,Permissible (1.0-1.5 mg/L),Anthropogenic High (45-100 mg/L),Agricultural Fertilizer Runoff,Unsafe for Drinking
21004D,Madurai,Thirumangalam,Chinna Ulagani,2010-07-06,2010,7,Pre-Monsoon,9.773611,78.052222,Original,229.0,400,8.2,0.53,6.0,36,14.58,28.0,4.0,35,22,1.980542,132.9402,150,0.9950441,0.0,28.21521,55.78,Good,0.99,-0.75,30.58,S1 (Low),C2 (Medium),C2-S1,Safe (<1.25),Good to Permissible,Excellent,Safe (<1.0 mg/L),Natural Background (<10 mg/L),Within Drinking Norms,Safe Drinking Water
21005D,Madurai,Madurai South,Eliyarpatti,2010-07-06,2010,7,Pre-Monsoon,9.794444,78.090278,Original,954.0,1610,8.2,0.87,174.0,132,65.61,106.0,5.0,248,37,0.0,372.1,600,1.883397,0.0,27.56796,175.6,Poor,1.88,-5.89,28.32,S1 (Low),C3 (High),C3-S1,Safe (<1.25),Permissible to Doubtful,Good / Permissible,Safe (<1.0 mg/L),Severe Contamination (>100 mg/L),Urban Domestic / Septic Leaching,Unsafe for Drinking
21006D,Madurai,Peraiyur,Elumalai RF,2010-07-12,2010,7,Pre-Monsoon,9.861111,77.7,Original,515.0,970,8.1,0.72,42.0,50,69.255,37.0,11.0,67,19,0.0,439.2,410,0.7951174,0.0,15.9587,107.69,Poor,0.79,-1.0,18.74,S1 (Low),C3 (High),C3-S1,Safe (<1.25),Permissible to Doubtful,Good / Permissible,Safe (<1.0 mg/L),Acceptable (10-45 mg/L),Within Drinking Norms,Permissible / Marginal
21007D,Madurai,Thirumangalam,Kallikudi,2010-07-06,2010,7,Pre-Monsoon,9.693889,77.971111,Original,1917.0,3350,7.8,1.06,130.0,200,243.0,110.0,6.0,780,326,0.0,244.0,1500,1.235888,0.0,13.7039,286.1,Very Poor,1.24,-25.98,14.14,S1 (Low),C4 (Very High),C4-S1,Safe (<1.25),Unsuitable,Unsuitable,Permissible (1.0-1.5 mg/L),Severe Contamination (>100 mg/L),Urban Domestic / Septic Leaching,Unsafe for Drinking
21008D,Madurai,Madurai South,Melamathur,2010-07-07,2010,7,Pre-Monsoon,9.968056,78.007778,Original,693.0,1170,8.4,1.05,77.0,50,40.095,133.0,30.0,117,41,6.0,396.5,290,3.39876,0.9045674,46.8547,134.72,Poor,3.4,0.9,53.06,S1 (Low),C3 (High),C3-S1,Safe (<1.25),Permissible to Doubtful,Good / Permissible,Permissible (1.0-1.5 mg/L),Anthropogenic High (45-100 mg/L),Urban Domestic / Septic Leaching,Unsafe for Drinking
21009D,Madurai,Thirumangalam,Kappalur,2010-07-13,2010,7,Pre-Monsoon,9.843056,78.018611,Original,423.0,760,8.0,0.67,50.0,16,46.17,71.0,5.0,89,24,1.862027,198.088,230,2.036891,0.0,39.52344,84.5,Good,2.04,-1.29,41.15,S1 (Low),C3 (High),C3-S1,Safe (<1.25),Permissible to Doubtful,Good / Permissible,Safe (<1.0 mg/L),Anthropogenic High (45-100 mg/L),Agricultural Fertilizer Runoff,Unsafe for Drinking
21010D,Madurai,Madurai North,Karupayoorani,2010-07-05,2010,7,Pre-Monsoon,9.931944,78.177778,Original,1204.0,2070,7.6,0.61,58.0,56,46.17,317.0,31.0,482,46,0.0,335.5,330,7.593948,0.0,65.11639,150.33,Poor,7.59,-1.1,68.85,S1 (Low),C3 (High),C3-S1,Safe (<1.25),Doubtful to Unsuitable,Marginal / Moderate,Safe (<1.0 mg/L),Anthropogenic High (45-100 mg/L),Urban Domestic / Septic Leaching,Unsafe for Drinking
21011D,Madurai,Peraiyur,Mallapuram,2010-07-12,2010,7,Pre-Monsoon,9.805556,77.668333,Original,721.0,1310,8.2,0.95,40.0,22,71.685,122.0,31.0,220,58,0.0,311.1,350,2.83722,0.0,40.52069,129.4,Poor,2.84,-1.9,46.56,S1 (Low),C3 (High),C3-S1,Safe (<1.25),Permissible to Doubtful,Good / Permissible,Safe (<1.0 mg/L),Acceptable (10-45 mg/L),Within Drinking Norms,Permissible / Marginal
21012D,Madurai,Thirumangalam,Kurayur,2010-07-06,2010,7,Pre-Monsoon,9.694444,78.025,Original,911.0,1550,8.0,1.15,87.0,48,31.59,248.0,3.0,177,75,18.0,445.3,250,6.826019,2.904129,68.02048,136.11,Poor,6.82,2.9,68.49,S1 (Low),C3 (High),C3-S1,Unsuitable (>2.5),Doubtful to Unsuitable,Unsuitable,Permissible (1.0-1.5 mg/L),Anthropogenic High (45-100 mg/L),Agricultural Fertilizer Runoff,Unsafe for Drinking
21013D,Madurai,Vadipatti,Manianji,2010-07-02,2010,7,Pre-Monsoon,10.004167,78.1025,Original,280.0,480,7.8,0.37,42.0,36,15.795,41.0,6.0,35,6,0.9431791,159.0253,155,1.433312,0.0,35.43287,59.39,Good,1.43,-0.46,38.47,S1 (Low),C2 (Medium),C2-S1,Safe (<1.25),Good to Permissible,Excellent,Safe (<1.0 mg/L),Acceptable (10-45 mg/L),Within Drinking Norms,Safe Drinking Water
21014D,Madurai,Madurai South,Kilakuilkudi,2010-07-07,2010,7,Pre-Monsoon,9.928333,78.055,Original,680.0,1300,7.3,0.91,16.0,90,69.255,74.0,7.0,167,19,0.0,475.8,510,1.425996,0.0,23.68843,105.86,Poor,1.43,-2.39,25.0,S1 (Low),C3 (High),C3-S1,Safe (<1.25),Permissible to Doubtful,Good / Permissible,Safe (<1.0 mg/L),Acceptable (10-45 mg/L),Within Drinking Norms,Permissible / Marginal
21015D,Madurai,Peraiyur,Peraiyur,2010-07-13,2010,7,Pre-Monsoon,9.74,77.793333,Original,399.0,700,7.8,0.8,25.0,40,24.3,74.0,2.0,89,35,1.0611,178.9073,200,2.277246,0.0,44.30115,71.11,Good,2.28,-1.03,44.99,S1 (Low),C2 (Medium),C2-S1,Safe (<1.25),Permissible to Doubtful,Good / Permissible,Safe (<1.0 mg/L),Acceptable (10-45 mg/L),Within Drinking Norms,Safe Drinking Water
21016D,Madurai,Peraiyur,Subbulapuram,2010-07-13,2010,7,Pre-Monsoon,9.675556,77.809444,Original,582.0,1070,7.9,0.98,22.0,44,58.32,87.0,4.0,160,42,0.0,329.4,350,2.023532,0.0,34.77747,100.36,Poor,2.02,-1.6,35.71,S1 (Low),C3 (High),C3-S1,Safe (<1.25),Permissible to Doubtful,Good / Permissible,Safe (<1.0 mg/L),Acceptable (10-45 mg/L),Within Drinking Norms,Permissible / Marginal
21017D,Madurai,Thirumangalam,Thangalacheri,2010-07-13,2010,7,Pre-Monsoon,9.836111,77.868889,Original,2108.0,3400,7.9,0.48,198.0,200,72.9,428.0,31.0,681,283,0.0,427.0,800,6.586245,0.0,52.60567,274.83,Very Poor,6.58,-8.98,54.84,S1 (Low),C4 (Very High),C4-S1,Safe (<1.25),Unsuitable,Unsuitable,Safe (<1.0 mg/L),Severe Contamination (>100 mg/L),Urban Domestic / Septic Leaching,Unsafe for Drinking
21018D,Madurai,Thirumangalam,Peikulam,2010-07-06,2010,7,Pre-Monsoon,9.645833,77.991111,Original,980.0,1600,7.9,0.13,116.0,100,48.6,161.0,31.0,305,77,0.0,280.6,450,3.303187,0.0,41.72073,151.02,Poor,3.3,-4.39,46.43,S1 (Low),C3 (High),C3-S1,Safe (<1.25),Permissible to Doubtful,Good / Permissible,Safe (<1.0 mg/L),Severe Contamination (>100 mg/L),Agricultural Fertilizer Runoff,Unsafe for Drinking
21019D,Madurai,Melur,Karungalakudi,2010-07-05,2010,7,Pre-Monsoon,10.155556,78.369167,Original,688.0,1180,7.8,0.79,53.0,50,38.88,152.0,4.0,234,31,0.0,250.1,285,3.918247,0.0,53.28291,104.58,Poor,3.92,-1.6,54.09,S1 (Low),C3 (High),C3-S1,Safe (<1.25),Permissible to Doubtful,Good / Permissible,Safe (<1.0 mg/L),Anthropogenic High (45-100 mg/L),Agricultural Fertilizer Runoff,Unsafe for Drinking
21020D,Madurai,Melur,Pallapatti,2010-07-05,2010,7,Pre-Monsoon,10.247222,78.386111,Original,405.0,760,8.2,0.73,27.0,40,48.6,41.0,4.0,74,15,3.742058,251.1787,300,1.030043,0.0,22.62885,86.04,Good,1.03,-1.75,23.92,S1 (Low),C3 (High),C3-S1,Safe (<1.25),Permissible to Doubtful,Good / Permissible,Safe (<1.0 mg/L),Acceptable (10-45 mg/L),Within Drinking Norms,Permissible / Marginal
21021D,Madurai,Melur,Athipatti,2010-07-05,2010,7,Pre-Monsoon,10.086111,78.391667,Original,1061.0,1830,7.9,0.56,102.0,124,59.535,173.0,3.0,425,36,0.0,274.5,555,3.196055,0.0,40.26465,154.65,Poor,3.19,-6.59,40.66,S1 (Low),C3 (High),C3-S1,Safe (<1.25),Permissible to Doubtful,Good / Permissible,Safe (<1.0 mg/L),Severe Contamination (>100 mg/L),Agricultural Fertilizer Runoff,Unsafe for Drinking
21022D,Madurai,Melur,Pulipatti,2010-07-05,2010,7,Pre-Monsoon,10.086111,78.291667,Original,332.0,590,8.1,0.55,17.0,34,14.58,67.0,5.0,71,19,1.9875,167.9496,145,2.421674,0.0,49.07324,64.65,Good,2.42,-0.08,51.22,S1 (Low),C2 (Medium),C2-S1,Safe (<1.25),Permissible to Doubtful,Good / Permissible,Safe (<1.0 mg/L),Acceptable (10-45 mg/L),Within Drinking Norms,Safe Drinking Water
21023D,Madurai,Melur,Uranganpatti,2010-07-05,2010,7,Pre-Monsoon,9.998333,78.43,Original,405.0,760,7.8,0.7,19.0,36,27.945,81.0,4.0,71,13,1.473822,248.4946,205,2.461948,0.02616185,45.62845,71.25,Good,2.46,0.03,46.94,S1 (Low),C3 (High),C3-S1,Safe (<1.25),Permissible to Doubtful,Good / Permissible,Safe (<1.0 mg/L),Acceptable (10-45 mg/L),Within Drinking Norms,Permissible / Marginal
21024D,Madurai,Melur,Thiruvadur,2010-07-05,2010,7,Pre-Monsoon,9.956944,78.319444,Original,659.0,1150,8.0,0.47,40.0,54,34.02,140.0,17.0,142,43,0.0,378.2,275,3.674104,0.7048835,50.66792,105.55,Poor,3.67,0.7,54.27,S1 (Low),C3 (High),C3-S1,Safe (<1.25),Permissible to Doubtful,Good / Permissible,Safe (<1.0 mg/L),Acceptable (10-45 mg/L),Within Drinking Norms,Permissible / Marginal
21025D,Madurai,Madurai North,Varichiyur,2010-07-05,2010,7,Pre-Monsoon,9.908889,78.256111,Original,928.0,1600,8.2,0.95,88.0,40,70.47,196.0,9.0,362,40,0.0,244.0,390,4.318445,0.0,51.51147,146.98,Poor,4.32,-3.8,52.89,S1 (Low),C3 (High),C3-S1,Safe (<1.25),Permissible to Doubtful,Good / Permissible,Safe (<1.0 mg/L),Anthropogenic High (45-100 mg/L),Urban Domestic / Septic Leaching,Unsafe for Drinking
21026D,Madurai,Vadipatti,Senthamangalam,2010-07-02,2010,7,Pre-Monsoon,10.138333,78.141111,Original,556.0,1030,7.5,0.9,51.0,46,63.18,62.0,9.0,110,26,6.0,366.0,375,1.393151,0.0,25.87747,100.12,Poor,1.39,-1.3,28.08,S1 (Low),C3 (High),C3-S1,Safe (<1.25),Permissible to Doubtful,Good / Permissible,Safe (<1.0 mg/L),Anthropogenic High (45-100 mg/L),Agricultural Fertilizer Runoff,Unsafe for Drinking
21027D,Madurai,Vadipatti,Thiruvedagam,2010-07-02,2010,7,Pre-Monsoon,10.019444,77.972222,Original,448.0,860,7.9,1.01,9.0,22,53.46,69.0,15.0,71,22,2.260167,302.7001,275,1.810363,0.0,33.79121,86.98,Good,1.81,-0.46,38.1,S1 (Low),C3 (High),C3-S1,Safe (<1.25),Permissible to Doubtful,Good / Permissible,Permissible (1.0-1.5 mg/L),Natural Background (<10 mg/L),Within Drinking Norms,Permissible / Marginal
21028D,Madurai,Usilampatti,Veppanuthu,2010-07-12,2010,7,Pre-Monsoon,9.897222,77.841667,Original,1330.0,2330,7.9,1.34,117.0,72,102.06,276.0,12.0,475,62,0.0,427.0,600,4.902901,0.0,49.39713,197.07,Poor,4.9,-5.0,50.65,S1 (Low),C4 (Very High),C4-S1,Safe (<1.25),Doubtful to Unsuitable,Marginal / Moderate,Permissible (1.0-1.5 mg/L),Severe Contamination (>100 mg/L),Agricultural Fertilizer Runoff,Unsafe for Drinking
21029D,Madurai,Usilampatti,Vikramangalam,2010-07-07,2010,7,Pre-Monsoon,10.021667,77.886667,Original,2127.0,3500,8.0,0.49,100.0,176,68.04,483.0,31.0,822,264,0.0,366.0,720,7.834565,0.0,58.06189,252.41,Very Poor,7.83,-8.38,60.24,S1 (Low),C4 (Very High),C4-S1,Safe (<1.25),Unsuitable,Unsuitable,Safe (<1.0 mg/L),Anthropogenic High (45-100 mg/L),Urban Domestic / Septic Leaching,Unsafe for Drinking
21030D,Madurai,Peraiyur,Kunnathur,2010-07-13,2010,7,Pre-Monsoon,9.746944,77.889444,Original,416.0,760,7.8,0.67,11.0,64,25.515,53.0,7.0,50,28,1.709663,288.2588,265,1.417047,0.0,29.63999,73.85,Good,1.42,-0.51,31.93,S1 (Low),C3 (High),C3-S1,Safe (<1.25),Permissible to Doubtful,Good / Permissible,Safe (<1.0 mg/L),Acceptable (10-45 mg/L),Within Drinking Norms,Permissible / Marginal
21031D,Madurai,Usilampatti,Uthappanaickanur,2010-07-07,2010,7,Pre-Monsoon,10.035556,77.791111,Original,1603.0,2780,7.8,0.69,223.0,124,140.94,228.0,31.0,454,115,6.0,561.2,890,3.325655,0.0,34.80272,255.05,Very Poor,3.32,-8.39,37.57,S1 (Low),C4 (Very High),C4-S1,Safe (<1.25),Doubtful to Unsuitable,Marginal / Moderate,Safe (<1.0 mg/L),Severe Contamination (>100 mg/L),Agricultural Fertilizer Runoff,Unsafe for Drinking
21032D,Madurai,Usilampatti,Doddappanaickanur,2010-07-07,2010,7,Pre-Monsoon,9.971111,77.736111,Original,1057.0,1900,7.5,0.67,22.0,48,89.91,205.0,31.0,355,62,0.0,488.0,490,4.029538,0.0,45.71929,144.14,Poor,4.03,-1.8,49.77,S1 (Low),C3 (High),C3-S1,Safe (<1.25),Permissible to Doubtful,Good / Permissible,Safe (<1.0 mg/L),Acceptable (10-45 mg/L),Within Drinking Norms,Permissible / Marginal
21033D,Madurai,Usilampatti,Usilampatti,2010-07-07,2010,7,Pre-Monsoon,9.959722,77.791667,Original,1829.0,3360,8.0,1.45,58.0,80,174.96,359.0,9.0,681,134,12.0,640.5,920,5.149794,0.0,45.61268,246.92,Very Poor,5.15,-7.5,46.27,S1 (Low),C4 (Very High),C4-S1,Safe (<1.25),Unsuitable,Unsuitable,Permissible (1.0-1.5 mg/L),Anthropogenic High (45-100 mg/L),Urban Domestic / Septic Leaching,Unsafe for Drinking
21034D,Madurai,Melur,Chittampatti,2010-07-05,2010,7,Pre-Monsoon,10.0,78.275,Original,917.0,1580,8.0,0.98,53.0,60,46.17,205.0,31.0,220,58,0.0,488.0,340,4.838224,1.205422,54.03128,142.68,Poor,4.84,1.2,58.82,S1 (Low),C3 (High),C3-S1,Safe (<1.25),Permissible to Doubtful,Good / Permissible,Safe (<1.0 mg/L),Anthropogenic High (45-100 mg/L),Agricultural Fertilizer Runoff,Unsafe for Drinking
21035D,Madurai,Madurai North,Madurai North,2010-07-02,2010,7,Pre-Monsoon,9.843056,78.141667,Original,1026.0,1900,8.0,1.11,88.0,56,99.63,182.0,14.0,163,72,0.0,701.5,550,3.376704,0.5054891,41.08733,171.54,Poor,3.37,0.5,42.93,S1 (Low),C3 (High),C3-S1,Safe (<1.25),Permissible to Doubtful,Good / Permissible,Permissible (1.0-1.5 mg/L),Anthropogenic High (45-100 mg/L),Urban Domestic / Septic Leaching,Unsafe for Drinking
21036D,Madurai,Madurai North,Koolapandi,2010-07-02,2010,7,Pre-Monsoon,10.008333,78.147222,Original,594.0,1090,7.8,1.49,52.0,28,66.825,97.0,9.0,103,39,0.0,396.5,345,2.272198,0.0,37.18832,114.68,Poor,2.27,-0.4,39.2,S1 (Low),C3 (High),C3-S1,Safe (<1.25),Permissible to Doubtful,Good / Permissible,Permissible (1.0-1.5 mg/L),Anthropogenic High (45-100 mg/L),Urban Domestic / Septic Leaching,Unsafe for Drinking
21037D,Madurai,Thirumangalam,Kandai,2010-07-13,2010,7,Pre-Monsoon,9.877778,77.913333,Original,674.0,1220,7.9,0.89,53.0,40,66.825,117.0,4.0,135,29,0.0,457.5,375,2.628922,0.003941022,40.11489,115.95,Poor,2.63,0.0,40.91,S1 (Low),C3 (High),C3-S1,Safe (<1.25),Permissible to Doubtful,Good / Permissible,Safe (<1.0 mg/L),Anthropogenic High (45-100 mg/L),Agricultural Fertilizer Runoff,Unsafe for Drinking
83004A,Madurai,Thirumangalam,Kallikudi,2010-07-06,2010,7,Pre-Monsoon,9.7025,77.943333,Original,785.0,1280,8.1,0.75,104.0,16,38.88,191.0,31.0,170,72,0.0,323.3,200,5.876264,1.30148,63.42624,133.97,Poor,5.87,1.3,69.47,S1 (Low),C3 (High),C3-S1,Marginal (1.25-2.5),Doubtful to Unsuitable,Marginal / Moderate,Safe (<1.0 mg/L),Severe Contamination (>100 mg/L),Agricultural Fertilizer Runoff,Unsafe for Drinking
83004A,Madurai,Thirumangalam,Kallikudi,2010-07-06,2010,7,Pre-Monsoon,9.7025,77.943333,Original,1118.0,1900,7.9,0.35,14.0,172,97.2,32.0,90.0,532,29,0.0,207.4,830,0.4834045,0.0,6.864922,178.51,Poor,0.48,-13.18,18.21,S1 (Low),C3 (High),C3-S1,Safe (<1.25),Permissible to Doubtful,Good / Permissible,Safe (<1.0 mg/L),Acceptable (10-45 mg/L),Within Drinking Norms,Unsafe for Drinking
83005,Madurai,Madurai South,Thiruparankundram,2010-07-06,2010,7,Pre-Monsoon,9.879167,78.114444,Original,1441.0,2500,7.8,1.08,61.0,28,80.19,405.0,7.0,532,96,0.0,463.6,400,8.810464,0.0,68.30346,177.02,Poor,8.81,-0.4,68.98,S1 (Low),C4 (Very High),C4-S1,Safe (<1.25),Doubtful to Unsuitable,Marginal / Moderate,Permissible (1.0-1.5 mg/L),Anthropogenic High (45-100 mg/L),Urban Domestic / Septic Leaching,Unsafe for Drinking
83013,Madurai,Usilampatti,Usilamaptti,2010-07-07,2010,7,Pre-Monsoon,9.966111,77.7925,Original,582.0,1090,8.1,0.98,30.0,20,69.255,99.0,9.0,170,17,0.0,335.5,335,2.353299,0.0,38.33449,107.4,Poor,2.35,-1.2,40.37,S1 (Low),C3 (High),C3-S1,Safe (<1.25),Permissible to Doubtful,Good / Permissible,Safe (<1.0 mg/L),Acceptable (10-45 mg/L),Within Drinking Norms,Permissible / Marginal
83014B,Madurai,Vadipatti,Mullipallam,2010-07-07,2010,7,Pre-Monsoon,10.019444,77.950556,Original,313.0,630,7.1,0.64,17.0,20,55.89,18.0,3.0,50,15,0.2600305,219.7337,280,0.4680245,0.0,12.12599,56.02,Good,0.47,-1.99,13.31,S1 (Low),C2 (Medium),C2-S1,Safe (<1.25),Good to Permissible,Excellent,Safe (<1.0 mg/L),Acceptable (10-45 mg/L),Within Drinking Norms,Permissible / Marginal
83016A,Madurai,Melur,Chittampatti,2010-07-05,2010,7,Pre-Monsoon,9.988056,78.243056,Original,326.0,540,8.1,0.72,46.0,44,12.15,51.0,8.0,53,20,1.75359,148.1835,160,1.75498,0.0,39.48264,73.31,Good,1.75,-0.71,43.11,S1 (Low),C2 (Medium),C2-S1,Safe (<1.25),Good to Permissible,Excellent,Safe (<1.0 mg/L),Anthropogenic High (45-100 mg/L),Agricultural Fertilizer Runoff,Unsafe for Drinking
83016A,Madurai,Melur,Chittampatti,2010-07-13,2010,7,Pre-Monsoon,9.988056,78.243056,Original,601.0,1070,8.5,0.63,5.0,26,43.74,138.0,3.0,206,35,6.0,244.0,245,3.836215,0.0,54.68805,96.55,Good,3.83,-0.7,55.37,S1 (Low),C3 (High),C3-S1,Safe (<1.25),Permissible to Doubtful,Good / Permissible,Safe (<1.0 mg/L),Natural Background (<10 mg/L),Within Drinking Norms,Permissible / Marginal
83049,Madurai,Thirumangalam,Peikulam,2010-07-06,2010,7,Pre-Monsoon,9.645556,77.990278,Original,386.0,650,8.0,0.17,9.0,32,15.795,78.0,22.0,103,31,1.442966,153.507,145,2.81918,0.0,49.51422,66.31,Good,2.82,-0.33,57.72,S1 (Low),C2 (Medium),C2-S1,Safe (<1.25),Permissible to Doubtful,Good / Permissible,Safe (<1.0 mg/L),Natural Background (<10 mg/L),Within Drinking Norms,Safe Drinking Water
83051,Madurai,Peraiyur,Karaikeni,2010-07-13,2010,7,Pre-Monsoon,9.708333,77.968333,Original,397.0,720,8.2,1.54,36.0,30,36.45,62.0,4.0,99,23,2.567714,172.353,225,1.798591,0.0,36.96494,91.29,Good,1.8,-1.59,38.35,S1 (Low),C2 (Medium),C2-S1,Safe (<1.25),Good to Permissible,Excellent,Dental Fluorosis Risk (1.5-2.0 mg/L),Acceptable (10-45 mg/L),Within Drinking Norms,Unsafe for Drinking
83062A,Madurai,Thirumangalam,Kappalur,2010-07-13,2010,7,Pre-Monsoon,9.840278,78.016667,Original,1212.0,2150,8.0,0.54,47.0,76,114.21,189.0,30.0,546,82,0.0,256.2,660,3.201143,0.0,37.06644,173.84,Poor,3.2,-8.99,40.51,S1 (Low),C3 (High),C3-S1,Safe (<1.25),Doubtful to Unsuitable,Good / Permissible,Safe (<1.0 mg/L),Anthropogenic High (45-100 mg/L),Urban Domestic / Septic Leaching,Unsafe for Drinking
83082,Madurai,Usilampatti,Uthappanaickanur,2010-07-07,2010,7,Pre-Monsoon,10.033333,77.787778,Original,689.0,1210,8.0,0.71,53.0,46,82.62,69.0,8.0,160,139,0.0,262.3,455,1.407491,0.0,24.4007,121.41,Poor,1.41,-4.8,26.05,S1 (Low),C3 (High),C3-S1,Safe (<1.25),Permissible to Doubtful,Good / Permissible,Safe (<1.0 mg/L),Anthropogenic High (45-100 mg/L),Agricultural Fertilizer Runoff,Unsafe for Drinking
83095,Madurai,Melur,Pulipatti,2010-07-05,2010,7,Pre-Monsoon,10.084444,78.288889,Original,1215.0,2150,7.8,1.15,4.0,48,38.88,368.0,3.0,468,62,0.0,445.3,280,9.570524,1.704252,73.83819,139.19,Poor,9.57,1.7,74.18,S1 (Low),C3 (High),C3-S1,Marginal (1.25-2.5),Doubtful to Unsuitable,Marginal / Moderate,Permissible (1.0-1.5 mg/L),Natural Background (<10 mg/L),Within Drinking Norms,Permissible / Marginal
83099,Madurai,Madurai North,Kadavur,2010-07-02,2010,7,Pre-Monsoon,10.075,78.175,Original,351.0,680,7.9,0.56,3.0,30,48.6,28.0,11.0,89,19,1.481975,198.4783,275,0.7346853,0.0,17.40995,70.61,Good,0.73,-2.19,21.42,S1 (Low),C2 (Medium),C2-S1,Safe (<1.25),Good to Permissible,Excellent,Safe (<1.0 mg/L),Natural Background (<10 mg/L),Within Drinking Norms,Permissible / Marginal
21019D,Madurai,Melur,Karungalakudi,2015-07-03,2015,7,Pre-Monsoon,10.155556,78.369167,Original,789.0,1380,8.0,0.65,2.0,76,46.17,154.0,5.0,326,67,0.0,207.4,380,3.438128,0.0,46.45847,107.72,Poor,3.44,-4.19,47.33,S1 (Low),C3 (High),C3-S1,Safe (<1.25),Permissible to Doubtful,Good / Permissible,Safe (<1.0 mg/L),Natural Background (<10 mg/L),Within Drinking Norms,Permissible / Marginal
21022D,Madurai,Melur,Pulipatti,2015-07-01,2015,7,Pre-Monsoon,10.086111,78.291667,Original,1135.0,1980,8.6,0.79,3.0,112,41.31,244.0,22.0,440,84,12.0,329.4,450,5.006355,0.0,52.6334,155.16,Poor,5.0,-3.19,55.41,S1 (Low),C3 (High),C3-S1,Safe (<1.25),Permissible to Doubtful,Good / Permissible,Safe (<1.0 mg/L),Natural Background (<10 mg/L),Within Drinking Norms,Unsafe for Drinking
21023D,Madurai,Melur,Uranganpatti,2015-07-01,2015,7,Pre-Monsoon,9.998333,78.43,Original,411.0,760,8.1,0.74,7.0,38,36.45,60.0,5.0,74,28,2.630753,222.3063,245,1.668092,0.0,34.1894,76.61,Good,1.67,-1.17,35.85,S1 (Low),C3 (High),C3-S1,Safe (<1.25),Permissible to Doubtful,Good / Permissible,Safe (<1.0 mg/L),Natural Background (<10 mg/L),Within Drinking Norms,Permissible / Marginal
21024D,Madurai,Melur,Thiruvadur,2015-07-01,2015,7,Pre-Monsoon,9.956944,78.319444,Original,681.0,1220,8.6,0.53,14.0,70,49.815,99.0,15.0,117,62,12.0,390.4,380,2.210151,0.0,35.06032,116.98,Poor,2.21,-0.8,38.17,S1 (Low),C3 (High),C3-S1,Safe (<1.25),Permissible to Doubtful,Good / Permissible,Safe (<1.0 mg/L),Acceptable (10-45 mg/L),Within Drinking Norms,Unsafe for Drinking
21066,Madurai,Melur,Attukulam,2015-07-01,2015,7,Pre-Monsoon,10.0025,78.356667,Village-Centroid,752.0,1320,8.0,1.4,11.0,62,52.245,131.0,7.0,273,79,0.0,195.2,370,2.963697,0.0,42.93885,115.24,Poor,2.96,-4.19,44.28,S1 (Low),C3 (High),C3-S1,Safe (<1.25),Permissible to Doubtful,Good / Permissible,Permissible (1.0-1.5 mg/L),Acceptable (10-45 mg/L),Within Drinking Norms,Permissible / Marginal
501013,Madurai,Melur,Veppaodappu,2015-07-01,2015,7,Pre-Monsoon,9.917222,78.303889,Original,485.0,850,7.5,1.34,11.0,56,30.375,76.0,5.0,142,24,0.5037875,169.4804,265,2.031862,0.0,37.87651,77.87,Good,2.03,-2.5,39.33,S1 (Low),C3 (High),C3-S1,Safe (<1.25),Permissible to Doubtful,Good / Permissible,Permissible (1.0-1.5 mg/L),Acceptable (10-45 mg/L),Within Drinking Norms,Permissible / Marginal
501016,Madurai,Melur,Navinipatti,2015-07-01,2015,7,Pre-Monsoon,10.043889,78.362778,Original,434.0,780,8.2,0.59,7.0,42,46.17,44.0,8.0,113,44,2.494317,167.4264,295,1.114761,0.0,23.88263,81.64,Good,1.11,-3.07,26.43,S1 (Low),C3 (High),C3-S1,Safe (<1.25),Permissible to Doubtful,Good / Permissible,Safe (<1.0 mg/L),Natural Background (<10 mg/L),Within Drinking Norms,Permissible / Marginal
83095,Madurai,Melur,Pulipatti,2015-07-01,2015,7,Pre-Monsoon,10.084444,78.288889,Original,3543.0,6170,7.4,0.81,6.0,256,165.24,828.0,7.0,1829,250,0.0,366.0,1320,9.918157,0.0,57.56298,353.18,Unsuitable,9.91,-20.38,57.84,S1 (Low),C4 (Very High),C4-S1,Safe (<1.25),Unsuitable,Unsuitable,Safe (<1.0 mg/L),Natural Background (<10 mg/L),Within Drinking Norms,Unsafe for Drinking
83096,Madurai,Melur,Thumbalapatti,2015-07-03,2015,7,Pre-Monsoon,10.085278,78.359722,Well-History,559.0,990,8.1,1.01,9.0,54,29.16,99.0,26.0,135,18,0.0,311.1,255,2.698169,0.004945345,42.78178,99.01,Good,2.7,0.0,49.38,S1 (Low),C3 (High),C3-S1,Safe (<1.25),Permissible to Doubtful,Good / Permissible,Permissible (1.0-1.5 mg/L),Natural Background (<10 mg/L),Within Drinking Norms,Permissible / Marginal
21001D,Madurai,Madurai South,Thiruparankundram,2015-07-02,2015,7,Pre-Monsoon,9.877778,78.097222,Original,350.0,580,8.4,0.57,1.0,22,20.655,69.0,4.0,71,21,3.918503,165.9559,140,2.537692,0.05328427,50.85966,66.29,Good,2.54,0.05,52.58,S1 (Low),C2 (Medium),C2-S1,Safe (<1.25),Permissible to Doubtful,Good / Permissible,Safe (<1.0 mg/L),Natural Background (<10 mg/L),Within Drinking Norms,Safe Drinking Water
21004D,Madurai,Thirumangalam,Chinna Ulagani,2015-07-02,2015,7,Pre-Monsoon,9.773611,78.052222,Original,1075.0,1890,7.6,1.4,13.0,48,68.04,258.0,4.0,425,70,0.0,286.7,400,5.613185,0.0,58.08989,134.34,Poor,5.61,-3.3,58.61,S1 (Low),C3 (High),C3-S1,Safe (<1.25),Permissible to Doubtful,Good / Permissible,Permissible (1.0-1.5 mg/L),Acceptable (10-45 mg/L),Within Drinking Norms,Permissible / Marginal
21005D,Madurai,Madurai South,Eliyarpatti,2015-07-02,2015,7,Pre-Monsoon,9.794444,78.090278,Original,414.0,760,8.5,0.88,8.0,30,38.88,69.0,2.0,96,25,5.624563,189.2173,235,1.958583,0.0,38.73194,83.88,Good,1.96,-1.41,39.38,S1 (Low),C3 (High),C3-S1,Safe (<1.25),Permissible to Doubtful,Good / Permissible,Safe (<1.0 mg/L),Natural Background (<10 mg/L),Within Drinking Norms,Permissible / Marginal
21006D,Madurai,Peraiyur,Elumalai RF,2015-07-09,2015,7,Pre-Monsoon,9.861111,77.7,Original,541.0,950,8.1,1.35,15.0,34,30.375,120.0,5.0,89,35,0.0,323.3,210,3.603544,1.103043,54.69183,93.67,Good,3.6,1.1,56.02,S1 (Low),C3 (High),C3-S1,Safe (<1.25),Permissible to Doubtful,Good / Permissible,Permissible (1.0-1.5 mg/L),Acceptable (10-45 mg/L),Within Drinking Norms,Permissible / Marginal
21007D,Madurai,Thirumangalam,Kallikudi,2015-07-03,2015,7,Pre-Monsoon,9.693889,77.971111,Original,1684.0,3110,7.8,1.06,22.0,184,252.72,26.0,3.0,610,336,0.0,341.6,1500,0.2921123,0.0,3.62643,246.57,Very Poor,0.29,-24.38,3.87,S1 (Low),C4 (Very High),C4-S1,Safe (<1.25),Unsuitable,Unsuitable,Permissible (1.0-1.5 mg/L),Acceptable (10-45 mg/L),Within Drinking Norms,Unsafe for Drinking
21009D,Madurai,Thirumangalam,Kappalur,2015-07-03,2015,7,Pre-Monsoon,9.843056,78.018611,Original,1402.0,2400,8.0,0.82,39.0,100,123.93,221.0,7.0,581,73,0.0,250.1,760,3.488316,0.0,38.48198,181.27,Poor,3.49,-11.09,39.19,S1 (Low),C4 (Very High),C4-S1,Safe (<1.25),Doubtful to Unsuitable,Marginal / Moderate,Safe (<1.0 mg/L),Acceptable (10-45 mg/L),Within Drinking Norms,Unsafe for Drinking
21012D,Madurai,Thirumangalam,Kurayur,2015-07-02,2015,7,Pre-Monsoon,9.694444,78.025,Original,2304.0,3900,8.0,0.54,53.0,88,126.36,575.0,5.0,709,211,0.0,707.6,740,9.197518,0.0,62.63971,251.52,Very Poor,9.19,-3.2,62.95,S1 (Low),C4 (Very High),C4-S1,Safe (<1.25),Unsuitable,Unsuitable,Safe (<1.0 mg/L),Anthropogenic High (45-100 mg/L),Urban Domestic / Septic Leaching,Unsafe for Drinking
21015D,Madurai,Peraiyur,Peraiyur,2015-07-01,2015,7,Pre-Monsoon,9.74,77.793333,Original,473.0,860,8.2,0.97,6.0,54,36.45,74.0,2.0,85,33,3.962247,265.9585,285,1.907624,0.0,35.90735,86.6,Good,1.91,-1.2,36.47,S1 (Low),C3 (High),C3-S1,Safe (<1.25),Permissible to Doubtful,Good / Permissible,Safe (<1.0 mg/L),Natural Background (<10 mg/L),Within Drinking Norms,Permissible / Marginal
21016D,Madurai,Peraiyur,Subbulapuram,2015-07-03,2015,7,Pre-Monsoon,9.675556,77.809444,Original,413.0,760,8.2,0.56,7.0,38,38.88,58.0,3.0,46,18,3.595264,241.3255,255,1.580535,0.0,32.78429,75.65,Good,1.58,-1.02,33.77,S1 (Low),C3 (High),C3-S1,Safe (<1.25),Permissible to Doubtful,Good / Permissible,Safe (<1.0 mg/L),Natural Background (<10 mg/L),Within Drinking Norms,Permissible / Marginal
21017D,Madurai,Thirumangalam,Thangalacheri,2015-07-03,2015,7,Pre-Monsoon,9.836111,77.868889,Original,1533.0,2660,8.1,0.66,34.0,92,109.35,313.0,12.0,440,134,0.0,567.3,680,5.223043,0.0,49.48819,193.26,Poor,5.22,-4.29,50.59,S1 (Low),C4 (Very High),C4-S1,Safe (<1.25),Doubtful to Unsuitable,Marginal / Moderate,Safe (<1.0 mg/L),Acceptable (10-45 mg/L),Within Drinking Norms,Unsafe for Drinking
21026D,Madurai,Vadipatti,Senthamangalam,2015-07-07,2015,7,Pre-Monsoon,10.138333,78.141111,Original,608.0,1160,8.2,0.86,9.0,28,80.19,81.0,5.0,142,47,0.0,366.0,400,1.762093,0.0,30.25028,107.67,Poor,1.76,-2.0,31.34,S1 (Low),C3 (High),C3-S1,Safe (<1.25),Permissible to Doubtful,Good / Permissible,Safe (<1.0 mg/L),Natural Background (<10 mg/L),Within Drinking Norms,Permissible / Marginal
21027D,Madurai,Vadipatti,Thiruvedagam,2015-07-08,2015,7,Pre-Monsoon,10.019444,77.972222,Original,568.0,1090,7.9,1.02,2.0,38,74.115,58.0,19.0,128,57,0.0,366.0,400,1.261812,0.0,22.92683,104.85,Poor,1.26,-2.0,27.33,S1 (Low),C3 (High),C3-S1,Safe (<1.25),Permissible to Doubtful,Good / Permissible,Permissible (1.0-1.5 mg/L),Natural Background (<10 mg/L),Within Drinking Norms,Permissible / Marginal
21028D,Madurai,Usilampatti,Veppanuthu,2015-07-09,2015,7,Pre-Monsoon,9.897222,77.841667,Original,1287.0,2250,8.5,1.46,21.0,72,102.06,242.0,9.0,440,144,12.0,341.6,600,4.298921,0.0,46.27391,181.59,Poor,4.3,-5.99,47.27,S1 (Low),C4 (Very High),C4-S1,Safe (<1.25),Doubtful to Unsuitable,Good / Permissible,Permissible (1.0-1.5 mg/L),Acceptable (10-45 mg/L),Within Drinking Norms,Permissible / Marginal
21033D,Madurai,Usilampatti,Usilampatti,2015-07-01,2015,7,Pre-Monsoon,9.959722,77.791667,Original,795.0,1450,8.5,0.88,6.0,20,87.48,150.0,9.0,277,68,12.0,286.7,410,3.22295,0.0,43.63881,127.17,Poor,3.22,-3.1,45.16,S1 (Low),C3 (High),C3-S1,Safe (<1.25),Permissible to Doubtful,Good / Permissible,Safe (<1.0 mg/L),Natural Background (<10 mg/L),Within Drinking Norms,Permissible / Marginal
21035D,Madurai,Madurai North,Madurai North,2015-07-03,2015,7,Pre-Monsoon,9.843056,78.141667,Original,1355.0,2390,8.3,0.98,29.0,40,99.63,313.0,12.0,298,134,6.0,646.6,510,6.030325,0.6040896,56.45478,180.17,Poor,6.03,0.6,57.71,S1 (Low),C4 (Very High),C4-S1,Safe (<1.25),Doubtful to Unsuitable,Marginal / Moderate,Safe (<1.0 mg/L),Acceptable (10-45 mg/L),Within Drinking Norms,Permissible / Marginal
21037D,Madurai,Thirumangalam,Kandai,2015-07-03,2015,7,Pre-Monsoon,9.877778,77.913333,Original,1243.0,2160,8.8,1.69,28.0,12,75.33,359.0,4.0,227,115,18.0,616.1,340,8.470263,3.901088,69.35493,175.56,Poor,8.47,3.9,69.8,S1 (Low),C3 (High),C3-S1,Unsuitable (>2.5),Doubtful to Unsuitable,Unsuitable,Dental Fluorosis Risk (1.5-2.0 mg/L),Acceptable (10-45 mg/L),Within Drinking Norms,Unsafe for Drinking
21038,Madurai,Vadipatti,Saranthangi,2015-07-06,2015,7,Pre-Monsoon,10.100556,78.151944,Original,462.0,890,8.2,0.68,7.0,24,59.535,62.0,4.0,85,30,3.962247,265.9585,305,1.544627,0.0,30.31573,86.26,Good,1.54,-1.61,31.45,S1 (Low),C3 (High),C3-S1,Safe (<1.25),Permissible to Doubtful,Good / Permissible,Safe (<1.0 mg/L),Natural Background (<10 mg/L),Within Drinking Norms,Permissible / Marginal
21040,Madurai,Peraiyur,T.kallipatti,2015-07-03,2015,7,Pre-Monsoon,9.715833,77.859444,Original,382.0,720,8.2,1.08,6.0,26,41.31,60.0,3.0,53,25,3.815454,256.1053,235,1.703054,0.0,35.34749,79.96,Good,1.7,-0.37,36.37,S1 (Low),C2 (Medium),C2-S1,Safe (<1.25),Good to Permissible,Excellent,Permissible (1.0-1.5 mg/L),Natural Background (<10 mg/L),Within Drinking Norms,Permissible / Marginal
21041,Madurai,Peraiyur,Sedapatti,2015-07-01,2015,7,Pre-Monsoon,9.826389,77.8,Original,856.0,1540,8.6,1.35,10.0,32,77.76,175.0,2.0,128,134,12.0,494.1,400,3.807071,0.5032886,48.61187,139.38,Poor,3.81,0.5,48.92,S1 (Low),C3 (High),C3-S1,Safe (<1.25),Permissible to Doubtful,Good / Permissible,Permissible (1.0-1.5 mg/L),Acceptable (10-45 mg/L),Within Drinking Norms,Unsafe for Drinking
21043,Madurai,Usilampatti,Pullaneri,2015-07-01,2015,7,Pre-Monsoon,9.9325,77.946667,Original,1053.0,1930,7.9,0.41,9.0,92,116.64,120.0,5.0,376,106,0.0,396.5,710,1.959659,0.0,26.71718,146.87,Poor,1.96,-7.69,27.36,S1 (Low),C3 (High),C3-S1,Safe (<1.25),Permissible to Doubtful,Good / Permissible,Safe (<1.0 mg/L),Natural Background (<10 mg/L),Within Drinking Norms,Unsafe for Drinking
21044,Madurai,Usilampatti,Sangampatti,2015-07-01,2015,7,Pre-Monsoon,9.948333,77.898333,Original,1237.0,2170,8.0,0.86,18.0,40,106.92,248.0,27.0,347,157,0.0,457.5,540,4.643359,0.0,48.434,168.19,Poor,4.64,-3.3,51.52,S1 (Low),C3 (High),C3-S1,Safe (<1.25),Doubtful to Unsuitable,Good / Permissible,Safe (<1.0 mg/L),Acceptable (10-45 mg/L),Within Drinking Norms,Permissible / Marginal
21048,Madurai,Peraiyur,Pappanaickenpatti,2015-07-09,2015,7,Pre-Monsoon,9.820278,77.711111,Original,1022.0,1780,8.1,0.4,15.0,28,65.61,230.0,53.0,213,84,0.0,567.3,340,5.427171,2.502546,55.10196,146.43,Poor,5.42,2.5,62.56,S1 (Low),C3 (High),C3-S1,Unsuitable (>2.5),Permissible to Doubtful,Unsuitable,Safe (<1.0 mg/L),Acceptable (10-45 mg/L),Within Drinking Norms,Permissible / Marginal
21050,Madurai,Peraiyur,Mathippanur,2015-07-09,2015,7,Pre-Monsoon,9.795556,77.8375,Original,998.0,1890,8.4,1.04,4.0,68,111.78,154.0,3.0,248,106,6.0,561.2,630,2.669679,0.0,34.5878,156.5,Poor,2.67,-3.2,34.97,S1 (Low),C3 (High),C3-S1,Safe (<1.25),Permissible to Doubtful,Good / Permissible,Permissible (1.0-1.5 mg/L),Natural Background (<10 mg/L),Within Drinking Norms,Unsafe for Drinking
21052,Madurai,Peraiyur,Muthunayakkapuram,2015-07-01,2015,7,Pre-Monsoon,9.771389,77.812222,Original,449.0,840,8.2,1.22,4.0,14,34.02,113.0,2.0,92,21,3.742058,251.1787,175,3.71657,0.7437823,58.06886,82.27,Good,3.71,0.74,58.66,S1 (Low),C3 (High),C3-S1,Safe (<1.25),Permissible to Doubtful,Good / Permissible,Permissible (1.0-1.5 mg/L),Natural Background (<10 mg/L),Within Drinking Norms,Permissible / Marginal
21056,Madurai,Usilampatti,Meikilarpatti,2015-07-01,2015,7,Pre-Monsoon,9.980556,77.802778,Original,979.0,1670,8.6,0.76,12.0,72,51.03,150.0,98.0,255,90,18.0,384.3,390,3.305506,0.0,38.78298,168.82,Poor,3.3,-0.89,53.67,S1 (Low),C3 (High),C3-S1,Safe (<1.25),Permissible to Doubtful,Good / Permissible,Safe (<1.0 mg/L),Acceptable (10-45 mg/L),Within Drinking Norms,Unsafe for Drinking
21057,Madurai,Usilampatti,Panamooppanpatti,2015-07-08,2015,7,Pre-Monsoon,10.137222,78.3625,Original,422.0,750,8.6,0.49,8.0,38,24.3,78.0,13.0,50,25,9.371594,250.4294,195,2.430892,0.521262,44.51752,83.18,Good,2.43,0.52,48.87,S1 (Low),C3 (High),C3-S1,Safe (<1.25),Permissible to Doubtful,Good / Permissible,Safe (<1.0 mg/L),Natural Background (<10 mg/L),Within Drinking Norms,Unsafe for Drinking
21059,Madurai,Vadipatti,Kadupatti,2015-07-08,2015,7,Pre-Monsoon,10.022222,77.92,Original,977.0,1690,8.1,1.3,10.0,48,65.61,207.0,23.0,269,141,0.0,353.8,390,4.561005,0.0,51.78699,142.3,Poor,4.56,-2.0,55.16,S1 (Low),C3 (High),C3-S1,Safe (<1.25),Permissible to Doubtful,Good / Permissible,Permissible (1.0-1.5 mg/L),Acceptable (10-45 mg/L),Within Drinking Norms,Permissible / Marginal
21061,Madurai,Vadipatti,Thathampatti,2015-07-07,2015,7,Pre-Monsoon,10.022222,78.015556,Original,383.0,670,8.1,0.71,19.0,26,41.31,46.0,4.0,67,23,1.75359,148.1835,235,1.305675,0.0,29.42469,73.95,Good,1.31,-2.21,30.92,S1 (Low),C2 (Medium),C2-S1,Safe (<1.25),Good to Permissible,Excellent,Safe (<1.0 mg/L),Acceptable (10-45 mg/L),Within Drinking Norms,Permissible / Marginal
21062,Madurai,Vadipatti,Periailandakulam,2015-07-07,2015,7,Pre-Monsoon,10.068333,78.051389,Original,455.0,890,8.2,1.68,2.0,36,47.385,74.0,4.0,39,28,5.283384,354.6374,285,1.907369,0.2932936,35.69759,95.73,Good,1.91,0.29,36.82,S1 (Low),C3 (High),C3-S1,Safe (<1.25),Permissible to Doubtful,Good / Permissible,Dental Fluorosis Risk (1.5-2.0 mg/L),Natural Background (<10 mg/L),Within Drinking Norms,Unsafe for Drinking
21065,Madurai,Madurai North,Mangulam,2015-07-06,2015,7,Pre-Monsoon,10.035833,78.25,Original,277.0,510,8.2,0.99,2.0,20,19.44,60.0,3.0,32,20,2.787903,187.1329,130,2.289973,0.5625051,49.38828,63.39,Good,2.29,0.56,50.83,S1 (Low),C2 (Medium),C2-S1,Safe (<1.25),Permissible to Doubtful,Good / Permissible,Safe (<1.0 mg/L),Natural Background (<10 mg/L),Within Drinking Norms,Safe Drinking Water
21068,Madurai,Vadipatti,Alanganallur,2015-07-06,2015,7,Pre-Monsoon,10.048333,78.083889,Original,259.0,480,8.2,0.46,7.0,26,26.73,28.0,4.0,60,10,1.760352,118.1604,175,0.9210536,0.0,25.28234,58.64,Good,0.92,-1.5,27.4,S1 (Low),C2 (Medium),C2-S1,Safe (<1.25),Good to Permissible,Excellent,Safe (<1.0 mg/L),Natural Background (<10 mg/L),Within Drinking Norms,Safe Drinking Water
21074,Madurai,Madurai North,Chettikulam,2015-07-06,2015,7,Pre-Monsoon,9.995,78.146944,Original,1083.0,1900,8.5,0.92,40.0,12,119.07,207.0,6.0,255,71,12.0,451.4,520,3.949111,0.0,46.0461,160.45,Poor,3.95,-2.6,46.82,S1 (Low),C3 (High),C3-S1,Safe (<1.25),Permissible to Doubtful,Good / Permissible,Safe (<1.0 mg/L),Acceptable (10-45 mg/L),Within Drinking Norms,Permissible / Marginal
21075,Madurai,Madurai North,Chatrapatti,2015-07-06,2015,7,Pre-Monsoon,10.03,78.15,Original,376.0,720,8.1,0.8,2.0,28,41.31,55.0,4.0,78,22,2.68923,227.2478,240,1.544805,0.0,32.81115,74.19,Good,1.54,-0.98,34.2,S1 (Low),C2 (Medium),C2-S1,Safe (<1.25),Good to Permissible,Excellent,Safe (<1.0 mg/L),Natural Background (<10 mg/L),Within Drinking Norms,Permissible / Marginal
21076,Madurai,Madurai North,Vayalur,2015-07-07,2015,7,Pre-Monsoon,10.018333,78.053889,Original,510.0,980,8.1,1.04,2.0,18,64.395,90.0,3.0,103,33,0.0,427.0,310,2.223947,0.8018794,38.42271,95.48,Good,2.22,0.8,39.16,S1 (Low),C3 (High),C3-S1,Safe (<1.25),Permissible to Doubtful,Good / Permissible,Permissible (1.0-1.5 mg/L),Natural Background (<10 mg/L),Within Drinking Norms,Permissible / Marginal
21078,Madurai,Madurai North,Kalikappan,2015-07-06,2015,7,Pre-Monsoon,9.939444,78.193611,Original,403.0,770,8.1,1.08,3.0,26,35.235,78.0,5.0,74,17,2.981618,251.9554,210,2.342114,0.03232436,43.9618,78.2,Good,2.34,0.03,45.61,S1 (Low),C3 (High),C3-S1,Safe (<1.25),Permissible to Doubtful,Good / Permissible,Permissible (1.0-1.5 mg/L),Natural Background (<10 mg/L),Within Drinking Norms,Permissible / Marginal
21079,Madurai,Madurai North,Rajakkur,2015-07-06,2015,7,Pre-Monsoon,9.928611,78.238333,Original,894.0,1580,8.8,0.74,1.0,10,25.515,308.0,3.0,248,58,18.0,439.2,130,11.75328,5.200436,83.35459,120.34,Poor,11.75,5.2,83.82,S2 (Medium),C3 (High),C3-S2,Unsuitable (>2.5),Unsuitable,Unsuitable,Safe (<1.0 mg/L),Natural Background (<10 mg/L),Within Drinking Norms,Unsafe for Drinking
21080,Madurai,Madurai North,Kalimangalam,2015-07-06,2015,7,Pre-Monsoon,9.878333,78.238889,Original,870.0,1560,8.0,0.55,3.0,40,53.46,212.0,4.0,312,69,0.0,329.4,320,5.156857,0.0,58.66422,112.34,Poor,5.15,-1.0,59.3,S1 (Low),C3 (High),C3-S1,Safe (<1.25),Permissible to Doubtful,Good / Permissible,Safe (<1.0 mg/L),Natural Background (<10 mg/L),Within Drinking Norms,Permissible / Marginal
21081,Madurai,Madurai North,Elamanur,2015-07-06,2015,7,Pre-Monsoon,9.900556,78.210833,Original,381.0,690,8.2,0.69,6.0,40,32.805,51.0,5.0,124,15,2.053938,137.8668,235,1.447778,0.0,31.50246,73.48,Good,1.45,-2.37,33.31,S1 (Low),C2 (Medium),C2-S1,Safe (<1.25),Good to Permissible,Excellent,Safe (<1.0 mg/L),Natural Background (<10 mg/L),Within Drinking Norms,Permissible / Marginal
21082,Madurai,Madurai South,Nallur,2015-07-02,2015,7,Pre-Monsoon,9.788333,78.133333,Original,366.0,680,8.6,0.48,7.0,18,38.88,64.0,2.0,60,25,7.567983,202.233,205,1.944881,0.0,40.15565,76.47,Good,1.94,-0.53,40.88,S1 (Low),C2 (Medium),C2-S1,Safe (<1.25),Permissible to Doubtful,Good / Permissible,Safe (<1.0 mg/L),Natural Background (<10 mg/L),Within Drinking Norms,Unsafe for Drinking
21083,Madurai,Madurai South,Nilaiyur,2015-07-03,2015,7,Pre-Monsoon,9.855556,78.059167,Original,1320.0,2350,7.3,0.88,14.0,112,85.05,248.0,5.0,468,120,0.0,439.2,630,4.299858,0.0,45.89752,155.92,Poor,4.3,-5.39,46.43,S1 (Low),C4 (Very High),C4-S1,Safe (<1.25),Doubtful to Unsuitable,Marginal / Moderate,Safe (<1.0 mg/L),Acceptable (10-45 mg/L),Within Drinking Norms,Unsafe for Drinking
21084,Madurai,Madurai South,Sakkilipatti,2015-07-03,2015,7,Pre-Monsoon,9.901389,78.011111,Original,605.0,1100,8.4,0.99,3.0,26,55.89,120.0,5.0,195,59,6.0,250.1,295,3.039909,0.0,46.42141,103.27,Poor,3.04,-1.6,47.54,S1 (Low),C3 (High),C3-S1,Safe (<1.25),Permissible to Doubtful,Good / Permissible,Safe (<1.0 mg/L),Natural Background (<10 mg/L),Within Drinking Norms,Permissible / Marginal
501001,Madurai,Madurai North,Oomatchikulam,2015-07-07,2015,7,Pre-Monsoon,10.005,78.148056,Original,404.0,780,8.2,0.87,4.0,30,46.17,55.0,3.0,43,31,4.255833,285.6649,265,1.470121,0.0,30.80774,80.93,Good,1.47,-0.47,31.78,S1 (Low),C3 (High),C3-S1,Safe (<1.25),Permissible to Doubtful,Good / Permissible,Safe (<1.0 mg/L),Natural Background (<10 mg/L),Within Drinking Norms,Permissible / Marginal
501002,Madurai,Vadipatti,Thanichiyam,2015-07-07,2015,7,Pre-Monsoon,10.041111,78.010556,Original,363.0,710,8.2,0.92,5.0,24,53.46,32.0,5.0,60,33,3.228282,216.6925,280,0.8320686,0.0,19.55874,79.85,Good,0.83,-1.94,21.35,S1 (Low),C2 (Medium),C2-S1,Safe (<1.25),Good to Permissible,Excellent,Safe (<1.0 mg/L),Natural Background (<10 mg/L),Within Drinking Norms,Permissible / Marginal
501003,Madurai,Madurai North,Varichiyur,2015-07-06,2015,7,Pre-Monsoon,9.913056,78.251111,Original,894.0,1660,7.7,0.49,3.0,64,80.19,156.0,7.0,376,58,0.0,280.6,490,3.066592,0.0,40.49368,118.24,Poor,3.07,-5.2,41.55,S1 (Low),C3 (High),C3-S1,Safe (<1.25),Permissible to Doubtful,Good / Permissible,Safe (<1.0 mg/L),Natural Background (<10 mg/L),Within Drinking Norms,Permissible / Marginal
501004,Madurai,Madurai North,Sakkudi,2015-07-06,2015,7,Pre-Monsoon,9.864167,78.223611,Original,766.0,1370,8.3,0.49,4.0,50,41.31,182.0,14.0,184,50,6.0,439.2,295,4.611322,1.504496,55.87162,112.1,Poor,4.61,1.5,58.39,S1 (Low),C3 (High),C3-S1,Marginal (1.25-2.5),Permissible to Doubtful,Marginal / Moderate,Safe (<1.0 mg/L),Natural Background (<10 mg/L),Within Drinking Norms,Permissible / Marginal
501005,Madurai,Madurai North,Chithakur,2015-07-06,2015,7,Pre-Monsoon,9.948333,78.243611,Original,657.0,1220,8.2,1.1,1.0,20,31.59,198.0,2.0,121,37,0.0,488.0,180,6.421558,4.401382,70.24181,100.27,Poor,6.42,4.4,70.65,S1 (Low),C3 (High),C3-S1,Unsuitable (>2.5),Doubtful to Unsuitable,Unsuitable,Permissible (1.0-1.5 mg/L),Natural Background (<10 mg/L),Within Drinking Norms,Permissible / Marginal
501006,Madurai,Madurai North,Poikaraipatti,2015-07-06,2015,7,Pre-Monsoon,10.047222,78.202778,Original,630.0,1140,7.9,0.98,1.0,52,42.525,122.0,4.0,220,58,0.0,250.1,305,3.040017,0.0,46.13176,95.02,Good,3.04,-2.0,47.01,S1 (Low),C3 (High),C3-S1,Safe (<1.25),Permissible to Doubtful,Good / Permissible,Safe (<1.0 mg/L),Natural Background (<10 mg/L),Within Drinking Norms,Permissible / Marginal
501007,Madurai,Madurai North,Velliankundram,2015-07-06,2015,7,Pre-Monsoon,10.020556,78.178333,Original,664.0,1180,7.8,0.81,11.0,32,51.03,145.0,3.0,131,75,0.0,359.9,290,3.704928,0.1031246,51.7829,96.41,Good,3.7,0.1,52.4,S1 (Low),C3 (High),C3-S1,Safe (<1.25),Permissible to Doubtful,Good / Permissible,Safe (<1.0 mg/L),Acceptable (10-45 mg/L),Within Drinking Norms,Permissible / Marginal
501012,Madurai,Madurai South,Vilacherry,2015-07-03,2015,7,Pre-Monsoon,9.9,78.059444,Original,318.0,610,8.1,0.96,3.0,26,37.665,39.0,4.0,35,25,2.630753,222.3063,220,1.144119,0.0,27.38076,70.61,Good,1.14,-0.67,29.02,S1 (Low),C2 (Medium),C2-S1,Safe (<1.25),Good to Permissible,Excellent,Safe (<1.0 mg/L),Natural Background (<10 mg/L),Within Drinking Norms,Permissible / Marginal
501023,Madurai,Peraiyur,Mangalrev,2015-07-01,2015,7,Pre-Monsoon,9.786111,77.797222,Original,426.0,810,8.2,1.45,9.0,52,54.675,23.0,2.0,50,37,4.035644,270.8851,355,0.5311995,0.0,12.2818,93.63,Good,0.53,-2.52,12.9,S1 (Low),C3 (High),C3-S1,Safe (<1.25),Permissible to Doubtful,Good / Permissible,Permissible (1.0-1.5 mg/L),Natural Background (<10 mg/L),Within Drinking Norms,Permissible / Marginal
501028,Madurai,Peraiyur,Athanur,2015-07-03,2015,7,Pre-Monsoon,9.725,77.895556,Original,533.0,990,8.2,1.11,3.0,12,41.31,140.0,1.0,39,40,0.0,481.9,200,4.307027,3.900801,60.21377,92.5,Good,4.3,3.9,60.45,S1 (Low),C3 (High),C3-S1,Unsuitable (>2.5),Doubtful to Unsuitable,Unsuitable,Permissible (1.0-1.5 mg/L),Natural Background (<10 mg/L),Within Drinking Norms,Permissible / Marginal
501030,Madurai,Peraiyur,Mothagam,2015-07-03,2015,7,Pre-Monsoon,9.679167,77.808889,Original,638.0,1120,8.8,1.1,14.0,12,18.225,212.0,2.0,64,67,24.0,427.0,105,9.002344,5.700529,81.09515,106.2,Poor,9.0,5.7,81.54,S1 (Low),C3 (High),C3-S1,Unsuitable (>2.5),Unsuitable,Unsuitable,Permissible (1.0-1.5 mg/L),Acceptable (10-45 mg/L),Within Drinking Norms,Unsafe for Drinking
501032,Madurai,Peraiyur,Salichanthai,2015-07-03,2015,7,Pre-Monsoon,9.728333,77.801944,Original,740.0,1320,8.4,1.06,5.0,12,44.955,205.0,9.0,452,77,6.0,414.8,215,6.082685,2.701007,66.32062,121.5,Poor,6.08,2.7,68.02,S1 (Low),C3 (High),C3-S1,Unsuitable (>2.5),Doubtful to Unsuitable,Unsuitable,Permissible (1.0-1.5 mg/L),Natural Background (<10 mg/L),Within Drinking Norms,Permissible / Marginal
501033,Madurai,Madurai North,Samayanallur,2015-07-07,2015,7,Pre-Monsoon,9.980833,78.042222,Original,1058.0,1890,8.2,1.0,1.0,32,51.03,313.0,3.0,291,78,0.0,573.4,290,7.997535,3.602666,69.8637,136.16,Poor,7.99,3.6,70.25,S1 (Low),C3 (High),C3-S1,Unsuitable (>2.5),Doubtful to Unsuitable,Unsuitable,Permissible (1.0-1.5 mg/L),Natural Background (<10 mg/L),Within Drinking Norms,Permissible / Marginal
501035,Madurai,Madurai South,Nedunkulam,2015-07-02,2015,7,Pre-Monsoon,9.787222,78.178056,Original,1446.0,2570,7.6,1.39,24.0,64,92.34,345.0,4.0,496,70,0.0,536.8,540,6.460119,0.0,57.93778,174.09,Poor,6.46,-2.0,58.32,S1 (Low),C4 (Very High),C4-S1,Safe (<1.25),Doubtful to Unsuitable,Marginal / Moderate,Permissible (1.0-1.5 mg/L),Acceptable (10-45 mg/L),Within Drinking Norms,Permissible / Marginal
501036,Madurai,Madurai South,Othai Alangulam,2015-07-02,2015,7,Pre-Monsoon,9.809722,78.055,Original,2901.0,5330,7.2,0.69,27.0,248,257.58,460.0,5.0,1602,40,0.0,335.5,1680,4.883692,0.0,37.25431,325.23,Unsuitable,4.88,-28.08,37.48,S1 (Low),C4 (Very High),C4-S1,Safe (<1.25),Unsuitable,Unsuitable,Safe (<1.0 mg/L),Acceptable (10-45 mg/L),Within Drinking Norms,Unsafe for Drinking
501037,Madurai,Thirumangalam,Mykudi,2015-07-02,2015,7,Pre-Monsoon,9.787778,78.016667,Original,1770.0,3080,8.5,1.2,5.0,40,92.34,497.0,3.0,808,172,12.0,244.0,480,9.870105,0.0,69.09083,202.66,Very Poor,9.87,-5.2,69.32,S1 (Low),C4 (Very High),C4-S1,Safe (<1.25),Unsuitable,Unsuitable,Permissible (1.0-1.5 mg/L),Natural Background (<10 mg/L),Within Drinking Norms,Permissible / Marginal
501043,Madurai,Thirumangalam,Sivarakottai,2015-07-02,2015,7,Pre-Monsoon,9.744722,77.98,Original,478.0,850,8.2,1.52,5.0,12,17.01,145.0,11.0,28,27,5.136591,344.7842,100,6.309394,3.824104,73.4494,86.99,Good,6.31,3.82,76.72,S1 (Low),C3 (High),C3-S1,Unsuitable (>2.5),Doubtful to Unsuitable,Unsuitable,Dental Fluorosis Risk (1.5-2.0 mg/L),Natural Background (<10 mg/L),Within Drinking Norms,Unsafe for Drinking
501050,Madurai,Usilampatti,Thumbalapatti,2015-07-09,2015,7,Pre-Monsoon,9.869444,77.776111,Original,848.0,1540,8.5,0.44,8.0,52,75.33,150.0,7.0,312,75,18.0,244.0,440,3.111594,0.0,42.1013,125.45,Poor,3.11,-4.2,43.24,S1 (Low),C3 (High),C3-S1,Safe (<1.25),Permissible to Doubtful,Good / Permissible,Safe (<1.0 mg/L),Natural Background (<10 mg/L),Within Drinking Norms,Permissible / Marginal
501053,Madurai,Vadipatti,Alagapuri,2015-07-07,2015,7,Pre-Monsoon,10.056389,78.069722,Original,545.0,1040,8.8,1.11,2.0,14,72.9,87.0,2.0,110,61,24.0,329.4,335,2.067972,0.0,35.92833,110.35,Poor,2.07,-0.5,36.4,S1 (Low),C3 (High),C3-S1,Safe (<1.25),Permissible to Doubtful,Good / Permissible,Permissible (1.0-1.5 mg/L),Natural Background (<10 mg/L),Within Drinking Norms,Unsafe for Drinking
81001B,Madurai,Madurai North,Kochadai,2015-07-01,2015,7,Pre-Monsoon,9.943333,78.0775,Original,448.0,840,8.0,0.62,2.0,32,41.31,81.0,2.0,74,38,2.607024,277.343,250,2.229164,0.0,41.10858,76.1,Good,2.23,-0.36,41.69,S1 (Low),C3 (High),C3-S1,Safe (<1.25),Permissible to Doubtful,Good / Permissible,Safe (<1.0 mg/L),Natural Background (<10 mg/L),Within Drinking Norms,Permissible / Marginal
83005,Madurai,Madurai South,Thiruparankundram,2015-07-02,2015,7,Pre-Monsoon,9.879167,78.114444,Original,1839.0,3200,7.5,1.14,13.0,80,87.48,497.0,5.0,539,226,0.0,695.4,560,9.139091,0.207572,65.63506,201.76,Very Poor,9.13,0.2,66.01,S1 (Low),C4 (Very High),C4-S1,Safe (<1.25),Unsuitable,Unsuitable,Permissible (1.0-1.5 mg/L),Acceptable (10-45 mg/L),Within Drinking Norms,Permissible / Marginal
83006A,Madurai,Thirumangalam,Sathankudi,2015-07-03,2015,7,Pre-Monsoon,9.7891,77.962,Gazetteer,1730.0,2980,8.5,1.27,36.0,32,143.37,345.0,82.0,496,139,12.0,640.5,670,5.798759,0.0,49.20462,247.67,Very Poor,5.8,-2.5,56.07,S1 (Low),C4 (Very High),C4-S1,Safe (<1.25),Doubtful to Unsuitable,Marginal / Moderate,Permissible (1.0-1.5 mg/L),Acceptable (10-45 mg/L),Within Drinking Norms,Unsafe for Drinking
83007B,Madurai,Peraiyur,Chinnakattalai,2015-07-01,2015,7,Pre-Monsoon,9.951944,77.800556,Well-History,2045.0,3650,8.6,1.38,11.0,80,170.1,428.0,7.0,709,336,18.0,530.7,900,6.207455,0.0,50.60946,260.34,Very Poor,6.2,-8.69,51.08,S1 (Low),C4 (Very High),C4-S1,Safe (<1.25),Unsuitable,Unsuitable,Permissible (1.0-1.5 mg/L),Acceptable (10-45 mg/L),Within Drinking Norms,Unsafe for Drinking
83008,Madurai,Peraiyur,Elumalai,2015-07-09,2015,7,Pre-Monsoon,9.861111,77.701111,Well-History,490.0,920,8.2,1.47,4.0,26,44.955,99.0,2.0,89,39,4.10904,275.8117,250,2.724396,0.0,46.03563,92.66,Good,2.72,-0.34,46.57,S1 (Low),C3 (High),C3-S1,Safe (<1.25),Permissible to Doubtful,Good / Permissible,Permissible (1.0-1.5 mg/L),Natural Background (<10 mg/L),Within Drinking Norms,Permissible / Marginal
83014B,Madurai,Vadipatti,Mullipallam,2015-07-08,2015,7,Pre-Monsoon,10.019444,77.950556,Original,359.0,690,8.2,0.93,1.0,28,40.095,51.0,5.0,64,20,3.521868,236.3989,235,1.447622,0.0,31.49793,76.11,Good,1.45,-0.71,33.3,S1 (Low),C2 (Medium),C2-S1,Safe (<1.25),Good to Permissible,Excellent,Safe (<1.0 mg/L),Natural Background (<10 mg/L),Within Drinking Norms,Permissible / Marginal
83072A,Madurai,Usilampatti,Valandur,2015-07-01,2015,7,Pre-Monsoon,9.949722,77.871944,Well-History,896.0,1660,8.5,1.48,5.0,28,68.04,219.0,2.0,156,88,12.0,597.8,350,5.093227,3.202522,57.47774,139.78,Poor,5.09,3.2,57.77,S1 (Low),C3 (High),C3-S1,Unsuitable (>2.5),Permissible to Doubtful,Unsuitable,Permissible (1.0-1.5 mg/L),Natural Background (<10 mg/L),Within Drinking Norms,Permissible / Marginal
83080A,Madurai,Vadipatti,Nagari,2015-07-07,2015,7,Pre-Monsoon,10.019444,78.016389,Village-Centroid,891.0,1600,7.6,1.21,6.0,48,65.61,189.0,6.0,220,121,0.0,427.0,390,4.164396,0.0,50.84496,121.35,Poor,4.16,-0.8,51.78,S1 (Low),C3 (High),C3-S1,Safe (<1.25),Permissible to Doubtful,Good / Permissible,Permissible (1.0-1.5 mg/L),Natural Background (<10 mg/L),Within Drinking Norms,Permissible / Marginal
83082,Madurai,Usilampatti,Uthappanaickanur,2015-07-01,2015,7,Pre-Monsoon,10.033333,77.787778,Original,1174.0,2120,8.7,1.26,21.0,108,153.09,87.0,2.0,326,154,24.0,457.5,900,1.261879,0.0,17.34113,191.38,Poor,1.26,-9.69,17.57,S1 (Low),C3 (High),C3-S1,Safe (<1.25),Doubtful to Unsuitable,Good / Permissible,Permissible (1.0-1.5 mg/L),Acceptable (10-45 mg/L),Within Drinking Norms,Unsafe for Drinking
83099,Madurai,Madurai North,Kadavur,2015-07-06,2015,7,Pre-Monsoon,10.075,78.175,Original,561.0,1010,7.9,0.61,5.0,58,51.03,78.0,8.0,85,53,0.0,414.8,355,1.801524,0.0,31.73502,92.8,Good,1.8,-0.3,33.64,S1 (Low),C3 (High),C3-S1,Safe (<1.25),Permissible to Doubtful,Good / Permissible,Safe (<1.0 mg/L),Natural Background (<10 mg/L),Within Drinking Norms,Permissible / Marginal
21001D,Madurai,Madurai South,Thiruparankundram,2016-01-11,2016,1,Post-Monsoon,9.877778,78.097222,Original,1359.0,2330,8.4,0.94,2.0,24,65.61,414.0,1.0,418,197,6.0,451.4,330,9.915614,1.002416,73.11351,162.19,Poor,9.91,1.0,73.21,S1 (Low),C4 (Very High),C4-S1,Safe (<1.25),Doubtful to Unsuitable,Marginal / Moderate,Safe (<1.0 mg/L),Natural Background (<10 mg/L),Within Drinking Norms,Permissible / Marginal
21004D,Madurai,Thirumangalam,Chinna Ulagani,2016-01-11,2016,1,Post-Monsoon,9.773611,78.052222,Original,2706.0,4680,7.6,1.2,38.0,208,213.84,460.0,21.0,1191,189,0.0,512.4,1400,5.349827,0.0,41.23616,316.93,Unsuitable,5.35,-19.58,42.33,S1 (Low),C4 (Very High),C4-S1,Safe (<1.25),Unsuitable,Unsuitable,Permissible (1.0-1.5 mg/L),Acceptable (10-45 mg/L),Within Drinking Norms,Unsafe for Drinking
21005D,Madurai,Madurai South,Eliyarpatti,2016-01-11,2016,1,Post-Monsoon,9.794444,78.090278,Original,472.0,870,8.2,0.97,2.0,80,34.02,23.0,39.0,110,24,3.668661,246.2521,340,0.5428926,0.0,11.38191,100.46,Poor,0.54,-2.63,22.73,S1 (Low),C3 (High),C3-S1,Safe (<1.25),Permissible to Doubtful,Good / Permissible,Safe (<1.0 mg/L),Natural Background (<10 mg/L),Within Drinking Norms,Permissible / Marginal
21006D,Madurai,Peraiyur,Elumalai RF,2016-01-07,2016,1,Post-Monsoon,9.861111,77.7,Original,390.0,700,8.2,1.14,11.0,46,38.88,37.0,6.0,35,31,3.521868,236.3989,275,0.9709536,0.0,22.17474,83.56,Good,0.97,-1.5,24.28,S1 (Low),C2 (Medium),C2-S1,Safe (<1.25),Good to Permissible,Excellent,Permissible (1.0-1.5 mg/L),Acceptable (10-45 mg/L),Within Drinking Norms,Permissible / Marginal
21007D,Madurai,Thirumangalam,Kallikudi,2016-01-11,2016,1,Post-Monsoon,9.693889,77.971111,Original,776.0,1380,8.2,1.23,2.0,28,21.87,242.0,19.0,248,22,0.0,372.1,160,8.325792,2.902225,74.08092,112.19,Poor,8.32,2.9,77.49,S1 (Low),C3 (High),C3-S1,Unsuitable (>2.5),Doubtful to Unsuitable,Unsuitable,Permissible (1.0-1.5 mg/L),Natural Background (<10 mg/L),Within Drinking Norms,Permissible / Marginal
21009D,Madurai,Thirumangalam,Kappalur,2016-01-12,2016,1,Post-Monsoon,9.843056,78.018611,Original,1393.0,2450,7.5,0.71,38.0,144,99.63,205.0,9.0,539,68,0.0,323.3,770,3.215065,0.0,36.34866,171.51,Poor,3.21,-10.09,37.28,S1 (Low),C4 (Very High),C4-S1,Safe (<1.25),Doubtful to Unsuitable,Marginal / Moderate,Safe (<1.0 mg/L),Acceptable (10-45 mg/L),Within Drinking Norms,Unsafe for Drinking
21012D,Madurai,Thirumangalam,Kurayur,2016-01-11,2016,1,Post-Monsoon,9.694444,78.025,Original,1686.0,2900,7.8,0.49,17.0,104,60.75,442.0,11.0,475,214,0.0,610.0,510,8.517927,0.0,64.74165,185.52,Poor,8.51,-0.19,65.68,S1 (Low),C4 (Very High),C4-S1,Safe (<1.25),Doubtful to Unsuitable,Marginal / Moderate,Safe (<1.0 mg/L),Acceptable (10-45 mg/L),Within Drinking Norms,Permissible / Marginal
21015D,Madurai,Peraiyur,Peraiyur,2016-01-06,2016,1,Post-Monsoon,9.74,77.793333,Original,656.0,1140,8.0,0.97,17.0,100,38.88,78.0,5.0,124,56,0.0,359.9,410,1.676626,0.0,28.97224,106.28,Poor,1.68,-2.29,30.05,S1 (Low),C3 (High),C3-S1,Safe (<1.25),Permissible to Doubtful,Good / Permissible,Safe (<1.0 mg/L),Acceptable (10-45 mg/L),Within Drinking Norms,Permissible / Marginal
21016D,Madurai,Peraiyur,Subbulapuram,2016-01-04,2016,1,Post-Monsoon,9.675556,77.809444,Original,429.0,780,8.0,0.41,4.0,86,24.3,37.0,7.0,53,38,2.560462,272.3895,315,0.9074166,0.0,19.91873,75.67,Good,0.91,-1.74,22.13,S1 (Low),C3 (High),C3-S1,Safe (<1.25),Permissible to Doubtful,Good / Permissible,Safe (<1.0 mg/L),Natural Background (<10 mg/L),Within Drinking Norms,Permissible / Marginal
21017D,Madurai,Thirumangalam,Thangalacheri,2016-01-12,2016,1,Post-Monsoon,9.836111,77.868889,Original,547.0,950,8.3,1.13,4.0,8,10.935,182.0,12.0,50,47,6.0,420.9,65,9.822843,5.800039,83.13499,89.76,Good,9.82,5.8,86.35,S1 (Low),C3 (High),C3-S1,Unsuitable (>2.5),Unsuitable,Unsuitable,Permissible (1.0-1.5 mg/L),Natural Background (<10 mg/L),Within Drinking Norms,Permissible / Marginal
21026D,Madurai,Vadipatti,Senthamangalam,2016-01-04,2016,1,Post-Monsoon,10.138333,78.141111,Original,916.0,1630,8.2,0.84,35.0,132,80.19,76.0,5.0,149,55,0.0,524.6,660,1.287463,0.0,19.89079,145.82,Poor,1.29,-4.59,20.65,S1 (Low),C3 (High),C3-S1,Safe (<1.25),Permissible to Doubtful,Good / Permissible,Safe (<1.0 mg/L),Acceptable (10-45 mg/L),Within Drinking Norms,Unsafe for Drinking
21027D,Madurai,Vadipatti,Thiruvedagam,2016-01-05,2016,1,Post-Monsoon,10.019444,77.972222,Original,557.0,1020,8.1,0.77,4.0,22,71.685,83.0,14.0,138,50,0.0,317.2,350,1.93024,0.0,32.92544,99.68,Good,1.93,-1.8,36.18,S1 (Low),C3 (High),C3-S1,Safe (<1.25),Permissible to Doubtful,Good / Permissible,Safe (<1.0 mg/L),Natural Background (<10 mg/L),Within Drinking Norms,Permissible / Marginal
21028D,Madurai,Usilampatti,Veppanuthu,2016-01-07,2016,1,Post-Monsoon,9.897222,77.841667,Original,1236.0,2190,8.6,1.41,17.0,64,85.05,276.0,2.0,397,109,12.0,427.0,510,5.318005,0.0,53.95901,172.16,Poor,5.32,-2.8,54.18,S1 (Low),C3 (High),C3-S1,Safe (<1.25),Doubtful to Unsuitable,Good / Permissible,Permissible (1.0-1.5 mg/L),Acceptable (10-45 mg/L),Within Drinking Norms,Unsafe for Drinking
21033D,Madurai,Usilampatti,Usilampatti,2016-01-06,2016,1,Post-Monsoon,9.959722,77.791667,Original,1235.0,2100,8.6,1.45,35.0,24,104.49,276.0,5.0,319,132,12.0,414.8,490,5.424572,0.0,54.74593,175.52,Poor,5.42,-2.6,55.31,S1 (Low),C3 (High),C3-S1,Safe (<1.25),Doubtful to Unsuitable,Good / Permissible,Permissible (1.0-1.5 mg/L),Acceptable (10-45 mg/L),Within Drinking Norms,Unsafe for Drinking
21035D,Madurai,Madurai North,Madurai North,2016-01-12,2016,1,Post-Monsoon,9.843056,78.141667,Original,1657.0,2860,7.9,1.03,43.0,52,19.44,386.0,15.0,397,134,0.0,732.0,210,11.5935,7.803686,78.57407,176.71,Poor,11.59,7.8,80.36,S2 (Medium),C4 (Very High),C4-S2,Unsuitable (>2.5),Doubtful to Unsuitable,Unsuitable,Permissible (1.0-1.5 mg/L),Acceptable (10-45 mg/L),Within Drinking Norms,Permissible / Marginal
21037D,Madurai,Thirumangalam,Kandai,2016-01-12,2016,1,Post-Monsoon,9.877778,77.913333,Original,495.0,980,8.1,1.48,3.0,48,70.47,35.0,7.0,57,42,4.268124,360.6689,410,0.7521303,0.0,15.38459,103.31,Poor,0.75,-2.14,17.19,S1 (Low),C3 (High),C3-S1,Safe (<1.25),Permissible to Doubtful,Good / Permissible,Permissible (1.0-1.5 mg/L),Natural Background (<10 mg/L),Within Drinking Norms,Permissible / Marginal
21040,Madurai,Peraiyur,T.kallipatti,2016-01-12,2016,1,Post-Monsoon,9.715833,77.859444,Original,699.0,1120,7.9,0.59,18.0,74,36.45,30.0,133.0,128,58,0.0,317.2,335,0.713364,0.0,11.44775,141.68,Poor,0.71,-1.49,41.29,S1 (Low),C3 (High),C3-S1,Safe (<1.25),Permissible to Doubtful,Good / Permissible,Safe (<1.0 mg/L),Acceptable (10-45 mg/L),Within Drinking Norms,Permissible / Marginal
21041,Madurai,Peraiyur,Sedapatti,2016-01-06,2016,1,Post-Monsoon,9.826389,77.8,Original,838.0,1420,8.2,1.42,17.0,42,52.245,189.0,3.0,128,135,0.0,427.0,320,4.597448,0.6039492,55.95245,126.15,Poor,4.6,0.6,56.46,S1 (Low),C3 (High),C3-S1,Safe (<1.25),Permissible to Doubtful,Good / Permissible,Permissible (1.0-1.5 mg/L),Acceptable (10-45 mg/L),Within Drinking Norms,Permissible / Marginal
21043,Madurai,Usilampatti,Pullaneri,2016-01-06,2016,1,Post-Monsoon,9.9325,77.946667,Original,1084.0,1930,8.2,0.55,20.0,116,99.63,120.0,8.0,333,141,0.0,353.8,700,1.973758,0.0,26.88958,156.09,Poor,1.97,-8.19,27.93,S1 (Low),C3 (High),C3-S1,Safe (<1.25),Permissible to Doubtful,Good / Permissible,Safe (<1.0 mg/L),Acceptable (10-45 mg/L),Within Drinking Norms,Unsafe for Drinking
21044,Madurai,Usilampatti,Sangampatti,2016-01-06,2016,1,Post-Monsoon,9.948333,77.898333,Original,1158.0,2040,8.1,0.81,14.0,40,92.34,262.0,1.0,326,139,0.0,475.8,480,5.203154,0.0,54.22557,150.95,Poor,5.2,-1.8,54.33,S1 (Low),C3 (High),C3-S1,Safe (<1.25),Doubtful to Unsuitable,Good / Permissible,Safe (<1.0 mg/L),Acceptable (10-45 mg/L),Within Drinking Norms,Permissible / Marginal
21048,Madurai,Peraiyur,Pappanaickenpatti,2016-01-07,2016,1,Post-Monsoon,9.820278,77.711111,Original,1169.0,2010,8.4,0.17,17.0,36,48.6,313.0,55.0,206,83,6.0,695.4,290,7.997768,5.802742,65.40134,158.76,Poor,7.99,5.8,72.15,S1 (Low),C3 (High),C3-S1,Unsuitable (>2.5),Doubtful to Unsuitable,Unsuitable,Safe (<1.0 mg/L),Acceptable (10-45 mg/L),Within Drinking Norms,Permissible / Marginal
21050,Madurai,Peraiyur,Mathippanur,2016-01-07,2016,1,Post-Monsoon,9.795556,77.8375,Original,1086.0,1890,8.4,1.05,28.0,84,89.91,166.0,18.0,184,141,6.0,542.9,580,2.999415,0.0,37.46776,165.84,Poor,3.0,-2.49,39.84,S1 (Low),C3 (High),C3-S1,Safe (<1.25),Permissible to Doubtful,Good / Permissible,Permissible (1.0-1.5 mg/L),Acceptable (10-45 mg/L),Within Drinking Norms,Permissible / Marginal
21052,Madurai,Peraiyur,Muthunayakkapuram,2016-01-06,2016,1,Post-Monsoon,9.771389,77.812222,Original,450.0,810,8.1,1.01,4.0,24,29.16,104.0,4.0,89,36,2.806185,237.1309,180,3.373098,0.3831905,55.01143,78.51,Good,3.37,0.38,56.24,S1 (Low),C3 (High),C3-S1,Safe (<1.25),Permissible to Doubtful,Good / Permissible,Permissible (1.0-1.5 mg/L),Natural Background (<10 mg/L),Within Drinking Norms,Permissible / Marginal
21056,Madurai,Usilampatti,Meikilarpatti,2016-01-06,2016,1,Post-Monsoon,9.980556,77.802778,Original,1240.0,2060,8.8,0.36,45.0,88,51.03,267.0,27.0,213,143,18.0,469.7,430,5.603695,0.0,55.58139,169.96,Poor,5.6,-0.29,58.87,S1 (Low),C3 (High),C3-S1,Safe (<1.25),Doubtful to Unsuitable,Good / Permissible,Safe (<1.0 mg/L),Acceptable (10-45 mg/L),Within Drinking Norms,Unsafe for Drinking
21059,Madurai,Vadipatti,Kadupatti,2016-01-05,2016,1,Post-Monsoon,10.022222,77.92,Original,802.0,1370,8.4,1.37,27.0,46,74.115,106.0,32.0,213,94,12.0,213.5,420,2.250564,0.0,33.35419,139.62,Poor,2.25,-4.5,39.26,S1 (Low),C3 (High),C3-S1,Safe (<1.25),Permissible to Doubtful,Good / Permissible,Permissible (1.0-1.5 mg/L),Acceptable (10-45 mg/L),Within Drinking Norms,Permissible / Marginal
21061,Madurai,Vadipatti,Thathampatti,2016-01-05,2016,1,Post-Monsoon,10.022222,78.015556,Original,290.0,690,8.2,0.52,7.0,48,23.085,55.0,13.0,57,36,3.081489,206.8393,215,1.632518,0.0,34.07967,72.31,Good,1.63,-0.8,38.81,S1 (Low),C2 (Medium),C2-S1,Safe (<1.25),Good to Permissible,Excellent,Safe (<1.0 mg/L),Natural Background (<10 mg/L),Within Drinking Norms,Permissible / Marginal
21062,Madurai,Vadipatti,Periailandakulam,2016-01-04,2016,1,Post-Monsoon,10.068333,78.051389,Original,276.0,550,8.2,0.92,2.0,18,47.385,19.0,2.0,21,29,3.154886,211.7659,240,0.5336129,0.0,14.56281,69.8,Good,0.53,-1.22,15.46,S1 (Low),C2 (Medium),C2-S1,Safe (<1.25),Good to Permissible,Excellent,Safe (<1.0 mg/L),Natural Background (<10 mg/L),Within Drinking Norms,Permissible / Marginal
21065,Madurai,Madurai North,Mangulam,2016-01-04,2016,1,Post-Monsoon,10.035833,78.25,Original,1182.0,2070,7.8,0.32,4.0,124,31.59,276.0,2.0,418,140,0.0,347.7,440,5.727315,0.0,57.59555,133.07,Poor,5.72,-3.09,57.83,S1 (Low),C3 (High),C3-S1,Safe (<1.25),Doubtful to Unsuitable,Good / Permissible,Safe (<1.0 mg/L),Natural Background (<10 mg/L),Within Drinking Norms,Permissible / Marginal
21068,Madurai,Vadipatti,Alanganallur,2016-01-04,2016,1,Post-Monsoon,10.048333,78.083889,Original,519.0,950,8.1,0.81,4.0,26,61.965,74.0,13.0,121,48,0.0,317.2,320,1.799869,0.0,32.35709,95.03,Good,1.8,-1.2,35.69,S1 (Low),C3 (High),C3-S1,Safe (<1.25),Permissible to Doubtful,Good / Permissible,Safe (<1.0 mg/L),Natural Background (<10 mg/L),Within Drinking Norms,Permissible / Marginal
21074,Madurai,Madurai North,Chettikulam,2016-01-04,2016,1,Post-Monsoon,9.995,78.146944,Original,921.0,1640,8.2,1.1,27.0,16,94.77,179.0,9.0,220,66,0.0,427.0,430,3.755454,0.0,46.86692,139.21,Poor,3.75,-1.6,48.24,S1 (Low),C3 (High),C3-S1,Safe (<1.25),Permissible to Doubtful,Good / Permissible,Permissible (1.0-1.5 mg/L),Acceptable (10-45 mg/L),Within Drinking Norms,Permissible / Marginal
21075,Madurai,Madurai North,Chatrapatti,2016-01-04,2016,1,Post-Monsoon,10.03,78.15,Original,240.0,460,8.0,1.12,1.0,20,24.3,37.0,2.0,50,9,1.396404,148.5536,150,1.314583,0.0,34.54962,58.81,Good,1.31,-0.52,35.64,S1 (Low),C2 (Medium),C2-S1,Safe (<1.25),Good to Permissible,Excellent,Permissible (1.0-1.5 mg/L),Natural Background (<10 mg/L),Within Drinking Norms,Permissible / Marginal
21076,Madurai,Madurai North,Vayalur,2016-01-05,2016,1,Post-Monsoon,10.018333,78.053889,Original,357.0,660,8.1,1.37,3.0,12,32.805,78.0,5.0,18,34,3.15705,266.78,165,2.641976,1.179797,49.75524,76.08,Good,2.64,1.18,51.62,S1 (Low),C2 (Medium),C2-S1,Safe (<1.25),Permissible to Doubtful,Good / Permissible,Permissible (1.0-1.5 mg/L),Natural Background (<10 mg/L),Within Drinking Norms,Permissible / Marginal
21078,Madurai,Madurai North,Kalikappan,2016-01-04,2016,1,Post-Monsoon,9.939444,78.193611,Original,316.0,580,8.1,1.03,3.0,30,26.73,48.0,4.0,57,36,1.929022,163.008,185,1.535726,0.0,35.46664,68.2,Good,1.53,-0.96,37.19,S1 (Low),C2 (Medium),C2-S1,Safe (<1.25),Good to Permissible,Excellent,Permissible (1.0-1.5 mg/L),Natural Background (<10 mg/L),Within Drinking Norms,Permissible / Marginal
21079,Madurai,Madurai North,Rajakkur,2016-01-04,2016,1,Post-Monsoon,9.928611,78.238333,Original,1033.0,1860,8.0,0.81,2.0,28,9.72,368.0,2.0,298,26,0.0,579.5,110,15.27196,7.301574,87.68403,116.98,Poor,15.27,7.3,87.96,S2 (Medium),C3 (High),C3-S2,Unsuitable (>2.5),Unsuitable,Unsuitable,Safe (<1.0 mg/L),Natural Background (<10 mg/L),Within Drinking Norms,Permissible / Marginal
21080,Madurai,Madurai North,Kalimangalam,2016-01-04,2016,1,Post-Monsoon,9.878333,78.238889,Original,2561.0,4460,8.8,1.7,4.0,28,34.02,920.0,6.0,822,240,18.0,945.5,210,27.6255,11.9012,90.19511,266.66,Very Poor,27.61,11.9,90.54,S4 (Very High),C4 (Very High),C4-S4,Unsuitable (>2.5),Unsuitable,Unsuitable,Dental Fluorosis Risk (1.5-2.0 mg/L),Natural Background (<10 mg/L),Within Drinking Norms,Unsafe for Drinking
21081,Madurai,Madurai North,Elamanur,2016-01-04,2016,1,Post-Monsoon,9.900556,78.210833,Original,1815.0,3210,8.0,0.91,16.0,136,136.08,327.0,29.0,794,156,0.0,335.5,900,4.743236,0.0,43.16724,227.35,Very Poor,4.74,-12.49,45.41,S1 (Low),C4 (Very High),C4-S1,Safe (<1.25),Unsuitable,Unsuitable,Safe (<1.0 mg/L),Acceptable (10-45 mg/L),Within Drinking Norms,Unsafe for Drinking
21082,Madurai,Madurai South,Nallur,2016-01-11,2016,1,Post-Monsoon,9.788333,78.133333,Original,335.0,640,8.1,0.51,3.0,48,30.375,35.0,4.0,35,25,2.747708,232.1893,245,0.973138,0.0,23.35115,67.54,Good,0.97,-1.0,24.91,S1 (Low),C2 (Medium),C2-S1,Safe (<1.25),Good to Permissible,Excellent,Safe (<1.0 mg/L),Natural Background (<10 mg/L),Within Drinking Norms,Permissible / Marginal
21083,Madurai,Madurai South,Nilaiyur,2016-01-12,2016,1,Post-Monsoon,9.855556,78.059167,Original,1329.0,2310,7.8,0.89,16.0,128,87.48,216.0,16.0,432,158,0.0,439.2,680,3.604804,0.0,40.1669,171.85,Poor,3.6,-6.39,41.9,S1 (Low),C4 (Very High),C4-S1,Safe (<1.25),Doubtful to Unsuitable,Marginal / Moderate,Safe (<1.0 mg/L),Acceptable (10-45 mg/L),Within Drinking Norms,Unsafe for Drinking
21084,Madurai,Madurai South,Sakkilipatti,2016-01-12,2016,1,Post-Monsoon,9.901389,78.011111,Original,582.0,1070,8.2,0.82,1.0,38,47.385,115.0,3.0,202,54,0.0,244.0,290,2.93852,0.0,45.99934,94.64,Good,2.94,-1.8,46.69,S1 (Low),C3 (High),C3-S1,Safe (<1.25),Permissible to Doubtful,Good / Permissible,Safe (<1.0 mg/L),Natural Background (<10 mg/L),Within Drinking Norms,Permissible / Marginal
501001,Madurai,Madurai North,Oomatchikulam,2016-01-04,2016,1,Post-Monsoon,10.005,78.148056,Original,382.0,760,8.2,1.21,2.0,36,48.6,41.0,2.0,35,31,4.329229,290.5915,290,1.047631,0.0,23.37255,84.13,Good,1.05,-0.89,24.03,S1 (Low),C3 (High),C3-S1,Safe (<1.25),Permissible to Doubtful,Good / Permissible,Permissible (1.0-1.5 mg/L),Natural Background (<10 mg/L),Within Drinking Norms,Permissible / Marginal
501002,Madurai,Vadipatti,Thanichiyam,2016-01-05,2016,1,Post-Monsoon,10.041111,78.010556,Original,551.0,1010,8.0,0.78,9.0,54,63.18,53.0,9.0,96,65,0.0,341.6,395,1.160412,0.0,22.1046,98.49,Good,1.16,-2.3,24.3,S1 (Low),C3 (High),C3-S1,Safe (<1.25),Permissible to Doubtful,Good / Permissible,Safe (<1.0 mg/L),Natural Background (<10 mg/L),Within Drinking Norms,Permissible / Marginal
501003,Madurai,Madurai North,Varichiyur,2016-01-04,2016,1,Post-Monsoon,9.913056,78.251111,Original,954.0,1720,7.9,0.91,3.0,96,65.61,168.0,6.0,347,77,0.0,359.9,510,3.237476,0.0,41.40081,131.18,Poor,3.24,-4.29,42.26,S1 (Low),C3 (High),C3-S1,Safe (<1.25),Permissible to Doubtful,Good / Permissible,Safe (<1.0 mg/L),Natural Background (<10 mg/L),Within Drinking Norms,Permissible / Marginal
501004,Madurai,Madurai North,Sakkudi,2016-01-04,2016,1,Post-Monsoon,9.864167,78.223611,Original,513.0,890,8.1,0.7,11.0,32,29.16,108.0,14.0,103,41,0.0,274.5,200,3.323267,0.5029379,51.89561,85.73,Good,3.32,0.5,55.84,S1 (Low),C3 (High),C3-S1,Safe (<1.25),Permissible to Doubtful,Good / Permissible,Safe (<1.0 mg/L),Acceptable (10-45 mg/L),Within Drinking Norms,Permissible / Marginal
501005,Madurai,Madurai North,Chithakur,2016-01-04,2016,1,Post-Monsoon,9.948333,78.243611,Original,475.0,870,8.1,1.38,3.0,30,26.73,117.0,2.0,71,39,3.332483,281.6046,185,3.743332,1.030243,57.58938,84.36,Good,3.74,1.03,58.16,S1 (Low),C3 (High),C3-S1,Safe (<1.25),Permissible to Doubtful,Good / Permissible,Permissible (1.0-1.5 mg/L),Natural Background (<10 mg/L),Within Drinking Norms,Permissible / Marginal
501006,Madurai,Madurai North,Poikaraipatti,2016-01-04,2016,1,Post-Monsoon,10.047222,78.202778,Original,825.0,1490,7.6,0.82,8.0,114,46.17,124.0,4.0,230,64,0.0,414.8,475,2.476309,0.0,35.99538,113.1,Poor,2.48,-2.69,36.67,S1 (Low),C3 (High),C3-S1,Safe (<1.25),Permissible to Doubtful,Good / Permissible,Safe (<1.0 mg/L),Natural Background (<10 mg/L),Within Drinking Norms,Permissible / Marginal
501007,Madurai,Madurai North,Velliankundram,2016-01-04,2016,1,Post-Monsoon,10.020556,78.178333,Original,557.0,1000,7.9,0.52,10.0,58,42.525,85.0,5.0,113,64,0.0,292.8,320,2.067854,0.0,36.18072,87.42,Good,2.07,-1.6,37.42,S1 (Low),C3 (High),C3-S1,Safe (<1.25),Permissible to Doubtful,Good / Permissible,Safe (<1.0 mg/L),Acceptable (10-45 mg/L),Within Drinking Norms,Permissible / Marginal
501012,Madurai,Madurai South,Vilacherry,2016-01-12,2016,1,Post-Monsoon,9.9,78.059444,Original,1552.0,2620,8.2,0.9,35.0,108,114.21,276.0,20.0,518,200,0.0,317.2,740,4.415061,0.0,43.96801,201.48,Very Poor,4.41,-9.59,45.83,S1 (Low),C4 (Very High),C4-S1,Safe (<1.25),Doubtful to Unsuitable,Marginal / Moderate,Safe (<1.0 mg/L),Acceptable (10-45 mg/L),Within Drinking Norms,Unsafe for Drinking
501023,Madurai,Peraiyur,Mangalrev,2016-01-06,2016,1,Post-Monsoon,9.786111,77.797222,Original,598.0,1040,8.1,1.35,10.0,66,31.59,110.0,3.0,85,58,0.0,396.5,295,2.787383,0.6059406,44.48981,101.52,Poor,2.79,0.6,45.19,S1 (Low),C3 (High),C3-S1,Safe (<1.25),Permissible to Doubtful,Good / Permissible,Permissible (1.0-1.5 mg/L),Acceptable (10-45 mg/L),Within Drinking Norms,Permissible / Marginal
501028,Madurai,Peraiyur,Athanur,2016-01-12,2016,1,Post-Monsoon,9.725,77.895556,Original,625.0,1080,8.3,1.49,12.0,34,44.955,83.0,78.0,57,50,6.0,439.2,270,2.197968,2.003041,32.81705,134.39,Poor,2.2,2.0,50.94,S1 (Low),C3 (High),C3-S1,Marginal (1.25-2.5),Permissible to Doubtful,Marginal / Moderate,Permissible (1.0-1.5 mg/L),Acceptable (10-45 mg/L),Within Drinking Norms,Permissible / Marginal
501030,Madurai,Peraiyur,Mothagam,2016-01-12,2016,1,Post-Monsoon,9.679167,77.808889,Original,942.0,1590,8.1,0.44,31.0,52,38.88,235.0,4.0,163,93,0.0,439.2,290,6.005415,1.404645,63.41679,120.18,Poor,6.0,1.4,64.04,S1 (Low),C3 (High),C3-S1,Marginal (1.25-2.5),Doubtful to Unsuitable,Marginal / Moderate,Safe (<1.0 mg/L),Acceptable (10-45 mg/L),Within Drinking Norms,Permissible / Marginal
501032,Madurai,Peraiyur,Salichanthai,2016-01-12,2016,1,Post-Monsoon,9.728333,77.801944,Original,193.0,340,8.0,0.36,6.0,30,9.72,22.0,7.0,18,11,1.070468,113.8795,115,0.8929412,0.0,27.87514,46.04,Excellent,0.89,-0.4,33.08,S1 (Low),C2 (Medium),C2-S1,Safe (<1.25),Good to Permissible,Excellent,Safe (<1.0 mg/L),Natural Background (<10 mg/L),Within Drinking Norms,Safe Drinking Water
501033,Madurai,Madurai North,Samayanallur,2016-01-05,2016,1,Post-Monsoon,9.980833,78.042222,Original,976.0,1740,8.6,1.15,3.0,12,43.74,313.0,2.0,248,87,12.0,494.1,210,9.397161,4.300816,76.2132,133.62,Poor,9.39,4.3,76.49,S1 (Low),C3 (High),C3-S1,Unsuitable (>2.5),Doubtful to Unsuitable,Unsuitable,Permissible (1.0-1.5 mg/L),Natural Background (<10 mg/L),Within Drinking Norms,Unsafe for Drinking
501035,Madurai,Madurai South,Nedunkulam,2016-01-11,2016,1,Post-Monsoon,9.787222,78.178056,Original,1484.0,2600,7.7,0.54,39.0,128,121.5,230.0,14.0,461,71,0.0,567.3,820,3.495214,0.0,37.40212,188.59,Poor,3.49,-7.09,38.73,S1 (Low),C4 (Very High),C4-S1,Safe (<1.25),Doubtful to Unsuitable,Marginal / Moderate,Safe (<1.0 mg/L),Acceptable (10-45 mg/L),Within Drinking Norms,Unsafe for Drinking
501036,Madurai,Madurai South,Othai Alangulam,2016-01-11,2016,1,Post-Monsoon,9.809722,78.055,Original,1137.0,1950,8.4,1.03,25.0,120,41.31,239.0,2.0,298,99,6.0,439.2,470,4.798361,0.0,52.412,152.84,Poor,4.8,-1.99,52.66,S1 (Low),C3 (High),C3-S1,Safe (<1.25),Permissible to Doubtful,Good / Permissible,Permissible (1.0-1.5 mg/L),Acceptable (10-45 mg/L),Within Drinking Norms,Permissible / Marginal
501037,Madurai,Thirumangalam,Mykudi,2016-01-11,2016,1,Post-Monsoon,9.787778,78.016667,Original,1120.0,1970,8.4,1.06,5.0,72,48.6,276.0,12.0,418,93,6.0,341.6,380,6.161703,0.0,60.31434,148.53,Poor,6.16,-1.79,61.84,S1 (Low),C3 (High),C3-S1,Safe (<1.25),Doubtful to Unsuitable,Marginal / Moderate,Permissible (1.0-1.5 mg/L),Natural Background (<10 mg/L),Within Drinking Norms,Permissible / Marginal
501043,Madurai,Thirumangalam,Sivarakottai,2016-01-11,2016,1,Post-Monsoon,9.744722,77.98,Well-History,524.0,910,8.2,1.46,6.0,20,21.87,152.0,6.0,32,45,0.0,439.2,140,5.590108,4.401323,69.13889,92.7,Good,5.59,4.4,70.73,S1 (Low),C3 (High),C3-S1,Unsuitable (>2.5),Doubtful to Unsuitable,Unsuitable,Permissible (1.0-1.5 mg/L),Natural Background (<10 mg/L),Within Drinking Norms,Permissible / Marginal
501050,Madurai,Usilampatti,Thumbalapatti,2016-01-07,2016,1,Post-Monsoon,9.869444,77.776111,Original,679.0,1210,7.8,1.1,11.0,66,53.46,97.0,13.0,216,25,0.0,317.2,385,2.151336,0.0,34.45816,106.84,Poor,2.15,-2.5,37.16,S1 (Low),C3 (High),C3-S1,Safe (<1.25),Permissible to Doubtful,Good / Permissible,Permissible (1.0-1.5 mg/L),Acceptable (10-45 mg/L),Within Drinking Norms,Permissible / Marginal
501053,Madurai,Vadipatti,Alagapuri,2016-01-05,2016,1,Post-Monsoon,10.056389,78.069722,Original,644.0,1210,8.2,1.22,2.0,22,77.76,110.0,2.0,117,46,0.0,518.5,375,2.471385,1.002288,38.79779,113.1,Poor,2.47,1.0,39.2,S1 (Low),C3 (High),C3-S1,Safe (<1.25),Permissible to Doubtful,Good / Permissible,Permissible (1.0-1.5 mg/L),Natural Background (<10 mg/L),Within Drinking Norms,Permissible / Marginal
501054,Madurai,Vadipatti,Manickampatti,2016-01-04,2016,1,Post-Monsoon,10.104444,78.125278,Original,929.0,1670,8.0,1.45,23.0,56,80.19,173.0,2.0,184,65,0.0,530.7,470,3.472291,0.0,44.34455,139.67,Poor,3.47,-0.7,44.63,S1 (Low),C3 (High),C3-S1,Safe (<1.25),Permissible to Doubtful,Good / Permissible,Permissible (1.0-1.5 mg/L),Acceptable (10-45 mg/L),Within Drinking Norms,Permissible / Marginal
81001B,Madurai,Madurai North,Kochadai,2016-01-06,2016,1,Post-Monsoon,9.943333,78.0775,Original,415.0,770,8.2,0.7,1.0,40,36.45,64.0,2.0,82,54,3.154886,211.7659,250,1.761434,0.0,35.55089,77.06,Good,1.76,-1.42,36.19,S1 (Low),C3 (High),C3-S1,Safe (<1.25),Permissible to Doubtful,Good / Permissible,Safe (<1.0 mg/L),Natural Background (<10 mg/L),Within Drinking Norms,Permissible / Marginal
83005,Madurai,Madurai South,Thiruparankundram,2016-01-11,2016,1,Post-Monsoon,9.879167,78.114444,Original,1828.0,3210,7.9,1.41,14.0,56,116.64,460.0,5.0,638,216,0.0,549.0,620,8.038118,0.0,61.50999,213.85,Very Poor,8.03,-3.4,61.89,S1 (Low),C4 (Very High),C4-S1,Safe (<1.25),Unsuitable,Unsuitable,Permissible (1.0-1.5 mg/L),Acceptable (10-45 mg/L),Within Drinking Norms,Unsafe for Drinking
83006A,Madurai,Thirumangalam,Sathankudi,2016-01-12,2016,1,Post-Monsoon,9.7891,77.962,Gazetteer,920.0,1590,8.2,1.45,2.0,36,48.6,189.0,86.0,142,128,0.0,573.4,290,4.829323,3.603004,50.69587,159.52,Poor,4.83,3.6,64.25,S1 (Low),C3 (High),C3-S1,Unsuitable (>2.5),Permissible to Doubtful,Unsuitable,Permissible (1.0-1.5 mg/L),Natural Background (<10 mg/L),Within Drinking Norms,Permissible / Marginal
83007B,Madurai,Peraiyur,Chinnakattalai,2016-01-06,2016,1,Post-Monsoon,9.951944,77.800556,Well-History,1845.0,3200,8.4,1.51,7.0,96,116.64,414.0,11.0,539,334,6.0,591.7,720,6.713763,0.0,55.10695,232.55,Very Poor,6.71,-4.49,55.95,S1 (Low),C4 (Very High),C4-S1,Safe (<1.25),Unsuitable,Unsuitable,Dental Fluorosis Risk (1.5-2.0 mg/L),Natural Background (<10 mg/L),Within Drinking Norms,Unsafe for Drinking
83008,Madurai,Peraiyur,Elumalai,2016-01-07,2016,1,Post-Monsoon,9.861111,77.701111,Well-History,595.0,1010,8.2,1.17,24.0,30,49.815,101.0,8.0,113,52,0.0,268.4,280,2.626336,0.0,43.09571,102.93,Poor,2.63,-1.2,45.09,S1 (Low),C3 (High),C3-S1,Safe (<1.25),Permissible to Doubtful,Good / Permissible,Permissible (1.0-1.5 mg/L),Acceptable (10-45 mg/L),Within Drinking Norms,Permissible / Marginal
83014B,Madurai,Vadipatti,Mullipallam,2016-01-05,2016,1,Post-Monsoon,10.019444,77.950556,Original,234.0,410,8.2,0.68,4.0,34,19.44,10.0,21.0,35,24,1.760352,118.1604,165,0.3388104,0.0,10.19029,63.67,Good,0.34,-1.3,22.77,S1 (Low),C2 (Medium),C2-S1,Safe (<1.25),Good to Permissible,Excellent,Safe (<1.0 mg/L),Natural Background (<10 mg/L),Within Drinking Norms,Safe Drinking Water
83020A,Madurai,Vadipatti,Valayapatti,2016-01-04,2016,1,Post-Monsoon,10.0881,77.9942,Gazetteer,750.0,1370,8.1,1.11,9.0,44,66.825,133.0,13.0,170,63,0.0,439.2,385,2.949414,0.0,41.88402,120.94,Poor,2.95,-0.5,44.28,S1 (Low),C3 (High),C3-S1,Safe (<1.25),Permissible to Doubtful,Good / Permissible,Permissible (1.0-1.5 mg/L),Natural Background (<10 mg/L),Within Drinking Norms,Permissible / Marginal
83048,Madurai,Thirumangalam,Puliankulam (M),2016-01-11,2016,1,Post-Monsoon,9.651667,77.909167,Original,696.0,1200,8.0,1.0,14.0,38,47.385,131.0,25.0,124,81,0.0,378.2,290,3.347358,0.4035928,46.96358,111.84,Poor,3.35,0.4,52.22,S1 (Low),C3 (High),C3-S1,Safe (<1.25),Permissible to Doubtful,Good / Permissible,Permissible (1.0-1.5 mg/L),Acceptable (10-45 mg/L),Within Drinking Norms,Permissible / Marginal
83072A,Madurai,Usilampatti,Valandur,2016-01-06,2016,1,Post-Monsoon,9.949722,77.871944,Well-History,727.0,1310,8.8,1.45,5.0,12,49.815,200.0,3.0,128,72,18.0,439.2,235,5.676131,3.101038,64.56393,123.34,Poor,5.67,3.1,65.12,S1 (Low),C3 (High),C3-S1,Unsuitable (>2.5),Doubtful to Unsuitable,Unsuitable,Permissible (1.0-1.5 mg/L),Natural Background (<10 mg/L),Within Drinking Norms,Unsafe for Drinking
83080A,Madurai,Vadipatti,Nagari,2016-01-05,2016,1,Post-Monsoon,10.019444,78.016389,Village-Centroid,778.0,1390,8.8,1.28,6.0,16,49.815,207.0,4.0,213,85,18.0,311.1,245,5.753826,0.801692,64.29615,124.3,Poor,5.75,0.8,65.01,S1 (Low),C3 (High),C3-S1,Safe (<1.25),Doubtful to Unsuitable,Marginal / Moderate,Permissible (1.0-1.5 mg/L),Natural Background (<10 mg/L),Within Drinking Norms,Unsafe for Drinking
83082,Madurai,Usilampatti,Uthappanaickanur,2016-01-06,2016,1,Post-Monsoon,10.033333,77.787778,Original,1239.0,2210,8.6,1.04,21.0,136,136.08,97.0,13.0,319,214,12.0,439.2,900,1.407015,0.0,18.72186,195.2,Poor,1.41,-10.39,20.19,S1 (Low),C3 (High),C3-S1,Safe (<1.25),Doubtful to Unsuitable,Good / Permissible,Permissible (1.0-1.5 mg/L),Acceptable (10-45 mg/L),Within Drinking Norms,Unsafe for Drinking
83092AY,Madurai,Vadipatti,Nirathan,2016-01-05,2016,1,Post-Monsoon,10.0525,77.975556,Well-History,313.0,580,8.2,1.27,1.0,28,34.02,39.0,1.0,60,47,2.347524,157.5732,210,1.171081,0.0,28.66153,72.88,Good,1.17,-1.54,29.08,S1 (Low),C2 (Medium),C2-S1,Safe (<1.25),Good to Permissible,Excellent,Permissible (1.0-1.5 mg/L),Natural Background (<10 mg/L),Within Drinking Norms,Permissible / Marginal
83099,Madurai,Madurai North,Kadavur,2016-01-04,2016,1,Post-Monsoon,10.075,78.175,Original,506.0,960,7.8,0.63,6.0,74,57.105,30.0,6.0,82,46,0.0,372.1,420,0.6370417,0.0,13.24744,89.79,Good,0.64,-2.29,14.8,S1 (Low),C3 (High),C3-S1,Safe (<1.25),Permissible to Doubtful,Good / Permissible,Safe (<1.0 mg/L),Natural Background (<10 mg/L),Within Drinking Norms,Permissible / Marginal
21019D,Madurai,Melur,Karungalakudi,2016-01-05,2016,1,Post-Monsoon,10.155556,78.369167,Original,956.0,1690,7.9,0.7,2.0,160,24.3,166.0,4.0,340,71,0.0,359.9,500,3.231667,0.0,41.71989,124.36,Poor,3.23,-4.09,42.3,S1 (Low),C3 (High),C3-S1,Safe (<1.25),Permissible to Doubtful,Good / Permissible,Safe (<1.0 mg/L),Natural Background (<10 mg/L),Within Drinking Norms,Permissible / Marginal
21022D,Madurai,Melur,Pulipatti,2016-01-03,2016,1,Post-Monsoon,10.086111,78.291667,Original,411.0,760,7.8,1.11,3.0,64,30.375,46.0,3.0,92,39,1.17902,198.7894,285,1.185908,0.0,25.74802,75.49,Good,1.19,-2.4,26.73,S1 (Low),C3 (High),C3-S1,Safe (<1.25),Permissible to Doubtful,Good / Permissible,Permissible (1.0-1.5 mg/L),Natural Background (<10 mg/L),Within Drinking Norms,Permissible / Marginal
21023D,Madurai,Melur,Uranganpatti,2016-01-03,2016,1,Post-Monsoon,9.998333,78.43,Original,478.0,880,8.1,0.7,1.0,98,15.795,62.0,3.0,82,31,3.449438,291.4876,310,1.532889,0.0,30.08526,81.82,Good,1.53,-1.3,30.93,S1 (Low),C3 (High),C3-S1,Safe (<1.25),Permissible to Doubtful,Good / Permissible,Safe (<1.0 mg/L),Natural Background (<10 mg/L),Within Drinking Norms,Permissible / Marginal
21024D,Madurai,Melur,Thiruvadur,2016-01-03,2016,1,Post-Monsoon,9.956944,78.319444,Original,835.0,1450,8.2,0.41,12.0,108,37.665,143.0,12.0,138,81,0.0,518.5,425,3.019148,0.009763588,41.42295,121.4,Poor,3.02,0.01,43.46,S1 (Low),C3 (High),C3-S1,Safe (<1.25),Permissible to Doubtful,Good / Permissible,Safe (<1.0 mg/L),Acceptable (10-45 mg/L),Within Drinking Norms,Permissible / Marginal
21066,Madurai,Melur,Attukulam,2016-01-03,2016,1,Post-Monsoon,10.0025,78.356667,Village-Centroid,909.0,1470,8.1,0.85,20.0,112,6.075,205.0,6.0,305,72,0.0,231.8,305,5.110352,0.0,58.82028,115.99,Poor,5.11,-2.29,59.82,S1 (Low),C3 (High),C3-S1,Safe (<1.25),Permissible to Doubtful,Good / Permissible,Safe (<1.0 mg/L),Acceptable (10-45 mg/L),Within Drinking Norms,Permissible / Marginal
501013,Madurai,Melur,Veppaodappu,2016-01-03,2016,1,Post-Monsoon,9.917222,78.303889,Original,561.0,1000,8.2,1.46,15.0,68,40.095,76.0,4.0,181,22,0.0,207.4,335,1.80712,0.0,32.72761,102.2,Poor,1.81,-3.29,33.73,S1 (Low),C3 (High),C3-S1,Safe (<1.25),Permissible to Doubtful,Good / Permissible,Permissible (1.0-1.5 mg/L),Acceptable (10-45 mg/L),Within Drinking Norms,Permissible / Marginal
501016,Madurai,Melur,Navinipatti,2016-01-03,2016,1,Post-Monsoon,10.043889,78.362778,Original,495.0,870,8.2,0.54,10.0,48,49.815,53.0,6.0,145,59,2.127335,142.7934,325,1.27932,0.0,25.74845,86.55,Good,1.28,-4.08,27.45,S1 (Low),C3 (High),C3-S1,Safe (<1.25),Permissible to Doubtful,Good / Permissible,Safe (<1.0 mg/L),Acceptable (10-45 mg/L),Within Drinking Norms,Permissible / Marginal
501018,Madurai,Melur,Manappacheri,2016-01-05,2016,1,Post-Monsoon,10.217222,78.350278,Village-Centroid,1260.0,2260,8.2,1.04,2.0,60,102.06,276.0,4.0,447,132,0.0,457.5,570,5.030114,0.0,51.08602,166.81,Poor,5.03,-3.9,51.51,S1 (Low),C4 (Very High),C4-S1,Safe (<1.25),Doubtful to Unsuitable,Marginal / Moderate,Permissible (1.0-1.5 mg/L),Natural Background (<10 mg/L),Within Drinking Norms,Permissible / Marginal
83095,Madurai,Melur,Pulipatti,2016-01-03,2016,1,Post-Monsoon,10.084444,78.288889,Original,3544.0,6180,7.8,1.05,5.0,240,145.8,874.0,5.0,1829,264,0.0,329.4,1200,10.98029,0.0,61.19954,355.44,Unsuitable,10.98,-18.58,61.39,S2 (Medium),C4 (Very High),C4-S2,Safe (<1.25),Unsuitable,Unsuitable,Permissible (1.0-1.5 mg/L),Natural Background (<10 mg/L),Within Drinking Norms,Unsafe for Drinking
83096,Madurai,Melur,Thumbalapatti,2016-01-05,2016,1,Post-Monsoon,10.085278,78.359722,Well-History,577.0,1040,8.0,0.74,5.0,64,32.805,97.0,18.0,160,16,0.0,335.5,295,2.45793,0.0,39.90595,94.91,Good,2.46,-0.4,44.25,S1 (Low),C3 (High),C3-S1,Safe (<1.25),Permissible to Doubtful,Good / Permissible,Safe (<1.0 mg/L),Natural Background (<10 mg/L),Within Drinking Norms,Permissible / Marginal
21019D,Madurai,Melur,Karungalakudi,2016-07-08,2016,7,Pre-Monsoon,10.155556,78.369167,Original,846.0,1510,7.9,0.85,0.5,104,36.45,156.0,9.0,355,66,0.0,237.9,410,3.353321,0.0,44.62658,114.93,Poor,3.35,-4.29,46.13,S1 (Low),C3 (High),C3-S1,Safe (<1.25),Permissible to Doubtful,Good / Permissible,Safe (<1.0 mg/L),Natural Background (<10 mg/L),Within Drinking Norms,Permissible / Marginal
21020D,Madurai,Melur,Pallapatti,2016-07-06,2016,7,Pre-Monsoon,10.247222,78.386111,Original,764.0,1370,7.9,0.73,9.0,78,54.675,129.0,5.0,160,64,0.0,463.6,420,2.739335,0.0,39.70905,112.2,Poor,2.74,-0.79,40.6,S1 (Low),C3 (High),C3-S1,Safe (<1.25),Permissible to Doubtful,Good / Permissible,Safe (<1.0 mg/L),Natural Background (<10 mg/L),Within Drinking Norms,Permissible / Marginal
21022D,Madurai,Melur,Pulipatti,2016-07-06,2016,7,Pre-Monsoon,10.086111,78.291667,Original,479.0,860,8.1,0.47,3.0,70,29.16,60.0,10.0,138,40,2.279887,192.6572,295,1.520434,0.0,29.79799,81.08,Good,1.52,-2.66,32.71,S1 (Low),C3 (High),C3-S1,Safe (<1.25),Permissible to Doubtful,Good / Permissible,Safe (<1.0 mg/L),Natural Background (<10 mg/L),Within Drinking Norms,Permissible / Marginal
21023D,Madurai,Melur,Uranganpatti,2016-07-06,2016,7,Pre-Monsoon,9.998333,78.43,Original,296.0,500,8.2,0.62,11.0,24,30.375,32.0,5.0,50,20,2.053938,137.8668,185,1.023747,0.0,26.68043,64.44,Good,1.02,-1.37,29.12,S1 (Low),C2 (Medium),C2-S1,Safe (<1.25),Good to Permissible,Excellent,Safe (<1.0 mg/L),Acceptable (10-45 mg/L),Within Drinking Norms,Safe Drinking Water
21024D,Madurai,Melur,Thiruvadur,2016-07-06,2016,7,Pre-Monsoon,9.956944,78.319444,Original,646.0,1110,8.2,0.55,8.0,28,36.45,152.0,17.0,152,77,0.0,292.8,220,4.459217,0.4026424,57.778,98.16,Good,4.46,0.4,61.57,S1 (Low),C3 (High),C3-S1,Safe (<1.25),Permissible to Doubtful,Good / Permissible,Safe (<1.0 mg/L),Natural Background (<10 mg/L),Within Drinking Norms,Permissible / Marginal
21066,Madurai,Melur,Attukulam,2016-07-06,2016,7,Pre-Monsoon,10.0025,78.356667,Village-Centroid,751.0,1250,8.2,0.95,20.0,54,38.88,147.0,11.0,177,132,0.0,207.4,295,3.724637,0.0,50.86946,112.35,Poor,3.72,-2.5,53.1,S1 (Low),C3 (High),C3-S1,Safe (<1.25),Permissible to Doubtful,Good / Permissible,Safe (<1.0 mg/L),Acceptable (10-45 mg/L),Within Drinking Norms,Permissible / Marginal
501013,Madurai,Melur,Veppaodappu,2016-07-06,2016,7,Pre-Monsoon,9.917222,78.303889,Original,752.0,1270,8.0,1.12,20.0,60,59.535,120.0,7.0,294,26,0.0,195.2,395,2.627433,0.0,39.2694,113.39,Poor,2.63,-4.7,40.6,S1 (Low),C3 (High),C3-S1,Safe (<1.25),Permissible to Doubtful,Good / Permissible,Permissible (1.0-1.5 mg/L),Acceptable (10-45 mg/L),Within Drinking Norms,Permissible / Marginal
501016,Madurai,Melur,Navinipatti,2016-07-06,2016,7,Pre-Monsoon,10.043889,78.362778,Original,477.0,860,8.2,0.5,5.0,46,43.74,55.0,14.0,145,51,2.347524,157.5732,295,1.393492,0.0,27.67233,85.41,Good,1.39,-3.23,31.8,S1 (Low),C3 (High),C3-S1,Safe (<1.25),Permissible to Doubtful,Good / Permissible,Safe (<1.0 mg/L),Natural Background (<10 mg/L),Within Drinking Norms,Permissible / Marginal
83095,Madurai,Melur,Pulipatti,2016-07-06,2016,7,Pre-Monsoon,10.084444,78.288889,Original,3768.0,6500,8.0,0.93,3.0,232,160.38,966.0,8.0,2028,175,0.0,372.1,1240,11.93844,0.0,62.71575,375.65,Unsuitable,11.93,-18.68,63.01,S2 (Medium),C4 (Very High),C4-S2,Safe (<1.25),Unsuitable,Unsuitable,Safe (<1.0 mg/L),Natural Background (<10 mg/L),Within Drinking Norms,Unsafe for Drinking
83096,Madurai,Melur,Thumbalapatti,2016-07-08,2016,7,Pre-Monsoon,10.085278,78.359722,Well-History,755.0,1330,8.2,0.58,4.0,54,40.095,143.0,65.0,223,13,0.0,396.5,300,3.592942,0.5049467,44.82401,126.64,Poor,3.59,0.5,56.79,S1 (Low),C3 (High),C3-S1,Safe (<1.25),Permissible to Doubtful,Good / Permissible,Safe (<1.0 mg/L),Natural Background (<10 mg/L),Within Drinking Norms,Permissible / Marginal
21001D,Madurai,Madurai South,Thiruparankundram,2016-07-02,2016,7,Pre-Monsoon,9.877778,78.097222,Original,1364.0,2430,8.2,1.29,1.0,24,60.75,414.0,7.0,440,151,0.0,530.7,310,10.23058,2.502164,73.8525,165.12,Poor,10.23,2.5,74.58,S2 (Medium),C4 (Very High),C4-S2,Unsuitable (>2.5),Doubtful to Unsuitable,Unsuitable,Permissible (1.0-1.5 mg/L),Natural Background (<10 mg/L),Within Drinking Norms,Permissible / Marginal
21004D,Madurai,Thirumangalam,Chinna Ulagani,2016-07-02,2016,7,Pre-Monsoon,9.773611,78.052222,Original,821.0,1380,8.2,1.43,14.0,94,31.59,122.0,59.0,259,42,0.0,298.9,365,2.779454,0.0,37.61945,140.55,Poor,2.78,-2.39,48.31,S1 (Low),C3 (High),C3-S1,Safe (<1.25),Permissible to Doubtful,Good / Permissible,Permissible (1.0-1.5 mg/L),Acceptable (10-45 mg/L),Within Drinking Norms,Permissible / Marginal
21005D,Madurai,Madurai South,Eliyarpatti,2016-07-02,2016,7,Pre-Monsoon,9.794444,78.090278,Original,701.0,1220,8.2,0.68,20.0,70,37.665,129.0,7.0,135,43,0.0,384.3,330,3.090559,0.0,45.31381,107.5,Poor,3.09,-0.3,46.75,S1 (Low),C3 (High),C3-S1,Safe (<1.25),Permissible to Doubtful,Good / Permissible,Safe (<1.0 mg/L),Acceptable (10-45 mg/L),Within Drinking Norms,Permissible / Marginal
21006D,Madurai,Peraiyur,Elumalai RF,2016-07-05,2016,7,Pre-Monsoon,9.861111,77.7,Original,499.0,840,8.1,1.32,19.0,22,38.88,90.0,11.0,92,47,2.22141,187.7156,215,2.67071,0.0,46.09214,90.93,Good,2.67,-1.15,49.39,S1 (Low),C3 (High),C3-S1,Safe (<1.25),Permissible to Doubtful,Good / Permissible,Permissible (1.0-1.5 mg/L),Acceptable (10-45 mg/L),Within Drinking Norms,Permissible / Marginal
21007D,Madurai,Thirumangalam,Kallikudi,2016-07-02,2016,7,Pre-Monsoon,9.693889,77.971111,Original,1893.0,3350,8.2,1.55,45.0,200,223.56,150.0,3.0,737,235,0.0,292.8,1420,1.732152,0.0,18.65321,267.95,Very Poor,1.73,-23.58,18.86,S1 (Low),C4 (Very High),C4-S1,Safe (<1.25),Unsuitable,Unsuitable,Dental Fluorosis Risk (1.5-2.0 mg/L),Acceptable (10-45 mg/L),Within Drinking Norms,Unsafe for Drinking
21009D,Madurai,Thirumangalam,Kappalur,2016-07-01,2016,7,Pre-Monsoon,9.843056,78.018611,Original,1336.0,2330,8.2,0.89,35.0,140,87.48,212.0,11.0,475,67,0.0,378.2,710,3.46256,0.0,38.9288,179.21,Poor,3.46,-7.99,40.1,S1 (Low),C4 (Very High),C4-S1,Safe (<1.25),Doubtful to Unsuitable,Marginal / Moderate,Safe (<1.0 mg/L),Acceptable (10-45 mg/L),Within Drinking Norms,Unsafe for Drinking
21012D,Madurai,Thirumangalam,Kurayur,2016-07-02,2016,7,Pre-Monsoon,9.694444,78.025,Original,2392.0,3960,7.7,1.32,48.0,88,131.22,575.0,34.0,723,343,0.0,573.4,760,9.075631,0.0,60.8985,270.99,Very Poor,9.07,-5.79,63.0,S1 (Low),C4 (Very High),C4-S1,Safe (<1.25),Unsuitable,Unsuitable,Permissible (1.0-1.5 mg/L),Anthropogenic High (45-100 mg/L),Urban Domestic / Septic Leaching,Unsafe for Drinking
21015D,Madurai,Peraiyur,Peraiyur,2016-07-04,2016,7,Pre-Monsoon,9.74,77.793333,Original,516.0,900,8.2,0.87,11.0,42,44.955,85.0,3.0,113,56,0.0,244.0,290,2.172013,0.0,38.6371,90.78,Good,2.17,-1.8,39.43,S1 (Low),C3 (High),C3-S1,Safe (<1.25),Permissible to Doubtful,Good / Permissible,Safe (<1.0 mg/L),Acceptable (10-45 mg/L),Within Drinking Norms,Permissible / Marginal
21016D,Madurai,Peraiyur,Subbulapuram,2016-07-01,2016,7,Pre-Monsoon,9.675556,77.809444,Original,355.0,620,8.0,0.95,4.0,56,27.945,25.0,7.0,46,79,1.442966,153.507,255,0.681367,0.0,17.09624,72.87,Good,0.68,-2.53,19.9,S1 (Low),C2 (Medium),C2-S1,Safe (<1.25),Good to Permissible,Excellent,Safe (<1.0 mg/L),Natural Background (<10 mg/L),Within Drinking Norms,Permissible / Marginal
21017D,Madurai,Thirumangalam,Thangalacheri,2016-07-01,2016,7,Pre-Monsoon,9.836111,77.868889,Original,1704.0,2790,8.2,1.23,39.0,120,87.48,350.0,23.0,489,197,0.0,524.6,660,5.928878,0.0,52.49787,213.95,Very Poor,5.93,-4.59,54.51,S1 (Low),C4 (Very High),C4-S1,Safe (<1.25),Doubtful to Unsuitable,Marginal / Moderate,Permissible (1.0-1.5 mg/L),Acceptable (10-45 mg/L),Within Drinking Norms,Unsafe for Drinking
21026D,Madurai,Vadipatti,Senthamangalam,2016-07-06,2016,7,Pre-Monsoon,10.138333,78.141111,Original,879.0,1560,8.2,0.9,24.0,72,87.48,110.0,9.0,184,70,0.0,481.9,540,2.059813,0.0,30.27044,138.69,Poor,2.06,-2.9,31.72,S1 (Low),C3 (High),C3-S1,Safe (<1.25),Permissible to Doubtful,Good / Permissible,Safe (<1.0 mg/L),Acceptable (10-45 mg/L),Within Drinking Norms,Permissible / Marginal
21027D,Madurai,Vadipatti,Thiruvedagam,2016-07-08,2016,7,Pre-Monsoon,10.019444,77.972222,Original,602.0,1120,8.1,1.45,3.0,14,87.48,74.0,24.0,181,41,0.0,335.5,395,1.619851,0.0,27.44127,117.19,Poor,1.62,-2.4,32.66,S1 (Low),C3 (High),C3-S1,Safe (<1.25),Permissible to Doubtful,Good / Permissible,Permissible (1.0-1.5 mg/L),Natural Background (<10 mg/L),Within Drinking Norms,Permissible / Marginal
21028D,Madurai,Usilampatti,Veppanuthu,2016-07-05,2016,7,Pre-Monsoon,9.897222,77.841667,Original,1114.0,1890,8.1,1.5,31.0,40,97.2,216.0,11.0,312,125,0.0,353.8,500,4.202926,0.0,47.76215,159.29,Poor,4.2,-4.2,49.18,S1 (Low),C3 (High),C3-S1,Safe (<1.25),Permissible to Doubtful,Good / Permissible,Permissible (1.0-1.5 mg/L),Acceptable (10-45 mg/L),Within Drinking Norms,Permissible / Marginal
21033D,Madurai,Usilampatti,Usilampatti,2016-07-04,2016,7,Pre-Monsoon,9.959722,77.791667,Original,2145.0,3720,8.2,1.39,52.0,72,189.54,414.0,9.0,766,233,0.0,463.6,960,5.813572,0.0,48.11349,266.3,Very Poor,5.81,-11.6,48.71,S1 (Low),C4 (Very High),C4-S1,Safe (<1.25),Unsuitable,Unsuitable,Permissible (1.0-1.5 mg/L),Anthropogenic High (45-100 mg/L),Urban Domestic / Septic Leaching,Unsafe for Drinking
21035D,Madurai,Madurai North,Madurai North,2016-07-01,2016,7,Pre-Monsoon,9.843056,78.141667,Original,1540.0,2630,8.2,0.56,24.0,68,53.46,414.0,21.0,397,142,0.0,677.1,390,9.122999,3.305897,68.37331,180.8,Poor,9.12,3.3,70.4,S1 (Low),C4 (Very High),C4-S1,Unsuitable (>2.5),Doubtful to Unsuitable,Unsuitable,Safe (<1.0 mg/L),Acceptable (10-45 mg/L),Within Drinking Norms,Permissible / Marginal
21037D,Madurai,Thirumangalam,Kandai,2016-07-01,2016,7,Pre-Monsoon,9.877778,77.913333,Original,1258.0,2190,8.5,1.55,32.0,40,94.77,276.0,11.0,291,131,0.0,542.9,490,5.424947,0.0,54.36882,180.13,Poor,5.42,-0.9,55.63,S1 (Low),C3 (High),C3-S1,Safe (<1.25),Doubtful to Unsuitable,Good / Permissible,Dental Fluorosis Risk (1.5-2.0 mg/L),Acceptable (10-45 mg/L),Within Drinking Norms,Unsafe for Drinking
21040,Madurai,Peraiyur,T.kallipatti,2016-07-01,2016,7,Pre-Monsoon,9.715833,77.859444,Original,409.0,730,8.2,1.36,7.0,24,32.805,74.0,11.0,96,34,2.567714,172.353,195,2.305881,0.0,43.51325,84.02,Good,2.3,-0.99,47.3,S1 (Low),C2 (Medium),C2-S1,Safe (<1.25),Permissible to Doubtful,Good / Permissible,Permissible (1.0-1.5 mg/L),Natural Background (<10 mg/L),Within Drinking Norms,Permissible / Marginal
21041,Madurai,Peraiyur,Sedapatti,2016-07-04,2016,7,Pre-Monsoon,9.826389,77.8,Original,759.0,1350,8.0,1.54,9.0,16,55.89,189.0,2.0,128,101,0.0,451.4,270,5.004305,2.001493,60.14046,115.48,Poor,5.0,2.0,60.5,S1 (Low),C3 (High),C3-S1,Marginal (1.25-2.5),Doubtful to Unsuitable,Marginal / Moderate,Dental Fluorosis Risk (1.5-2.0 mg/L),Natural Background (<10 mg/L),Within Drinking Norms,Unsafe for Drinking
21043,Madurai,Usilampatti,Pullaneri,2016-07-04,2016,7,Pre-Monsoon,9.9325,77.946667,Original,762.0,1370,8.0,0.6,10.0,52,80.19,97.0,20.0,234,101,0.0,268.4,460,1.967914,0.0,30.30099,119.08,Poor,1.97,-4.8,33.96,S1 (Low),C3 (High),C3-S1,Safe (<1.25),Permissible to Doubtful,Good / Permissible,Safe (<1.0 mg/L),Acceptable (10-45 mg/L),Within Drinking Norms,Permissible / Marginal
21044,Madurai,Usilampatti,Sangampatti,2016-07-04,2016,7,Pre-Monsoon,9.948333,77.898333,Original,1189.0,2090,8.1,0.92,9.0,24,102.06,248.0,35.0,397,167,0.0,347.7,480,4.924776,0.0,50.69604,164.47,Poor,4.92,-3.9,54.89,S1 (Low),C3 (High),C3-S1,Safe (<1.25),Doubtful to Unsuitable,Good / Permissible,Safe (<1.0 mg/L),Natural Background (<10 mg/L),Within Drinking Norms,Permissible / Marginal
21048,Madurai,Peraiyur,Pappanaickenpatti,2016-07-05,2016,7,Pre-Monsoon,9.820278,77.711111,Original,818.0,1410,8.2,1.48,9.0,58,68.04,87.0,98.0,128,85,0.0,506.3,425,1.836367,0.0,25.59694,162.79,Poor,1.84,-0.2,42.54,S1 (Low),C3 (High),C3-S1,Safe (<1.25),Permissible to Doubtful,Good / Permissible,Permissible (1.0-1.5 mg/L),Natural Background (<10 mg/L),Within Drinking Norms,Permissible / Marginal
21050,Madurai,Peraiyur,Mathippanur,2016-07-05,2016,7,Pre-Monsoon,9.795556,77.8375,Original,854.0,1510,8.2,1.39,13.0,28,80.19,168.0,4.0,206,132,0.0,353.8,400,3.654711,0.0,47.43375,131.84,Poor,3.65,-2.2,48.08,S1 (Low),C3 (High),C3-S1,Safe (<1.25),Permissible to Doubtful,Good / Permissible,Permissible (1.0-1.5 mg/L),Acceptable (10-45 mg/L),Within Drinking Norms,Permissible / Marginal
21052,Madurai,Peraiyur,Muthunayakkapuram,2016-07-04,2016,7,Pre-Monsoon,9.771389,77.812222,Original,522.0,920,8.2,1.42,7.0,6,26.73,156.0,2.0,60,56,0.0,366.0,125,6.070482,3.500235,72.68423,89.86,Good,6.07,3.5,73.22,S1 (Low),C3 (High),C3-S1,Unsuitable (>2.5),Doubtful to Unsuitable,Unsuitable,Permissible (1.0-1.5 mg/L),Natural Background (<10 mg/L),Within Drinking Norms,Permissible / Marginal
21056,Madurai,Usilampatti,Meikilarpatti,2016-07-04,2016,7,Pre-Monsoon,9.980556,77.802778,Original,1149.0,1910,8.2,0.37,36.0,92,65.61,120.0,133.0,255,125,0.0,396.5,500,2.335472,0.0,28.04552,190.79,Poor,2.33,-3.49,46.31,S1 (Low),C3 (High),C3-S1,Safe (<1.25),Permissible to Doubtful,Good / Permissible,Safe (<1.0 mg/L),Acceptable (10-45 mg/L),Within Drinking Norms,Permissible / Marginal
21059,Madurai,Vadipatti,Kadupatti,2016-07-08,2016,7,Pre-Monsoon,10.022222,77.92,Original,795.0,1330,8.0,1.44,28.0,36,66.825,143.0,4.0,223,101,0.0,195.2,365,3.256789,0.0,45.67624,120.34,Poor,3.26,-4.1,46.41,S1 (Low),C3 (High),C3-S1,Safe (<1.25),Permissible to Doubtful,Good / Permissible,Permissible (1.0-1.5 mg/L),Acceptable (10-45 mg/L),Within Drinking Norms,Permissible / Marginal
21061,Madurai,Vadipatti,Thathampatti,2016-07-08,2016,7,Pre-Monsoon,10.022222,78.015556,Original,390.0,760,7.8,0.72,1.0,42,54.675,12.0,23.0,71,34,1.444342,243.5241,330,0.2874423,0.0,6.774156,80.71,Good,0.29,-2.56,14.4,S1 (Low),C3 (High),C3-S1,Safe (<1.25),Permissible to Doubtful,Good / Permissible,Safe (<1.0 mg/L),Natural Background (<10 mg/L),Within Drinking Norms,Permissible / Marginal
21062,Madurai,Vadipatti,Periailandakulam,2016-07-08,2016,7,Pre-Monsoon,10.068333,78.051389,Original,306.0,610,8.0,1.3,1.0,22,49.815,17.0,11.0,28,30,2.234525,237.7155,260,0.4587218,0.0,11.89247,77.06,Good,0.46,-1.23,16.41,S1 (Low),C2 (Medium),C2-S1,Safe (<1.25),Good to Permissible,Excellent,Permissible (1.0-1.5 mg/L),Natural Background (<10 mg/L),Within Drinking Norms,Permissible / Marginal
21065,Madurai,Madurai North,Mangulam,2016-07-06,2016,7,Pre-Monsoon,10.035833,78.25,Original,357.0,660,8.2,0.76,1.0,28,36.45,51.0,9.0,64,39,3.081489,206.8393,220,1.496185,0.0,32.40731,74.3,Good,1.5,-0.9,35.76,S1 (Low),C2 (Medium),C2-S1,Safe (<1.25),Good to Permissible,Excellent,Safe (<1.0 mg/L),Natural Background (<10 mg/L),Within Drinking Norms,Permissible / Marginal
21068,Madurai,Vadipatti,Alanganallur,2016-07-06,2016,7,Pre-Monsoon,10.048333,78.083889,Original,1068.0,1960,8.0,0.5,26.0,140,75.33,124.0,7.0,347,101,0.0,317.2,660,2.100652,0.0,28.75383,147.31,Poor,2.1,-7.99,29.7,S1 (Low),C3 (High),C3-S1,Safe (<1.25),Permissible to Doubtful,Good / Permissible,Safe (<1.0 mg/L),Acceptable (10-45 mg/L),Within Drinking Norms,Unsafe for Drinking
21074,Madurai,Madurai North,Chettikulam,2016-07-06,2016,7,Pre-Monsoon,9.995,78.146944,Original,859.0,1550,8.2,0.88,20.0,32,85.05,156.0,15.0,163,61,0.0,518.5,430,3.273167,0.0,43.04286,134.32,Poor,3.27,-0.1,45.46,S1 (Low),C3 (High),C3-S1,Safe (<1.25),Permissible to Doubtful,Good / Permissible,Safe (<1.0 mg/L),Acceptable (10-45 mg/L),Within Drinking Norms,Permissible / Marginal
21076,Madurai,Madurai North,Vayalur,2016-07-08,2016,7,Pre-Monsoon,10.018333,78.053889,Original,436.0,840,8.2,1.03,1.0,14,54.675,74.0,3.0,64,57,4.035644,270.8851,260,1.996659,0.0,37.89835,85.48,Good,2.0,-0.62,38.79,S1 (Low),C3 (High),C3-S1,Safe (<1.25),Permissible to Doubtful,Good / Permissible,Permissible (1.0-1.5 mg/L),Natural Background (<10 mg/L),Within Drinking Norms,Permissible / Marginal
21078,Madurai,Madurai North,Kalikappan,2016-07-06,2016,7,Pre-Monsoon,9.939444,78.193611,Original,470.0,830,8.2,0.94,13.0,36,36.45,76.0,9.0,106,42,2.567714,172.353,240,2.13479,0.0,39.67625,86.07,Good,2.13,-1.89,42.43,S1 (Low),C3 (High),C3-S1,Safe (<1.25),Permissible to Doubtful,Good / Permissible,Safe (<1.0 mg/L),Acceptable (10-45 mg/L),Within Drinking Norms,Permissible / Marginal
21079,Madurai,Madurai North,Rajakkur,2016-07-06,2016,7,Pre-Monsoon,9.928611,78.238333,Original,1063.0,1880,8.8,0.8,1.0,4,14.58,414.0,2.0,291,12,6.0,634.4,70,21.52847,9.199263,92.54554,131.94,Poor,21.52,9.2,92.8,S3 (High),C3 (High),C3-S3,Unsuitable (>2.5),Unsuitable,Unsuitable,Safe (<1.0 mg/L),Natural Background (<10 mg/L),Within Drinking Norms,Unsafe for Drinking
21080,Madurai,Madurai North,Kalimangalam,2016-07-06,2016,7,Pre-Monsoon,9.878333,78.238889,Original,2644.0,4510,8.8,1.82,6.0,40,26.73,966.0,8.0,822,242,18.0,988.2,210,29.01028,12.60212,90.52033,274.08,Very Poor,29.0,12.6,90.96,S4 (Very High),C4 (Very High),C4-S4,Unsuitable (>2.5),Unsuitable,Unsuitable,Dental Fluorosis Risk (1.5-2.0 mg/L),Natural Background (<10 mg/L),Within Drinking Norms,Unsafe for Drinking
21081,Madurai,Madurai North,Elamanur,2016-07-06,2016,7,Pre-Monsoon,9.900556,78.210833,Original,1835.0,3290,8.7,0.83,4.0,112,155.52,327.0,31.0,837,175,18.0,317.2,920,4.691104,0.0,42.58169,241.69,Very Poor,4.69,-12.59,44.94,S1 (Low),C4 (Very High),C4-S1,Safe (<1.25),Unsuitable,Unsuitable,Safe (<1.0 mg/L),Natural Background (<10 mg/L),Within Drinking Norms,Unsafe for Drinking
21082,Madurai,Madurai South,Nallur,2016-07-02,2016,7,Pre-Monsoon,9.788333,78.133333,Original,349.0,670,8.2,0.5,1.0,44,29.16,51.0,3.0,50,17,3.595264,241.3255,230,1.463496,0.0,32.19498,68.92,Good,1.46,-0.52,33.3,S1 (Low),C2 (Medium),C2-S1,Safe (<1.25),Good to Permissible,Excellent,Safe (<1.0 mg/L),Natural Background (<10 mg/L),Within Drinking Norms,Permissible / Marginal
21083,Madurai,Madurai South,Nilaiyur,2016-07-01,2016,7,Pre-Monsoon,9.855556,78.059167,Original,1391.0,2440,8.0,0.86,14.0,144,65.61,258.0,28.0,425,155,0.0,506.3,630,4.473721,0.0,45.76123,180.9,Poor,4.47,-4.29,48.67,S1 (Low),C4 (Very High),C4-S1,Safe (<1.25),Doubtful to Unsuitable,Marginal / Moderate,Safe (<1.0 mg/L),Acceptable (10-45 mg/L),Within Drinking Norms,Unsafe for Drinking
21084,Madurai,Madurai South,Sakkilipatti,2016-07-01,2016,7,Pre-Monsoon,9.901389,78.011111,Original,605.0,1090,8.1,1.02,2.0,32,48.6,124.0,6.0,202,47,0.0,274.5,280,3.224461,0.0,48.40305,97.51,Good,3.22,-1.1,49.77,S1 (Low),C3 (High),C3-S1,Safe (<1.25),Permissible to Doubtful,Good / Permissible,Permissible (1.0-1.5 mg/L),Natural Background (<10 mg/L),Within Drinking Norms,Permissible / Marginal
501001,Madurai,Madurai North,Oomatchikulam,2016-07-06,2016,7,Pre-Monsoon,10.005,78.148056,Original,468.0,830,8.1,1.26,5.0,32,34.02,85.0,10.0,121,70,1.812067,153.125,220,2.493737,0.0,44.28188,86.36,Good,2.49,-1.83,47.33,S1 (Low),C3 (High),C3-S1,Safe (<1.25),Permissible to Doubtful,Good / Permissible,Permissible (1.0-1.5 mg/L),Natural Background (<10 mg/L),Within Drinking Norms,Permissible / Marginal
501003,Madurai,Madurai North,Varichiyur,2016-07-06,2016,7,Pre-Monsoon,9.913056,78.251111,Original,760.0,1310,8.2,0.97,3.0,50,51.03,156.0,8.0,294,71,0.0,231.8,335,3.708931,0.0,49.5857,112.45,Poor,3.71,-2.9,51.07,S1 (Low),C3 (High),C3-S1,Safe (<1.25),Permissible to Doubtful,Good / Permissible,Safe (<1.0 mg/L),Natural Background (<10 mg/L),Within Drinking Norms,Permissible / Marginal
501004,Madurai,Madurai North,Sakkudi,2016-07-06,2016,7,Pre-Monsoon,9.864167,78.223611,Original,937.0,1690,8.2,0.66,8.0,68,58.32,193.0,24.0,248,48,0.0,524.6,410,4.14789,0.4063071,48.80424,136.23,Poor,4.15,0.4,52.36,S1 (Low),C3 (High),C3-S1,Safe (<1.25),Permissible to Doubtful,Good / Permissible,Safe (<1.0 mg/L),Natural Background (<10 mg/L),Within Drinking Norms,Permissible / Marginal
501005,Madurai,Madurai North,Chithakur,2016-07-06,2016,7,Pre-Monsoon,9.948333,78.243611,Original,676.0,1220,8.3,1.55,1.0,4,40.095,205.0,1.0,135,58,6.0,445.3,175,6.741636,4.000101,71.67131,107.62,Poor,6.74,4.0,71.86,S1 (Low),C3 (High),C3-S1,Unsuitable (>2.5),Doubtful to Unsuitable,Unsuitable,Dental Fluorosis Risk (1.5-2.0 mg/L),Natural Background (<10 mg/L),Within Drinking Norms,Unsafe for Drinking
501006,Madurai,Madurai North,Poikaraipatti,2016-07-06,2016,7,Pre-Monsoon,10.047222,78.202778,Original,472.0,910,7.9,0.69,2.0,56,61.965,28.0,9.0,82,42,2.260167,302.7001,395,0.6130546,0.0,13.03749,87.69,Good,0.61,-2.86,15.5,S1 (Low),C3 (High),C3-S1,Safe (<1.25),Permissible to Doubtful,Good / Permissible,Safe (<1.0 mg/L),Natural Background (<10 mg/L),Within Drinking Norms,Permissible / Marginal
501007,Madurai,Madurai North,Velliankundram,2016-07-06,2016,7,Pre-Monsoon,10.020556,78.178333,Original,701.0,1280,7.6,0.59,5.0,92,43.74,106.0,5.0,160,71,0.0,402.6,410,2.278398,0.0,35.66156,98.61,Good,2.28,-1.59,36.64,S1 (Low),C3 (High),C3-S1,Safe (<1.25),Permissible to Doubtful,Good / Permissible,Safe (<1.0 mg/L),Natural Background (<10 mg/L),Within Drinking Norms,Permissible / Marginal
501012,Madurai,Madurai South,Vilacherry,2016-07-01,2016,7,Pre-Monsoon,9.9,78.059444,Original,1689.0,2860,8.2,1.26,30.0,40,99.63,386.0,84.0,461,174,0.0,622.2,510,7.436759,0.004142586,57.63242,229.31,Very Poor,7.43,0.0,64.99,S1 (Low),C4 (Very High),C4-S1,Safe (<1.25),Doubtful to Unsuitable,Marginal / Moderate,Permissible (1.0-1.5 mg/L),Acceptable (10-45 mg/L),Within Drinking Norms,Permissible / Marginal
501023,Madurai,Peraiyur,Mangalrev,2016-07-04,2016,7,Pre-Monsoon,9.786111,77.797222,Original,469.0,800,8.0,1.45,5.0,20,26.73,117.0,2.0,71,70,2.094839,222.8552,160,4.024854,0.5250612,61.03625,81.24,Good,4.02,0.52,61.64,S1 (Low),C3 (High),C3-S1,Safe (<1.25),Doubtful to Unsuitable,Marginal / Moderate,Permissible (1.0-1.5 mg/L),Natural Background (<10 mg/L),Within Drinking Norms,Permissible / Marginal
501028,Madurai,Peraiyur,Athanur,2016-07-01,2016,7,Pre-Monsoon,9.725,77.895556,Original,516.0,920,8.2,1.24,13.0,16,38.88,122.0,2.0,60,38,0.0,366.0,200,3.753425,2.001389,56.72171,92.16,Good,3.75,2.0,57.25,S1 (Low),C3 (High),C3-S1,Marginal (1.25-2.5),Permissible to Doubtful,Marginal / Moderate,Permissible (1.0-1.5 mg/L),Acceptable (10-45 mg/L),Within Drinking Norms,Permissible / Marginal
501030,Madurai,Peraiyur,Mothagam,2016-07-01,2016,7,Pre-Monsoon,9.679167,77.808889,Original,1795.0,2940,8.5,0.99,25.0,88,80.19,336.0,168.0,376,262,12.0,719.8,550,6.234683,1.208154,48.87637,268.76,Very Poor,6.23,1.2,63.24,S1 (Low),C4 (Very High),C4-S1,Safe (<1.25),Doubtful to Unsuitable,Marginal / Moderate,Safe (<1.0 mg/L),Acceptable (10-45 mg/L),Within Drinking Norms,Permissible / Marginal
501032,Madurai,Peraiyur,Salichanthai,2016-07-01,2016,7,Pre-Monsoon,9.728333,77.801944,Original,2505.0,4380,8.4,0.61,8.0,120,160.38,575.0,8.0,1234,240,6.0,250.1,960,8.075259,0.0,56.32924,276.63,Very Poor,8.07,-14.89,56.78,S1 (Low),C4 (Very High),C4-S1,Safe (<1.25),Unsuitable,Unsuitable,Safe (<1.0 mg/L),Natural Background (<10 mg/L),Within Drinking Norms,Unsafe for Drinking
501033,Madurai,Madurai North,Samayanallur,2016-07-08,2016,7,Pre-Monsoon,9.980833,78.042222,Original,1034.0,1780,8.0,1.22,1.0,24,43.74,322.0,3.0,262,78,0.0,597.8,240,9.043813,5.001731,74.18574,130.19,Poor,9.04,5.0,74.58,S1 (Low),C3 (High),C3-S1,Unsuitable (>2.5),Doubtful to Unsuitable,Unsuitable,Permissible (1.0-1.5 mg/L),Natural Background (<10 mg/L),Within Drinking Norms,Permissible / Marginal
501035,Madurai,Madurai South,Nedunkulam,2016-07-02,2016,7,Pre-Monsoon,9.787222,78.178056,Original,1453.0,2450,8.2,1.25,54.0,68,99.63,313.0,9.0,411,92,0.0,445.3,580,5.655194,0.0,53.52379,188.99,Poor,5.65,-4.3,54.42,S1 (Low),C4 (Very High),C4-S1,Safe (<1.25),Doubtful to Unsuitable,Marginal / Moderate,Permissible (1.0-1.5 mg/L),Anthropogenic High (45-100 mg/L),Urban Domestic / Septic Leaching,Unsafe for Drinking
501036,Madurai,Madurai South,Othai Alangulam,2016-07-02,2016,7,Pre-Monsoon,9.809722,78.055,Original,3096.0,5590,7.9,1.32,42.0,248,262.44,506.0,9.0,1617,79,0.0,378.2,1700,5.340347,0.0,39.15492,363.5,Unsuitable,5.34,-27.78,39.55,S1 (Low),C4 (Very High),C4-S1,Safe (<1.25),Unsuitable,Unsuitable,Permissible (1.0-1.5 mg/L),Acceptable (10-45 mg/L),Within Drinking Norms,Unsafe for Drinking
501037,Madurai,Thirumangalam,Mykudi,2016-07-02,2016,7,Pre-Monsoon,9.787778,78.016667,Original,3292.0,5690,8.8,1.16,6.0,56,145.8,1012.0,6.0,1574,259,18.0,384.3,740,16.18615,0.0,74.65339,336.49,Unsuitable,16.18,-7.9,74.9,S2 (Medium),C4 (Very High),C4-S2,Safe (<1.25),Unsuitable,Unsuitable,Permissible (1.0-1.5 mg/L),Natural Background (<10 mg/L),Within Drinking Norms,Unsafe for Drinking
501043,Madurai,Thirumangalam,Sivarakottai,2016-07-02,2016,7,Pre-Monsoon,9.744722,77.98,Well-History,552.0,970,8.0,1.52,4.0,10,19.44,168.0,16.0,43,47,0.0,457.5,105,7.133646,5.400294,74.4492,93.65,Good,7.13,5.4,78.61,S1 (Low),C3 (High),C3-S1,Unsuitable (>2.5),Doubtful to Unsuitable,Unsuitable,Dental Fluorosis Risk (1.5-2.0 mg/L),Natural Background (<10 mg/L),Within Drinking Norms,Unsafe for Drinking
501050,Madurai,Usilampatti,Thumbalapatti,2016-07-05,2016,7,Pre-Monsoon,9.869444,77.776111,Original,930.0,1660,8.0,1.45,11.0,48,65.61,200.0,11.0,241,84,0.0,457.5,390,4.406768,0.0,51.85938,135.91,Poor,4.4,-0.3,53.52,S1 (Low),C3 (High),C3-S1,Safe (<1.25),Permissible to Doubtful,Good / Permissible,Permissible (1.0-1.5 mg/L),Acceptable (10-45 mg/L),Within Drinking Norms,Permissible / Marginal
501053,Madurai,Vadipatti,Alagapuri,2016-07-08,2016,7,Pre-Monsoon,10.056389,78.069722,Original,583.0,1150,8.2,0.68,2.0,24,81.405,81.0,4.0,117,44,0.0,445.3,395,1.773176,0.0,30.57903,104.04,Poor,1.77,-0.6,31.45,S1 (Low),C3 (High),C3-S1,Safe (<1.25),Permissible to Doubtful,Good / Permissible,Safe (<1.0 mg/L),Natural Background (<10 mg/L),Within Drinking Norms,Permissible / Marginal
501054,Madurai,Vadipatti,Manickampatti,2016-07-06,2016,7,Pre-Monsoon,10.104444,78.125278,Original,1306.0,2320,8.2,1.01,20.0,72,121.5,225.0,9.0,447,154,0.0,372.1,680,3.75435,0.0,41.45562,178.71,Poor,3.75,-7.49,42.42,S1 (Low),C4 (Very High),C4-S1,Safe (<1.25),Doubtful to Unsuitable,Marginal / Moderate,Permissible (1.0-1.5 mg/L),Acceptable (10-45 mg/L),Within Drinking Norms,Unsafe for Drinking
81001B,Madurai,Madurai North,Kochadai,2016-07-04,2016,7,Pre-Monsoon,9.943333,78.0775,Original,361.0,660,8.2,0.68,1.0,22,30.375,60.0,19.0,74,41,2.714507,182.2063,180,1.945973,0.0,38.99256,74.59,Good,1.95,-0.52,46.24,S1 (Low),C2 (Medium),C2-S1,Safe (<1.25),Good to Permissible,Excellent,Safe (<1.0 mg/L),Natural Background (<10 mg/L),Within Drinking Norms,Safe Drinking Water
83005,Madurai,Madurai South,Thiruparankundram,2016-07-02,2016,7,Pre-Monsoon,9.879167,78.114444,Original,1902.0,3290,8.1,1.06,22.0,56,99.63,506.0,9.0,624,219,0.0,579.5,550,9.38798,0.0,66.22872,216.84,Very Poor,9.38,-1.5,66.91,S1 (Low),C4 (Very High),C4-S1,Safe (<1.25),Unsuitable,Unsuitable,Permissible (1.0-1.5 mg/L),Acceptable (10-45 mg/L),Within Drinking Norms,Permissible / Marginal
83006A,Madurai,Thirumangalam,Sathankudi,2016-07-01,2016,7,Pre-Monsoon,9.7891,77.962,Gazetteer,1717.0,2880,8.8,1.53,25.0,32,111.78,368.0,98.0,503,204,18.0,542.9,540,6.88993,0.0,54.61557,249.79,Very Poor,6.89,-1.3,63.15,S1 (Low),C4 (Very High),C4-S1,Safe (<1.25),Doubtful to Unsuitable,Marginal / Moderate,Dental Fluorosis Risk (1.5-2.0 mg/L),Acceptable (10-45 mg/L),Within Drinking Norms,Unsafe for Drinking
83007B,Madurai,Peraiyur,Chinnakattalai,2016-07-04,2016,7,Pre-Monsoon,9.951944,77.800556,Well-History,1976.0,3400,8.4,1.16,11.0,64,126.36,497.0,10.0,752,278,6.0,384.3,680,8.292736,0.0,60.95522,233.06,Very Poor,8.29,-7.1,61.66,S1 (Low),C4 (Very High),C4-S1,Safe (<1.25),Unsuitable,Unsuitable,Permissible (1.0-1.5 mg/L),Acceptable (10-45 mg/L),Within Drinking Norms,Unsafe for Drinking
83008,Madurai,Peraiyur,Elumalai,2016-07-05,2016,7,Pre-Monsoon,9.861111,77.701111,Well-History,370.0,680,7.8,1.31,12.0,30,47.385,32.0,4.0,35,35,1.296941,218.6715,270,0.8473827,0.0,20.20035,76.83,Good,0.85,-1.77,21.68,S1 (Low),C2 (Medium),C2-S1,Safe (<1.25),Good to Permissible,Excellent,Permissible (1.0-1.5 mg/L),Acceptable (10-45 mg/L),Within Drinking Norms,Permissible / Marginal
83048,Madurai,Thirumangalam,Puliankulam (M),2016-07-02,2016,7,Pre-Monsoon,9.651667,77.909167,Original,425.0,760,8.2,1.1,5.0,8,25.515,120.0,3.0,50,45,3.595264,241.3255,125,4.669759,1.576669,66.96013,76.7,Good,4.67,1.58,67.93,S1 (Low),C3 (High),C3-S1,Marginal (1.25-2.5),Doubtful to Unsuitable,Marginal / Moderate,Permissible (1.0-1.5 mg/L),Natural Background (<10 mg/L),Within Drinking Norms,Permissible / Marginal
83072A,Madurai,Usilampatti,Valandur,2016-07-04,2016,7,Pre-Monsoon,9.949722,77.871944,Well-History,684.0,1230,8.0,1.28,3.0,14,42.525,189.0,2.0,110,78,0.0,469.7,210,5.674438,3.501038,65.92577,102.92,Poor,5.67,3.5,66.32,S1 (Low),C3 (High),C3-S1,Unsuitable (>2.5),Doubtful to Unsuitable,Unsuitable,Permissible (1.0-1.5 mg/L),Natural Background (<10 mg/L),Within Drinking Norms,Permissible / Marginal
83080A,Madurai,Vadipatti,Nagari,2016-07-08,2016,7,Pre-Monsoon,10.019444,78.016389,Village-Centroid,818.0,1400,8.2,1.31,4.0,20,42.525,230.0,7.0,220,92,0.0,378.2,225,6.671564,1.701803,68.14614,117.18,Poor,6.67,1.7,69.35,S1 (Low),C3 (High),C3-S1,Marginal (1.25-2.5),Doubtful to Unsuitable,Marginal / Moderate,Permissible (1.0-1.5 mg/L),Natural Background (<10 mg/L),Within Drinking Norms,Permissible / Marginal
83092AY,Madurai,Vadipatti,Nirathan,2016-07-08,2016,7,Pre-Monsoon,10.0525,77.975556,Well-History,283.0,560,7.9,1.37,0.5,24,51.03,6.0,2.0,50,47,1.222578,163.7377,270,0.1588768,0.0,4.571473,71.09,Good,0.16,-2.67,5.46,S1 (Low),C2 (Medium),C2-S1,Safe (<1.25),Good to Permissible,Excellent,Permissible (1.0-1.5 mg/L),Natural Background (<10 mg/L),Within Drinking Norms,Permissible / Marginal
83099,Madurai,Madurai North,Kadavur,2016-07-06,2016,7,Pre-Monsoon,10.075,78.175,Original,462.0,890,8.0,0.64,1.0,46,59.535,39.0,9.0,82,41,2.746711,292.2033,360,0.8944173,0.0,18.59843,86.12,Good,0.89,-2.32,21.11,S1 (Low),C3 (High),C3-S1,Safe (<1.25),Permissible to Doubtful,Good / Permissible,Safe (<1.0 mg/L),Natural Background (<10 mg/L),Within Drinking Norms,Permissible / Marginal
21019D,Madurai,Melur,Karungalakudi,2017-01-06,2017,1,Post-Monsoon,10.155556,78.369167,Original,942.0,1660,8.1,0.86,3.0,144,29.16,168.0,6.0,362,59,0.0,317.2,480,3.337903,0.0,42.86755,128.08,Poor,3.34,-4.39,43.76,S1 (Low),C3 (High),C3-S1,Safe (<1.25),Permissible to Doubtful,Good / Permissible,Safe (<1.0 mg/L),Natural Background (<10 mg/L),Within Drinking Norms,Permissible / Marginal
21020D,Madurai,Melur,Pallapatti,2017-01-06,2017,1,Post-Monsoon,10.247222,78.386111,Original,549.0,1010,8.3,0.91,7.0,74,52.245,55.0,4.0,92,38,6.0,390.4,400,1.196774,0.0,22.81318,102.7,Poor,1.2,-1.39,23.78,S1 (Low),C3 (High),C3-S1,Safe (<1.25),Permissible to Doubtful,Good / Permissible,Safe (<1.0 mg/L),Natural Background (<10 mg/L),Within Drinking Norms,Permissible / Marginal
21022D,Madurai,Melur,Pulipatti,2017-01-06,2017,1,Post-Monsoon,10.086111,78.291667,Original,498.0,940,8.2,0.47,2.0,58,43.74,69.0,3.0,145,26,3.448472,231.4723,325,1.665639,0.0,31.35591,84.76,Good,1.66,-2.59,32.15,S1 (Low),C3 (High),C3-S1,Safe (<1.25),Permissible to Doubtful,Good / Permissible,Safe (<1.0 mg/L),Natural Background (<10 mg/L),Within Drinking Norms,Permissible / Marginal
21023D,Madurai,Melur,Uranganpatti,2017-01-05,2017,1,Post-Monsoon,9.998333,78.43,Original,410.0,780,8.2,0.79,4.0,82,29.16,30.0,6.0,50,17,4.329229,290.5915,325,0.7243038,0.0,16.41393,82.72,Good,0.72,-1.59,18.34,S1 (Low),C3 (High),C3-S1,Safe (<1.25),Permissible to Doubtful,Good / Permissible,Safe (<1.0 mg/L),Natural Background (<10 mg/L),Within Drinking Norms,Permissible / Marginal
21024D,Madurai,Melur,Thiruvadur,2017-01-05,2017,1,Post-Monsoon,9.956944,78.319444,Original,722.0,1230,8.1,0.4,14.0,50,36.45,145.0,23.0,174,85,0.0,292.8,275,3.805205,0.0,50.90493,105.38,Poor,3.8,-0.7,55.64,S1 (Low),C3 (High),C3-S1,Safe (<1.25),Permissible to Doubtful,Good / Permissible,Safe (<1.0 mg/L),Acceptable (10-45 mg/L),Within Drinking Norms,Permissible / Marginal
21066,Madurai,Melur,Attukulam,2017-01-05,2017,1,Post-Monsoon,10.0025,78.356667,Village-Centroid,1030.0,1770,8.4,0.79,24.0,116,51.03,173.0,10.0,298,101,6.0,335.5,500,3.367314,0.0,42.34951,145.63,Poor,3.37,-4.29,43.78,S1 (Low),C3 (High),C3-S1,Safe (<1.25),Permissible to Doubtful,Good / Permissible,Safe (<1.0 mg/L),Acceptable (10-45 mg/L),Within Drinking Norms,Permissible / Marginal
501013,Madurai,Melur,Veppaodappu,2017-01-05,2017,1,Post-Monsoon,9.917222,78.303889,Original,698.0,1230,8.1,0.95,16.0,66,52.245,108.0,7.0,287,23,0.0,170.8,380,2.411021,0.0,37.67342,108.0,Poor,2.41,-4.79,39.1,S1 (Low),C3 (High),C3-S1,Safe (<1.25),Permissible to Doubtful,Good / Permissible,Safe (<1.0 mg/L),Acceptable (10-45 mg/L),Within Drinking Norms,Permissible / Marginal
501016,Madurai,Melur,Navinipatti,2017-01-05,2017,1,Post-Monsoon,10.043889,78.362778,Original,665.0,1180,8.2,0.56,14.0,74,63.18,62.0,12.0,199,73,0.0,237.9,445,1.27901,0.0,22.67082,109.92,Poor,1.28,-4.99,25.24,S1 (Low),C3 (High),C3-S1,Safe (<1.25),Permissible to Doubtful,Good / Permissible,Safe (<1.0 mg/L),Acceptable (10-45 mg/L),Within Drinking Norms,Permissible / Marginal
83095,Madurai,Melur,Pulipatti,2017-01-06,2017,1,Post-Monsoon,10.084444,78.288889,Original,3089.0,5380,8.5,0.97,4.0,184,126.36,805.0,7.0,1702,156,12.0,158.6,980,11.19089,0.0,63.92614,319.21,Unsuitable,11.19,-16.58,64.24,S2 (Medium),C4 (Very High),C4-S2,Safe (<1.25),Unsuitable,Unsuitable,Safe (<1.0 mg/L),Natural Background (<10 mg/L),Within Drinking Norms,Unsafe for Drinking
83096,Madurai,Melur,Thumbalapatti,2017-01-06,2017,1,Post-Monsoon,10.085278,78.359722,Well-History,919.0,1620,8.2,0.41,5.0,92,31.59,193.0,33.0,298,22,0.0,451.4,360,4.427415,0.2082878,51.09636,128.79,Poor,4.43,0.21,56.22,S1 (Low),C3 (High),C3-S1,Safe (<1.25),Permissible to Doubtful,Good / Permissible,Safe (<1.0 mg/L),Natural Background (<10 mg/L),Within Drinking Norms,Permissible / Marginal
21001D,Madurai,Madurai South,Thiruparankundram,2017-01-06,2017,1,Post-Monsoon,9.877778,78.097222,Original,1563.0,2730,8.2,1.1,1.0,60,68.04,437.0,9.0,489,178,0.0,634.4,430,9.170327,1.805478,68.29758,185.04,Poor,9.17,1.8,69.11,S1 (Low),C4 (Very High),C4-S1,Marginal (1.25-2.5),Doubtful to Unsuitable,Marginal / Moderate,Permissible (1.0-1.5 mg/L),Natural Background (<10 mg/L),Within Drinking Norms,Permissible / Marginal
21002D,Madurai,Thirumangalam,Chokkanathapuram,2017-01-03,2017,1,Post-Monsoon,9.945556,77.975556,Original,745.0,1290,8.0,0.83,22.0,120,38.88,87.0,4.0,245,35,0.0,231.8,460,1.765588,0.0,28.9439,111.28,Poor,1.76,-5.39,29.72,S1 (Low),C3 (High),C3-S1,Safe (<1.25),Permissible to Doubtful,Good / Permissible,Safe (<1.0 mg/L),Acceptable (10-45 mg/L),Within Drinking Norms,Permissible / Marginal
21004D,Madurai,Thirumangalam,Chinna Ulagani,2017-01-06,2017,1,Post-Monsoon,9.773611,78.052222,Original,824.0,1390,8.2,0.65,22.0,94,36.45,104.0,75.0,117,40,0.0,518.5,385,2.306942,0.8084155,32.00962,142.89,Poor,2.31,0.81,45.57,S1 (Low),C3 (High),C3-S1,Safe (<1.25),Permissible to Doubtful,Good / Permissible,Safe (<1.0 mg/L),Acceptable (10-45 mg/L),Within Drinking Norms,Permissible / Marginal
21005D,Madurai,Madurai South,Eliyarpatti,2017-01-06,2017,1,Post-Monsoon,9.794444,78.090278,Original,569.0,970,8.1,0.99,25.0,90,29.16,64.0,6.0,131,17,0.0,244.0,345,1.499752,0.0,28.32484,97.29,Good,1.5,-2.89,29.88,S1 (Low),C3 (High),C3-S1,Safe (<1.25),Permissible to Doubtful,Good / Permissible,Safe (<1.0 mg/L),Acceptable (10-45 mg/L),Within Drinking Norms,Permissible / Marginal
21006D,Madurai,Peraiyur,Elumalai RF,2017-01-04,2017,1,Post-Monsoon,9.861111,77.7,Original,202.0,360,7.9,0.15,1.0,32,14.58,20.0,6.0,32,15,0.9261242,124.0342,140,0.735674,0.0,22.77282,43.19,Excellent,0.74,-0.73,26.78,S1 (Low),C2 (Medium),C2-S1,Safe (<1.25),Good to Permissible,Excellent,Safe (<1.0 mg/L),Natural Background (<10 mg/L),Within Drinking Norms,Safe Drinking Water
21007D,Madurai,Thirumangalam,Kallikudi,2017-01-06,2017,1,Post-Monsoon,9.693889,77.971111,Original,2279.0,3980,8.2,1.5,6.0,72,228.42,414.0,4.0,822,535,0.0,347.7,1120,5.3822,0.0,44.4646,283.22,Very Poor,5.38,-16.69,44.7,S1 (Low),C4 (Very High),C4-S1,Safe (<1.25),Unsuitable,Unsuitable,Permissible (1.0-1.5 mg/L),Natural Background (<10 mg/L),Within Drinking Norms,Unsafe for Drinking
21008D,Madurai,Madurai South,Melamathur,2017-01-10,2017,1,Post-Monsoon,9.968056,78.007778,Original,325.0,570,7.8,1.48,6.0,38,25.515,39.0,7.0,74,36,0.7662982,129.2021,200,1.200145,0.0,28.89265,69.82,Good,1.2,-1.85,31.93,S1 (Low),C2 (Medium),C2-S1,Safe (<1.25),Good to Permissible,Excellent,Permissible (1.0-1.5 mg/L),Natural Background (<10 mg/L),Within Drinking Norms,Permissible / Marginal
21009D,Madurai,Thirumangalam,Kappalur,2017-01-05,2017,1,Post-Monsoon,9.843056,78.018611,Original,1152.0,1990,8.2,0.89,32.0,108,85.05,179.0,12.0,376,60,0.0,384.3,620,3.128431,0.0,38.01546,161.58,Poor,3.13,-6.09,39.5,S1 (Low),C3 (High),C3-S1,Safe (<1.25),Permissible to Doubtful,Good / Permissible,Safe (<1.0 mg/L),Acceptable (10-45 mg/L),Within Drinking Norms,Unsafe for Drinking
21011D,Madurai,Peraiyur,Mallapuram,2017-01-04,2017,1,Post-Monsoon,9.805556,77.668333,Original,264.0,500,8.1,0.49,0.1,44,29.16,12.0,4.0,11,31,2.513798,212.4233,230,0.3443519,0.0,10.00018,60.77,Good,0.34,-1.03,11.96,S1 (Low),C2 (Medium),C2-S1,Safe (<1.25),Good to Permissible,Excellent,Safe (<1.0 mg/L),Natural Background (<10 mg/L),Within Drinking Norms,Permissible / Marginal
21012D,Madurai,Thirumangalam,Kurayur,2017-01-06,2017,1,Post-Monsoon,9.694444,78.025,Original,1698.0,2930,8.2,0.63,7.0,76,68.04,460.0,18.0,461,240,0.0,689.3,470,9.233511,1.906876,67.00695,196.56,Poor,9.23,1.9,68.54,S1 (Low),C4 (Very High),C4-S1,Marginal (1.25-2.5),Doubtful to Unsuitable,Marginal / Moderate,Safe (<1.0 mg/L),Natural Background (<10 mg/L),Within Drinking Norms,Permissible / Marginal
21013D,Madurai,Vadipatti,Manianji,2017-01-09,2017,1,Post-Monsoon,10.004167,78.1025,Original,444.0,790,7.8,1.31,9.0,42,27.945,78.0,8.0,57,35,1.503302,253.4651,220,2.28859,0.0,42.44743,79.76,Good,2.29,-0.19,45.0,S1 (Low),C3 (High),C3-S1,Safe (<1.25),Permissible to Doubtful,Good / Permissible,Permissible (1.0-1.5 mg/L),Natural Background (<10 mg/L),Within Drinking Norms,Permissible / Marginal
21015D,Madurai,Peraiyur,Peraiyur,2017-01-03,2017,1,Post-Monsoon,9.74,77.793333,Original,322.0,580,8.1,0.52,7.0,32,30.375,37.0,4.0,78,36,1.402725,118.5343,205,1.124547,0.0,27.70942,63.95,Good,1.12,-2.11,29.46,S1 (Low),C2 (Medium),C2-S1,Safe (<1.25),Good to Permissible,Excellent,Safe (<1.0 mg/L),Natural Background (<10 mg/L),Within Drinking Norms,Permissible / Marginal
21016D,Madurai,Peraiyur,Subbulapuram,2017-01-05,2017,1,Post-Monsoon,9.675556,77.809444,Original,318.0,570,8.2,0.21,2.0,56,21.87,23.0,8.0,39,56,2.494317,167.4264,230,0.6600807,0.0,17.25089,64.04,Good,0.66,-1.77,20.77,S1 (Low),C2 (Medium),C2-S1,Safe (<1.25),Good to Permissible,Excellent,Safe (<1.0 mg/L),Natural Background (<10 mg/L),Within Drinking Norms,Permissible / Marginal
21017D,Madurai,Thirumangalam,Thangalacheri,2017-01-05,2017,1,Post-Monsoon,9.836111,77.868889,Original,1644.0,2880,8.2,0.23,16.0,120,94.77,345.0,28.0,503,182,0.0,597.8,690,5.715625,0.0,50.8531,202.36,Very Poor,5.71,-3.99,53.27,S1 (Low),C4 (Very High),C4-S1,Safe (<1.25),Doubtful to Unsuitable,Marginal / Moderate,Safe (<1.0 mg/L),Acceptable (10-45 mg/L),Within Drinking Norms,Unsafe for Drinking
21018D,Madurai,Thirumangalam,Peikulam,2017-01-06,2017,1,Post-Monsoon,9.645833,77.991111,Original,298.0,510,8.1,0.09,11.0,50,19.44,18.0,9.0,64,24,1.227292,103.7098,205,0.5471786,0.0,15.32781,58.15,Good,0.55,-2.35,19.83,S1 (Low),C2 (Medium),C2-S1,Safe (<1.25),Good to Permissible,Excellent,Safe (<1.0 mg/L),Acceptable (10-45 mg/L),Within Drinking Norms,Permissible / Marginal
21026D,Madurai,Vadipatti,Senthamangalam,2017-01-09,2017,1,Post-Monsoon,10.138333,78.141111,Original,703.0,1240,8.0,0.82,26.0,44,85.05,75.0,9.0,191,46,0.0,274.5,460,1.521527,0.0,25.71407,114.64,Poor,1.52,-4.7,27.52,S1 (Low),C3 (High),C3-S1,Safe (<1.25),Permissible to Doubtful,Good / Permissible,Safe (<1.0 mg/L),Acceptable (10-45 mg/L),Within Drinking Norms,Permissible / Marginal
21027D,Madurai,Vadipatti,Thiruvedagam,2017-01-09,2017,1,Post-Monsoon,10.019444,77.972222,Original,595.0,1110,8.1,0.51,0.1,36,75.33,69.0,27.0,156,39,0.0,384.3,400,1.501105,0.0,25.68048,106.94,Poor,1.5,-1.7,31.58,S1 (Low),C3 (High),C3-S1,Safe (<1.25),Permissible to Doubtful,Good / Permissible,Safe (<1.0 mg/L),Natural Background (<10 mg/L),Within Drinking Norms,Permissible / Marginal
21028D,Madurai,Usilampatti,Veppanuthu,2017-01-04,2017,1,Post-Monsoon,9.897222,77.841667,Original,1019.0,1770,8.2,1.39,30.0,24,94.77,193.0,16.0,333,84,0.0,280.6,450,3.958307,0.0,47.16209,150.91,Poor,3.96,-4.4,49.45,S1 (Low),C3 (High),C3-S1,Safe (<1.25),Permissible to Doubtful,Good / Permissible,Permissible (1.0-1.5 mg/L),Acceptable (10-45 mg/L),Within Drinking Norms,Permissible / Marginal
21031D,Madurai,Usilampatti,Uthappanaickanur,2017-01-03,2017,1,Post-Monsoon,10.035556,77.791111,Original,1115.0,1810,8.1,0.24,38.0,32,111.78,110.0,102.0,241,237,0.0,225.7,540,2.05949,0.0,26.30619,178.86,Poor,2.06,-7.1,40.64,S1 (Low),C3 (High),C3-S1,Safe (<1.25),Permissible to Doubtful,Good / Permissible,Safe (<1.0 mg/L),Acceptable (10-45 mg/L),Within Drinking Norms,Permissible / Marginal
21032D,Madurai,Usilampatti,Doddappanaickanur,2017-01-03,2017,1,Post-Monsoon,9.971111,77.736111,Original,1437.0,2660,8.5,0.86,2.0,56,145.8,271.0,5.0,482,192,12.0,530.7,740,4.334434,0.0,44.13607,196.53,Poor,4.33,-5.7,44.6,S1 (Low),C4 (Very High),C4-S1,Safe (<1.25),Doubtful to Unsuitable,Marginal / Moderate,Safe (<1.0 mg/L),Natural Background (<10 mg/L),Within Drinking Norms,Unsafe for Drinking
21033D,Madurai,Usilampatti,Usilampatti,2017-01-03,2017,1,Post-Monsoon,9.959722,77.791667,Original,1855.0,3190,8.5,1.48,45.0,40,165.24,396.0,10.0,652,190,12.0,384.3,780,6.168853,0.0,52.07995,239.34,Very Poor,6.17,-8.9,52.84,S1 (Low),C4 (Very High),C4-S1,Safe (<1.25),Unsuitable,Unsuitable,Permissible (1.0-1.5 mg/L),Acceptable (10-45 mg/L),Within Drinking Norms,Unsafe for Drinking
21035D,Madurai,Madurai North,Madurai North,2017-01-05,2017,1,Post-Monsoon,9.843056,78.141667,Original,1526.0,2660,8.2,0.85,20.0,56,97.2,368.0,25.0,355,156,0.0,756.4,540,6.890578,1.60533,58.33585,195.46,Poor,6.89,1.6,60.65,S1 (Low),C4 (Very High),C4-S1,Marginal (1.25-2.5),Doubtful to Unsuitable,Marginal / Moderate,Safe (<1.0 mg/L),Acceptable (10-45 mg/L),Within Drinking Norms,Permissible / Marginal
21036D,Madurai,Madurai North,Koolapandi,2017-01-09,2017,1,Post-Monsoon,10.008333,78.147222,Original,396.0,770,8.1,1.4,2.0,30,48.6,48.0,4.0,60,25,3.274005,276.6631,275,1.25946,0.0,27.1629,85.03,Good,1.26,-0.85,28.48,S1 (Low),C3 (High),C3-S1,Safe (<1.25),Permissible to Doubtful,Good / Permissible,Permissible (1.0-1.5 mg/L),Natural Background (<10 mg/L),Within Drinking Norms,Permissible / Marginal
21037D,Madurai,Thirumangalam,Kandai,2017-01-05,2017,1,Post-Monsoon,9.877778,77.913333,Original,416.0,750,8.0,1.53,8.0,12,41.31,78.0,11.0,50,36,2.32765,247.6223,200,2.399629,0.1382759,44.22145,84.76,Good,2.4,0.14,47.87,S1 (Low),C3 (High),C3-S1,Safe (<1.25),Permissible to Doubtful,Good / Permissible,Dental Fluorosis Risk (1.5-2.0 mg/L),Natural Background (<10 mg/L),Within Drinking Norms,Unsafe for Drinking
21039,Madurai,Usilampatti,K.nattarpatti,2017-01-10,2017,1,Post-Monsoon,9.968889,77.863611,Original,528.0,980,8.2,1.05,1.0,26,57.105,92.0,7.0,117,57,0.0,341.6,300,2.311087,0.0,39.32029,97.24,Good,2.31,-0.4,41.07,S1 (Low),C3 (High),C3-S1,Safe (<1.25),Permissible to Doubtful,Good / Permissible,Permissible (1.0-1.5 mg/L),Natural Background (<10 mg/L),Within Drinking Norms,Permissible / Marginal
21040,Madurai,Peraiyur,T.kallipatti,2017-01-05,2017,1,Post-Monsoon,9.715833,77.859444,Original,1806.0,3200,8.2,0.63,40.0,96,189.54,276.0,4.0,581,233,0.0,500.2,1020,3.760148,0.0,36.94478,234.24,Very Poor,3.76,-12.19,37.25,S1 (Low),C4 (Very High),C4-S1,Safe (<1.25),Unsuitable,Unsuitable,Safe (<1.0 mg/L),Acceptable (10-45 mg/L),Within Drinking Norms,Unsafe for Drinking
21041,Madurai,Peraiyur,Sedapatti,2017-01-03,2017,1,Post-Monsoon,9.826389,77.8,Original,777.0,1340,8.0,1.59,10.0,24,49.815,191.0,3.0,138,142,0.0,372.1,265,5.105086,0.8023195,60.72394,116.33,Poor,5.1,0.8,61.27,S1 (Low),C3 (High),C3-S1,Safe (<1.25),Doubtful to Unsuitable,Marginal / Moderate,Dental Fluorosis Risk (1.5-2.0 mg/L),Acceptable (10-45 mg/L),Within Drinking Norms,Unsafe for Drinking
21043,Madurai,Usilampatti,Pullaneri,2017-01-03,2017,1,Post-Monsoon,9.9325,77.946667,Original,973.0,1720,8.1,0.75,11.0,64,97.2,143.0,10.0,369,112,0.0,256.2,560,2.629399,0.0,35.20534,139.76,Poor,2.63,-6.99,36.64,S1 (Low),C3 (High),C3-S1,Safe (<1.25),Permissible to Doubtful,Good / Permissible,Safe (<1.0 mg/L),Acceptable (10-45 mg/L),Within Drinking Norms,Permissible / Marginal
21044,Madurai,Usilampatti,Sangampatti,2017-01-03,2017,1,Post-Monsoon,9.948333,77.898333,Original,1207.0,2160,8.2,1.11,10.0,72,94.77,219.0,32.0,397,139,0.0,414.8,570,3.991463,0.0,43.82578,173.11,Poor,3.99,-4.6,47.58,S1 (Low),C3 (High),C3-S1,Safe (<1.25),Doubtful to Unsuitable,Good / Permissible,Permissible (1.0-1.5 mg/L),Acceptable (10-45 mg/L),Within Drinking Norms,Permissible / Marginal
21050,Madurai,Peraiyur,Mathippanur,2017-01-04,2017,1,Post-Monsoon,9.795556,77.8375,Original,194.0,350,8.1,0.55,1.0,34,13.365,17.0,5.0,25,1,1.461202,123.4759,140,0.6253418,0.0,20.18233,49.54,Excellent,0.63,-0.72,23.67,S1 (Low),C2 (Medium),C2-S1,Safe (<1.25),Good to Permissible,Excellent,Safe (<1.0 mg/L),Natural Background (<10 mg/L),Within Drinking Norms,Safe Drinking Water
21052,Madurai,Peraiyur,Muthunayakkapuram,2017-01-03,2017,1,Post-Monsoon,9.771389,77.812222,Original,253.0,460,7.9,0.51,4.0,20,24.3,39.0,4.0,32,25,1.111408,148.8489,150,1.385642,0.0,35.36827,52.33,Good,1.38,-0.52,37.49,S1 (Low),C2 (Medium),C2-S1,Safe (<1.25),Good to Permissible,Excellent,Safe (<1.0 mg/L),Natural Background (<10 mg/L),Within Drinking Norms,Safe Drinking Water
21056,Madurai,Usilampatti,Meikilarpatti,2017-01-03,2017,1,Post-Monsoon,9.980556,77.802778,Original,900.0,1500,8.2,0.24,30.0,36,53.46,184.0,37.0,213,71,0.0,341.6,310,4.547295,0.0,52.84418,127.58,Poor,4.55,-0.6,59.08,S1 (Low),C3 (High),C3-S1,Safe (<1.25),Permissible to Doubtful,Good / Permissible,Safe (<1.0 mg/L),Acceptable (10-45 mg/L),Within Drinking Norms,Permissible / Marginal
21059,Madurai,Vadipatti,Kadupatti,2017-01-10,2017,1,Post-Monsoon,10.022222,77.92,Original,528.0,930,8.1,0.97,11.0,76,36.45,58.0,7.0,110,53,0.0,274.5,340,1.369,0.0,26.57298,94.36,Good,1.37,-2.29,28.45,S1 (Low),C3 (High),C3-S1,Safe (<1.25),Permissible to Doubtful,Good / Permissible,Safe (<1.0 mg/L),Acceptable (10-45 mg/L),Within Drinking Norms,Permissible / Marginal
21061,Madurai,Vadipatti,Thathampatti,2017-01-10,2017,1,Post-Monsoon,10.022222,78.015556,Original,437.0,760,8.0,0.74,3.0,28,26.73,81.0,30.0,92,36,2.001714,212.9483,180,2.627248,0.0,44.66949,80.76,Good,2.63,-0.04,54.39,S1 (Low),C3 (High),C3-S1,Safe (<1.25),Permissible to Doubtful,Good / Permissible,Safe (<1.0 mg/L),Natural Background (<10 mg/L),Within Drinking Norms,Safe Drinking Water
21062,Madurai,Vadipatti,Periailandakulam,2017-01-10,2017,1,Post-Monsoon,10.068333,78.051389,Original,417.0,770,8.0,1.28,9.0,50,36.45,48.0,7.0,35,42,2.420775,257.5292,275,1.259654,0.0,26.90029,84.17,Good,1.26,-1.19,29.2,S1 (Low),C3 (High),C3-S1,Safe (<1.25),Permissible to Doubtful,Good / Permissible,Permissible (1.0-1.5 mg/L),Natural Background (<10 mg/L),Within Drinking Norms,Permissible / Marginal
21065,Madurai,Madurai North,Mangulam,2017-01-09,2017,1,Post-Monsoon,10.035833,78.25,Original,385.0,700,8.0,0.98,4.0,56,21.87,60.0,4.0,39,26,2.467337,262.4827,230,1.72195,0.0,35.71971,73.58,Good,1.72,-0.21,37.11,S1 (Low),C2 (Medium),C2-S1,Safe (<1.25),Good to Permissible,Excellent,Safe (<1.0 mg/L),Natural Background (<10 mg/L),Within Drinking Norms,Permissible / Marginal
21068,Madurai,Vadipatti,Alanganallur,2017-01-09,2017,1,Post-Monsoon,10.048333,78.083889,Original,1051.0,1870,8.0,0.58,27.0,140,99.63,85.0,11.0,362,61,0.0,341.6,760,1.341809,0.0,19.29323,153.4,Poor,1.34,-9.59,20.75,S1 (Low),C3 (High),C3-S1,Safe (<1.25),Permissible to Doubtful,Good / Permissible,Safe (<1.0 mg/L),Acceptable (10-45 mg/L),Within Drinking Norms,Unsafe for Drinking
21069,Madurai,Vadipatti,Maduvarpatti,2017-01-09,2017,1,Post-Monsoon,10.080139,78.124722,Well-History,1263.0,2140,8.2,0.21,65.0,128,116.64,122.0,11.0,305,102,0.0,384.3,800,1.87703,0.0,24.59775,175.98,Poor,1.88,-9.69,25.89,S1 (Low),C3 (High),C3-S1,Safe (<1.25),Doubtful to Unsuitable,Good / Permissible,Safe (<1.0 mg/L),Anthropogenic High (45-100 mg/L),Agricultural Fertilizer Runoff,Unsafe for Drinking
21074,Madurai,Madurai North,Chettikulam,2017-01-09,2017,1,Post-Monsoon,9.995,78.146944,Original,789.0,1430,7.8,0.7,20.0,6,87.48,150.0,12.0,174,52,0.0,439.2,375,3.369766,0.0,45.53286,115.63,Poor,3.37,-0.3,47.66,S1 (Low),C3 (High),C3-S1,Safe (<1.25),Permissible to Doubtful,Good / Permissible,Safe (<1.0 mg/L),Acceptable (10-45 mg/L),Within Drinking Norms,Permissible / Marginal
21076,Madurai,Madurai North,Vayalur,2017-01-10,2017,1,Post-Monsoon,10.018333,78.053889,Original,356.0,660,8.0,1.17,3.0,12,27.945,83.0,10.0,32,25,2.32765,247.6223,145,2.999021,1.23805,53.37161,72.14,Good,3.0,1.24,57.14,S1 (Low),C2 (Medium),C2-S1,Safe (<1.25),Permissible to Doubtful,Good / Permissible,Permissible (1.0-1.5 mg/L),Natural Background (<10 mg/L),Within Drinking Norms,Permissible / Marginal
21078,Madurai,Madurai North,Kalikappan,2017-01-09,2017,1,Post-Monsoon,9.939444,78.193611,Original,441.0,770,8.0,0.71,11.0,28,34.02,78.0,11.0,99,36,1.582653,168.3673,210,2.342162,0.0,43.10562,76.52,Good,2.34,-1.39,46.67,S1 (Low),C3 (High),C3-S1,Safe (<1.25),Permissible to Doubtful,Good / Permissible,Safe (<1.0 mg/L),Acceptable (10-45 mg/L),Within Drinking Norms,Permissible / Marginal
21079,Madurai,Madurai North,Rajakkur,2017-01-09,2017,1,Post-Monsoon,9.928611,78.238333,Original,1020.0,1790,8.2,0.51,1.0,8,9.72,386.0,3.0,291,7,0.0,622.2,60,21.68421,8.999586,92.93803,114.09,Poor,21.67,9.0,93.36,S3 (High),C3 (High),C3-S3,Unsuitable (>2.5),Unsuitable,Unsuitable,Safe (<1.0 mg/L),Natural Background (<10 mg/L),Within Drinking Norms,Permissible / Marginal
21080,Madurai,Madurai North,Kalimangalam,2017-01-09,2017,1,Post-Monsoon,9.878333,78.238889,Original,906.0,4530,8.8,1.85,4.0,56,51.03,874.0,9.0,851,209,18.0,1012.6,350,20.32983,10.204,84.0321,242.03,Very Poor,20.32,10.2,84.53,S3 (High),C4 (Very High),C4-S3,Unsuitable (>2.5),Unsuitable,Unsuitable,Dental Fluorosis Risk (1.5-2.0 mg/L),Natural Background (<10 mg/L),Within Drinking Norms,Unsafe for Drinking
21081,Madurai,Madurai North,Elamanur,2017-01-09,2017,1,Post-Monsoon,9.900556,78.210833,Original,1806.0,3210,8.0,0.75,8.0,96,140.94,359.0,28.0,780,173,0.0,384.3,820,5.455122,0.0,47.7246,221.49,Very Poor,5.45,-10.09,49.9,S1 (Low),C4 (Very High),C4-S1,Safe (<1.25),Unsuitable,Unsuitable,Safe (<1.0 mg/L),Natural Background (<10 mg/L),Within Drinking Norms,Unsafe for Drinking
21082,Madurai,Madurai South,Nallur,2017-01-06,2017,1,Post-Monsoon,9.788333,78.133333,Original,932.0,1620,8.2,1.12,14.0,52,55.89,170.0,67.0,227,56,0.0,481.9,360,3.898879,0.704841,45.35904,152.7,Poor,3.9,0.7,55.86,S1 (Low),C3 (High),C3-S1,Safe (<1.25),Permissible to Doubtful,Good / Permissible,Permissible (1.0-1.5 mg/L),Acceptable (10-45 mg/L),Within Drinking Norms,Permissible / Marginal
21083,Madurai,Madurai South,Nilaiyur,2017-01-05,2017,1,Post-Monsoon,9.855556,78.059167,Original,1236.0,2090,8.2,0.89,14.0,76,80.19,248.0,34.0,432,156,0.0,292.8,520,4.732533,0.0,48.9259,167.95,Poor,4.73,-5.59,52.86,S1 (Low),C3 (High),C3-S1,Safe (<1.25),Doubtful to Unsuitable,Good / Permissible,Safe (<1.0 mg/L),Acceptable (10-45 mg/L),Within Drinking Norms,Permissible / Marginal
21084,Madurai,Madurai South,Sakkilipatti,2017-01-05,2017,1,Post-Monsoon,9.901389,78.011111,Original,607.0,1100,8.0,0.97,4.0,42,44.955,122.0,7.0,406,47,0.0,244.0,290,3.117477,0.0,47.04108,101.13,Poor,3.12,-1.8,48.62,S1 (Low),C3 (High),C3-S1,Safe (<1.25),Permissible to Doubtful,Good / Permissible,Safe (<1.0 mg/L),Natural Background (<10 mg/L),Within Drinking Norms,Permissible / Marginal
501001,Madurai,Madurai North,Oomatchikulam,2017-01-09,2017,1,Post-Monsoon,10.005,78.148056,Original,392.0,740,7.9,1.43,3.0,24,46.17,58.0,5.0,64,30,1.852543,248.1077,250,1.596084,0.0,32.98853,80.31,Good,1.6,-0.87,34.65,S1 (Low),C2 (Medium),C2-S1,Safe (<1.25),Good to Permissible,Excellent,Permissible (1.0-1.5 mg/L),Natural Background (<10 mg/L),Within Drinking Norms,Permissible / Marginal
501003,Madurai,Madurai North,Varichiyur,2017-01-09,2017,1,Post-Monsoon,9.913056,78.251111,Original,950.0,1680,8.5,0.79,5.0,80,60.75,186.0,10.0,390,74,12.0,219.6,450,3.815746,0.0,46.66447,136.03,Poor,3.81,-4.99,48.13,S1 (Low),C3 (High),C3-S1,Safe (<1.25),Permissible to Doubtful,Good / Permissible,Safe (<1.0 mg/L),Natural Background (<10 mg/L),Within Drinking Norms,Permissible / Marginal
501004,Madurai,Madurai North,Sakkudi,2017-01-09,2017,1,Post-Monsoon,9.864167,78.223611,Original,1119.0,1960,8.2,0.43,9.0,32,51.03,294.0,52.0,347,43,0.0,518.5,290,7.512062,2.702784,64.21636,149.94,Poor,7.51,2.7,70.88,S1 (Low),C3 (High),C3-S1,Unsuitable (>2.5),Doubtful to Unsuitable,Unsuitable,Safe (<1.0 mg/L),Natural Background (<10 mg/L),Within Drinking Norms,Permissible / Marginal
501005,Madurai,Madurai North,Chithakur,2017-01-09,2017,1,Post-Monsoon,9.948333,78.243611,Original,744.0,1310,8.0,1.5,2.0,8,30.375,244.0,2.0,170,48,0.0,469.7,145,8.815886,4.800263,78.25098,105.18,Poor,8.81,4.8,78.62,S1 (Low),C3 (High),C3-S1,Unsuitable (>2.5),Doubtful to Unsuitable,Unsuitable,Permissible (1.0-1.5 mg/L),Natural Background (<10 mg/L),Within Drinking Norms,Permissible / Marginal
501007,Madurai,Madurai North,Velliankundram,2017-01-09,2017,1,Post-Monsoon,10.020556,78.178333,Original,557.0,960,8.2,0.58,11.0,32,42.525,108.0,5.0,138,67,0.0,225.7,255,2.942919,0.0,47.34731,89.22,Good,2.94,-1.4,48.62,S1 (Low),C3 (High),C3-S1,Safe (<1.25),Permissible to Doubtful,Good / Permissible,Safe (<1.0 mg/L),Acceptable (10-45 mg/L),Within Drinking Norms,Permissible / Marginal
501012,Madurai,Madurai South,Vilacherry,2017-01-05,2017,1,Post-Monsoon,9.9,78.059444,Original,390.0,700,7.9,1.13,4.0,22,38.88,62.0,7.0,92,54,1.185521,158.7748,215,1.839822,0.0,37.59648,74.59,Good,1.84,-1.66,40.08,S1 (Low),C2 (Medium),C2-S1,Safe (<1.25),Good to Permissible,Excellent,Permissible (1.0-1.5 mg/L),Natural Background (<10 mg/L),Within Drinking Norms,Permissible / Marginal
501023,Madurai,Peraiyur,Mangalrev,2017-01-03,2017,1,Post-Monsoon,9.786111,77.797222,Original,467.0,820,8.2,1.15,6.0,14,29.16,120.0,2.0,85,64,3.081489,206.8393,155,4.193801,0.3949005,62.36925,81.51,Good,4.19,0.39,62.97,S1 (Low),C3 (High),C3-S1,Safe (<1.25),Doubtful to Unsuitable,Marginal / Moderate,Permissible (1.0-1.5 mg/L),Natural Background (<10 mg/L),Within Drinking Norms,Permissible / Marginal
501028,Madurai,Peraiyur,Athanur,2017-01-05,2017,1,Post-Monsoon,9.725,77.895556,Original,356.0,640,7.9,1.44,7.0,20,32.805,62.0,4.0,82,25,1.185521,158.7748,185,1.983419,0.0,41.51103,72.62,Good,1.98,-1.06,43.07,S1 (Low),C2 (Medium),C2-S1,Safe (<1.25),Permissible to Doubtful,Good / Permissible,Permissible (1.0-1.5 mg/L),Natural Background (<10 mg/L),Within Drinking Norms,Permissible / Marginal
501030,Madurai,Peraiyur,Mothagam,2017-01-05,2017,1,Post-Monsoon,9.679167,77.808889,Original,1620.0,2680,8.0,0.05,39.0,16,80.19,405.0,77.0,390,228,0.0,506.3,370,9.160166,0.9017861,65.28736,197.27,Poor,9.16,0.9,72.57,S1 (Low),C4 (Very High),C4-S1,Safe (<1.25),Doubtful to Unsuitable,Marginal / Moderate,Safe (<1.0 mg/L),Acceptable (10-45 mg/L),Within Drinking Norms,Permissible / Marginal
501032,Madurai,Peraiyur,Salichanthai,2017-01-05,2017,1,Post-Monsoon,9.728333,77.801944,Original,2074.0,3650,8.2,0.08,12.0,112,150.66,419.0,22.0,652,384,0.0,561.2,900,6.077382,0.0,49.55943,245.39,Very Poor,6.07,-8.79,51.08,S1 (Low),C4 (Very High),C4-S1,Safe (<1.25),Unsuitable,Unsuitable,Safe (<1.0 mg/L),Acceptable (10-45 mg/L),Within Drinking Norms,Unsafe for Drinking
501033,Madurai,Madurai North,Samayanallur,2017-01-10,2017,1,Post-Monsoon,9.980833,78.042222,Original,1076.0,1930,8.1,1.21,2.0,16,43.74,345.0,3.0,298,76,0.0,573.4,220,10.12008,5.001025,77.03176,134.64,Poor,10.11,5.0,77.42,S2 (Medium),C3 (High),C3-S2,Unsuitable (>2.5),Doubtful to Unsuitable,Unsuitable,Permissible (1.0-1.5 mg/L),Natural Background (<10 mg/L),Within Drinking Norms,Permissible / Marginal
501035,Madurai,Madurai South,Nedunkulam,2017-01-06,2017,1,Post-Monsoon,9.787222,78.178056,Original,1586.0,2830,8.0,1.24,18.0,68,92.34,396.0,9.0,631,67,0.0,481.9,550,7.347454,0.0,60.55087,190.33,Poor,7.34,-3.1,61.35,S1 (Low),C4 (Very High),C4-S1,Safe (<1.25),Doubtful to Unsuitable,Marginal / Moderate,Permissible (1.0-1.5 mg/L),Acceptable (10-45 mg/L),Within Drinking Norms,Permissible / Marginal
501036,Madurai,Madurai South,Othai Alangulam,2017-01-06,2017,1,Post-Monsoon,9.809722,78.055,Original,2821.0,5130,8.2,1.39,31.0,240,243.0,460.0,12.0,1489,46,0.0,384.3,1600,5.00432,0.0,38.26599,343.51,Unsuitable,5.0,-25.68,38.84,S1 (Low),C4 (Very High),C4-S1,Safe (<1.25),Unsuitable,Unsuitable,Permissible (1.0-1.5 mg/L),Acceptable (10-45 mg/L),Within Drinking Norms,Unsafe for Drinking
501037,Madurai,Thirumangalam,Mykudi,2017-01-06,2017,1,Post-Monsoon,9.787778,78.016667,Original,1255.0,2250,8.1,0.94,11.0,72,80.19,276.0,13.0,362,127,0.0,549.0,510,5.318181,0.0,53.28681,164.73,Poor,5.32,-1.2,54.75,S1 (Low),C4 (Very High),C4-S1,Safe (<1.25),Doubtful to Unsuitable,Good / Permissible,Safe (<1.0 mg/L),Acceptable (10-45 mg/L),Within Drinking Norms,Permissible / Marginal
501050,Madurai,Usilampatti,Thumbalapatti,2017-01-04,2017,1,Post-Monsoon,9.869444,77.776111,Original,160.0,280,8.0,0.63,4.0,20,17.01,12.0,4.0,25,14,0.7910937,84.15891,120,0.4767088,0.0,17.27183,45.81,Excellent,0.48,-0.99,20.65,S1 (Low),C2 (Medium),C2-S1,Safe (<1.25),Good to Permissible,Excellent,Safe (<1.0 mg/L),Natural Background (<10 mg/L),Within Drinking Norms,Safe Drinking Water
501053,Madurai,Vadipatti,Alagapuri,2017-01-10,2017,1,Post-Monsoon,10.056389,78.069722,Original,525.0,1040,7.9,1.18,3.0,32,70.47,69.0,4.0,71,35,0.0,457.5,370,1.560764,0.1032438,28.58571,98.24,Good,1.56,0.1,29.55,S1 (Low),C3 (High),C3-S1,Safe (<1.25),Permissible to Doubtful,Good / Permissible,Permissible (1.0-1.5 mg/L),Natural Background (<10 mg/L),Within Drinking Norms,Permissible / Marginal
501054,Madurai,Vadipatti,Manickampatti,2017-01-09,2017,1,Post-Monsoon,10.104444,78.125278,Original,1301.0,2330,8.2,0.59,21.0,72,123.93,214.0,11.0,489,141,0.0,317.2,690,3.544823,0.0,39.81232,174.41,Poor,3.54,-8.59,41.0,S1 (Low),C4 (Very High),C4-S1,Safe (<1.25),Doubtful to Unsuitable,Marginal / Moderate,Safe (<1.0 mg/L),Acceptable (10-45 mg/L),Within Drinking Norms,Unsafe for Drinking
81001B,Madurai,Madurai North,Kochadai,2017-01-03,2017,1,Post-Monsoon,9.943333,78.0775,Original,413.0,770,7.9,0.36,0.1,20,38.88,81.0,4.0,106,45,1.407862,188.5524,210,2.432049,0.0,45.03742,66.43,Good,2.43,-1.06,46.33,S1 (Low),C3 (High),C3-S1,Safe (<1.25),Permissible to Doubtful,Good / Permissible,Safe (<1.0 mg/L),Natural Background (<10 mg/L),Within Drinking Norms,Permissible / Marginal
83005,Madurai,Madurai South,Thiruparankundram,2017-01-06,2017,1,Post-Monsoon,9.879167,78.114444,Original,2323.0,4070,8.2,0.38,11.0,32,131.22,662.0,12.0,950,216,0.0,542.9,620,11.56695,0.0,69.3914,246.41,Very Poor,11.56,-3.5,70.12,S2 (Medium),C4 (Very High),C4-S2,Safe (<1.25),Unsuitable,Unsuitable,Safe (<1.0 mg/L),Acceptable (10-45 mg/L),Within Drinking Norms,Unsafe for Drinking
83006A,Madurai,Thirumangalam,Sathankudi,2017-01-05,2017,1,Post-Monsoon,9.7891,77.962,Gazetteer,1358.0,2310,8.1,1.01,14.0,28,97.2,248.0,125.0,390,129,0.0,561.2,470,4.976992,0.0,46.13908,209.55,Very Poor,4.97,-0.2,59.8,S1 (Low),C4 (Very High),C4-S1,Safe (<1.25),Doubtful to Unsuitable,Marginal / Moderate,Permissible (1.0-1.5 mg/L),Acceptable (10-45 mg/L),Within Drinking Norms,Permissible / Marginal
83007B,Madurai,Peraiyur,Chinnakattalai,2017-01-03,2017,1,Post-Monsoon,9.951944,77.800556,Well-History,1928.0,3360,8.8,0.95,8.0,56,145.8,428.0,12.0,737,353,18.0,280.6,740,6.845527,0.0,55.21681,238.5,Very Poor,6.84,-9.6,56.11,S1 (Low),C4 (Very High),C4-S1,Safe (<1.25),Unsuitable,Unsuitable,Safe (<1.0 mg/L),Natural Background (<10 mg/L),Within Drinking Norms,Unsafe for Drinking
83008,Madurai,Peraiyur,Elumalai,2017-01-04,2017,1,Post-Monsoon,9.861111,77.701111,Well-History,541.0,930,7.9,1.15,22.0,34,46.17,87.0,5.0,106,47,0.0,237.9,275,2.282842,0.0,40.22344,91.44,Good,2.28,-1.6,41.57,S1 (Low),C3 (High),C3-S1,Safe (<1.25),Permissible to Doubtful,Good / Permissible,Permissible (1.0-1.5 mg/L),Acceptable (10-45 mg/L),Within Drinking Norms,Permissible / Marginal
83048,Madurai,Thirumangalam,Puliankulam (M),2017-01-06,2017,1,Post-Monsoon,9.651667,77.909167,Original,508.0,840,8.0,1.32,20.0,10,30.375,129.0,3.0,50,46,0.0,305.0,150,4.58263,2.000807,64.59697,85.84,Good,4.58,2.0,65.47,S1 (Low),C3 (High),C3-S1,Marginal (1.25-2.5),Doubtful to Unsuitable,Marginal / Moderate,Permissible (1.0-1.5 mg/L),Acceptable (10-45 mg/L),Within Drinking Norms,Permissible / Marginal
83062A,Madurai,Thirumangalam,Kappalur,2017-01-05,2017,1,Post-Monsoon,9.840278,78.016667,Original,1153.0,2090,8.2,0.39,2.0,68,104.49,209.0,20.0,461,91,0.0,378.2,600,3.712652,0.0,42.09901,157.11,Poor,3.71,-5.8,44.45,S1 (Low),C3 (High),C3-S1,Safe (<1.25),Doubtful to Unsuitable,Good / Permissible,Safe (<1.0 mg/L),Natural Background (<10 mg/L),Within Drinking Norms,Permissible / Marginal
83072A,Madurai,Usilampatti,Valandur,2017-01-03,2017,1,Post-Monsoon,9.949722,77.871944,Well-History,710.0,1290,8.0,1.39,4.0,14,44.955,198.0,3.0,124,74,0.0,463.6,220,5.807935,3.201092,65.80891,107.07,Poor,5.8,3.2,66.38,S1 (Low),C3 (High),C3-S1,Unsuitable (>2.5),Doubtful to Unsuitable,Unsuitable,Permissible (1.0-1.5 mg/L),Natural Background (<10 mg/L),Within Drinking Norms,Permissible / Marginal
83075,Madurai,Madurai North,Karuppayi Urani,2017-01-09,2017,1,Post-Monsoon,9.930556,78.179167,Original,724.0,1190,8.1,1.37,10.0,34,13.365,189.0,46.0,195,73,0.0,256.2,140,6.952329,1.4029,67.41811,114.88,Poor,6.95,1.4,77.06,S1 (Low),C3 (High),C3-S1,Marginal (1.25-2.5),Doubtful to Unsuitable,Marginal / Moderate,Permissible (1.0-1.5 mg/L),Acceptable (10-45 mg/L),Within Drinking Norms,Permissible / Marginal
83080A,Madurai,Vadipatti,Nagari,2017-01-10,2017,1,Post-Monsoon,10.019444,78.016389,Village-Centroid,874.0,1360,8.0,0.93,5.0,12,27.945,244.0,9.0,213,79,0.0,353.8,145,8.816401,2.90085,77.23343,104.9,Poor,8.81,2.9,78.9,S1 (Low),C3 (High),C3-S1,Unsuitable (>2.5),Doubtful to Unsuitable,Unsuitable,Safe (<1.0 mg/L),Natural Background (<10 mg/L),Within Drinking Norms,Permissible / Marginal
83092AY,Madurai,Vadipatti,Nirathan,2017-01-10,2017,1,Post-Monsoon,10.0525,77.975556,Well-History,304.0,550,8.2,1.03,0.1,18,25.515,60.0,2.0,39,51,2.567714,172.353,150,2.131696,0.0,46.11971,66.68,Good,2.13,-0.09,47.01,S1 (Low),C2 (Medium),C2-S1,Safe (<1.25),Permissible to Doubtful,Good / Permissible,Permissible (1.0-1.5 mg/L),Natural Background (<10 mg/L),Within Drinking Norms,Permissible / Marginal
83099,Madurai,Madurai North,Kadavur,2017-01-09,2017,1,Post-Monsoon,10.075,78.175,Original,411.0,780,7.9,0.41,4.0,44,54.675,22.0,11.0,78,35,1.815486,243.1448,335,0.5230345,0.0,12.06256,76.88,Good,0.52,-2.65,15.6,S1 (Low),C3 (High),C3-S1,Safe (<1.25),Permissible to Doubtful,Good / Permissible,Safe (<1.0 mg/L),Natural Background (<10 mg/L),Within Drinking Norms,Permissible / Marginal
21071,Madurai,Melur,Pottapatty,2017-01-06,2017,1,Post-Monsoon,10.281944,78.370556,Village-Centroid,509.0,960,8.0,1.24,7.0,42,53.46,67.0,8.0,110,36,0.0,323.3,325,1.617191,0.0,30.31327,95.78,Good,1.62,-1.2,32.43,S1 (Low),C3 (High),C3-S1,Safe (<1.25),Permissible to Doubtful,Good / Permissible,Permissible (1.0-1.5 mg/L),Natural Background (<10 mg/L),Within Drinking Norms,Permissible / Marginal
501015,Madurai,Melur,Kuruchipatti,2017-01-05,2017,1,Post-Monsoon,10.0842,78.3583,Gazetteer,1446.0,2540,8.8,0.67,6.0,92,63.18,327.0,68.0,581,71,18.0,396.5,490,6.428825,0.0,55.23099,199.88,Poor,6.43,-2.69,61.97,S1 (Low),C4 (Very High),C4-S1,Safe (<1.25),Doubtful to Unsuitable,Marginal / Moderate,Safe (<1.0 mg/L),Natural Background (<10 mg/L),Within Drinking Norms,Unsafe for Drinking
501017,Madurai,Melur,Keelaiyur,2017-01-05,2017,1,Post-Monsoon,10.047222,78.377778,Well-History,600.0,1040,8.2,0.59,13.0,56,48.6,81.0,10.0,177,75,0.0,189.1,340,1.911641,0.0,33.32378,98.23,Good,1.91,-3.7,35.73,S1 (Low),C3 (High),C3-S1,Safe (<1.25),Permissible to Doubtful,Good / Permissible,Safe (<1.0 mg/L),Acceptable (10-45 mg/L),Within Drinking Norms,Permissible / Marginal
501019,Madurai,Melur,Kasampatti,2017-01-06,2017,1,Post-Monsoon,10.1525,78.299722,Well-History,667.0,1170,8.2,0.53,18.0,88,53.46,67.0,10.0,191,40,0.0,274.5,440,1.390086,0.0,24.36562,108.47,Poor,1.39,-4.29,26.49,S1 (Low),C3 (High),C3-S1,Safe (<1.25),Permissible to Doubtful,Good / Permissible,Safe (<1.0 mg/L),Acceptable (10-45 mg/L),Within Drinking Norms,Permissible / Marginal
501020,Madurai,Melur,Sennagarampatti,2017-01-06,2017,1,Post-Monsoon,10.080556,78.320278,Well-History,329.0,570,8.0,0.55,9.0,42,25.515,32.0,4.0,43,46,1.489528,158.4605,210,0.9610224,0.0,24.4634,63.52,Good,0.96,-1.55,26.25,S1 (Low),C2 (Medium),C2-S1,Safe (<1.25),Good to Permissible,Excellent,Safe (<1.0 mg/L),Natural Background (<10 mg/L),Within Drinking Norms,Permissible / Marginal
83078,Madurai,Melur,Melapathinettangudi,2017-01-05,2017,1,Post-Monsoon,10.0244,78.3492,Gazetteer,356.0,640,8.2,0.54,4.0,36,20.655,64.0,6.0,138,12,1.466766,98.45399,175,2.10552,0.0,43.27079,66.1,Good,2.1,-1.83,45.64,S1 (Low),C2 (Medium),C2-S1,Safe (<1.25),Permissible to Doubtful,Good / Permissible,Safe (<1.0 mg/L),Natural Background (<10 mg/L),Within Drinking Norms,Safe Drinking Water
21046,Madurai,Peraiyur,Perungamanallur,2017-01-03,2017,1,Post-Monsoon,9.7912,77.7731,Gazetteer,635.0,1140,8.2,0.98,0.05,14,52.245,150.0,5.0,177,70,0.0,335.5,250,4.127453,0.501491,56.00397,100.61,Poor,4.13,0.5,57.09,S1 (Low),C3 (High),C3-S1,Safe (<1.25),Permissible to Doubtful,Good / Permissible,Safe (<1.0 mg/L),Natural Background (<10 mg/L),Within Drinking Norms,Permissible / Marginal
21063,Madurai,Madurai North,Erukkalanatham,2017-01-09,2017,1,Post-Monsoon,9.957,78.083,Gazetteer,485.0,910,8.2,0.74,2.0,74,35.235,58.0,11.0,74,23,4.769608,320.1512,330,1.389589,0.0,26.84866,89.97,Good,1.39,-1.19,29.83,S1 (Low),C3 (High),C3-S1,Safe (<1.25),Permissible to Doubtful,Good / Permissible,Safe (<1.0 mg/L),Natural Background (<10 mg/L),Within Drinking Norms,Permissible / Marginal
21077,Madurai,Madurai North,Elangiyendal,2017-01-09,2017,1,Post-Monsoon,9.976,78.163,Gazetteer,747.0,1320,8.1,1.01,2.0,14,20.655,248.0,9.0,262,12,0.0,341.6,120,9.85094,3.200943,80.40749,99.86,Good,9.85,3.2,82.12,S1 (Low),C3 (High),C3-S1,Unsuitable (>2.5),Unsuitable,Unsuitable,Permissible (1.0-1.5 mg/L),Natural Background (<10 mg/L),Within Drinking Norms,Permissible / Marginal
501009,Madurai,Thirumangalam,Maravankulam,2017-01-05,2017,1,Post-Monsoon,9.831389,78.003056,Well-History,1101.0,1880,8.1,0.76,11.0,104,43.74,207.0,76.0,241,62,0.0,634.4,440,4.295074,1.609238,45.61938,166.34,Poor,4.29,1.61,55.46,S1 (Low),C3 (High),C3-S1,Marginal (1.25-2.5),Permissible to Doubtful,Marginal / Moderate,Safe (<1.0 mg/L),Acceptable (10-45 mg/L),Within Drinking Norms,Permissible / Marginal
501011,Madurai,Madurai South,Melakuyilkudi,2017-01-03,2017,1,Post-Monsoon,9.9225,78.036111,Well-History,832.0,1440,8.2,1.47,6.0,30,47.385,212.0,5.0,252,142,0.0,244.0,270,5.613911,0.0,62.53667,121.12,Poor,5.61,-1.4,63.39,S1 (Low),C3 (High),C3-S1,Safe (<1.25),Doubtful to Unsuitable,Marginal / Moderate,Permissible (1.0-1.5 mg/L),Natural Background (<10 mg/L),Within Drinking Norms,Permissible / Marginal
501046,Madurai,Peraiyur,Chellampatti,2017-01-03,2017,1,Post-Monsoon,9.972,77.874,Gazetteer,428.0,820,7.9,1.35,4.0,16,57.105,62.0,4.0,67,40,2.00077,267.9595,275,1.626628,0.0,32.50519,84.23,Good,1.63,-1.04,33.73,S1 (Low),C3 (High),C3-S1,Safe (<1.25),Permissible to Doubtful,Good / Permissible,Permissible (1.0-1.5 mg/L),Natural Background (<10 mg/L),Within Drinking Norms,Permissible / Marginal
501060,Madurai,Vadipatti,Thiruvalavoinallur,2017-01-10,2017,1,Post-Monsoon,10.008056,78.008611,Well-History,387.0,730,8.0,0.89,0.1,12,41.31,76.0,4.0,96,35,1.862027,198.088,200,2.3381,0.0,44.63526,71.98,Good,2.34,-0.69,46.0,S1 (Low),C2 (Medium),C2-S1,Safe (<1.25),Permissible to Doubtful,Good / Permissible,Safe (<1.0 mg/L),Natural Background (<10 mg/L),Within Drinking Norms,Safe Drinking Water
21001D,Madurai,Madurai South,Thiruparankundram,2017-07-07,2017,7,Pre-Monsoon,9.877778,78.097222,Original,1469.0,2600,8.2,1.32,3.0,36,65.61,432.0,8.0,525,125,0.0,524.6,360,9.906809,1.403396,71.74571,175.31,Poor,9.9,1.4,72.52,S1 (Low),C4 (Very High),C4-S1,Marginal (1.25-2.5),Doubtful to Unsuitable,Marginal / Moderate,Permissible (1.0-1.5 mg/L),Natural Background (<10 mg/L),Within Drinking Norms,Permissible / Marginal
21002D,Madurai,Thirumangalam,Chokkanathapuram,2017-07-05,2017,7,Pre-Monsoon,9.945556,77.975556,Original,867.0,1560,8.2,0.71,24.0,68,87.48,120.0,5.0,284,38,0.0,317.2,530,2.268144,0.0,32.74666,131.34,Poor,2.27,-5.39,33.54,S1 (Low),C3 (High),C3-S1,Safe (<1.25),Permissible to Doubtful,Good / Permissible,Safe (<1.0 mg/L),Acceptable (10-45 mg/L),Within Drinking Norms,Permissible / Marginal
21004D,Madurai,Thirumangalam,Chinna Ulagani,2017-07-07,2017,7,Pre-Monsoon,9.773611,78.052222,Original,848.0,1410,8.2,0.46,13.0,98,29.16,131.0,65.0,262,36,0.0,341.6,365,2.984565,0.0,38.89311,133.86,Poor,2.98,-1.69,50.23,S1 (Low),C3 (High),C3-S1,Safe (<1.25),Permissible to Doubtful,Good / Permissible,Safe (<1.0 mg/L),Acceptable (10-45 mg/L),Within Drinking Norms,Permissible / Marginal
21005D,Madurai,Madurai South,Eliyarpatti,2017-07-07,2017,7,Pre-Monsoon,9.794444,78.090278,Original,575.0,1000,8.1,0.68,29.0,42,59.535,69.0,6.0,149,9,0.0,219.6,350,1.604851,0.0,29.57035,96.77,Good,1.6,-3.4,31.07,S1 (Low),C3 (High),C3-S1,Safe (<1.25),Permissible to Doubtful,Good / Permissible,Safe (<1.0 mg/L),Acceptable (10-45 mg/L),Within Drinking Norms,Permissible / Marginal
21006D,Madurai,Peraiyur,Elumalai RF,2017-07-06,2017,7,Pre-Monsoon,9.861111,77.7,Original,385.0,690,8.0,1.46,8.0,44,34.02,44.0,11.0,57,30,1.955152,207.9948,250,1.211027,0.0,26.61701,82.77,Good,1.21,-1.52,30.52,S1 (Low),C2 (Medium),C2-S1,Safe (<1.25),Good to Permissible,Excellent,Permissible (1.0-1.5 mg/L),Natural Background (<10 mg/L),Within Drinking Norms,Permissible / Marginal
21007D,Madurai,Thirumangalam,Kallikudi,2017-07-07,2017,7,Pre-Monsoon,9.693889,77.971111,Original,1937.0,3410,8.2,1.2,30.0,280,184.68,122.0,8.0,709,367,0.0,268.4,1460,1.389534,0.0,15.30118,267.73,Very Poor,1.39,-24.77,15.88,S1 (Low),C4 (Very High),C4-S1,Safe (<1.25),Unsuitable,Unsuitable,Permissible (1.0-1.5 mg/L),Acceptable (10-45 mg/L),Within Drinking Norms,Unsafe for Drinking
21008D,Madurai,Madurai South,Melamathur,2017-07-04,2017,7,Pre-Monsoon,9.968056,78.007778,Original,748.0,1340,7.9,1.38,7.0,50,58.32,131.0,22.0,188,80,0.0,372.1,365,2.983734,0.0,42.03705,120.59,Poor,2.98,-1.2,46.18,S1 (Low),C3 (High),C3-S1,Safe (<1.25),Permissible to Doubtful,Good / Permissible,Permissible (1.0-1.5 mg/L),Natural Background (<10 mg/L),Within Drinking Norms,Permissible / Marginal
21009D,Madurai,Thirumangalam,Kappalur,2017-07-10,2017,7,Pre-Monsoon,9.843056,78.018611,Original,1016.0,1840,8.0,0.95,20.0,92,77.76,168.0,9.0,362,41,0.0,353.8,550,3.117389,0.0,39.44134,143.04,Poor,3.12,-5.19,40.67,S1 (Low),C3 (High),C3-S1,Safe (<1.25),Permissible to Doubtful,Good / Permissible,Safe (<1.0 mg/L),Acceptable (10-45 mg/L),Within Drinking Norms,Permissible / Marginal
21010D,Madurai,Madurai North,Karupayoorani,2017-07-03,2017,7,Pre-Monsoon,9.931944,78.177778,Original,652.0,1190,8.0,0.4,13.0,28,72.9,101.0,11.0,184,35,0.0,323.3,370,2.284544,0.0,36.39599,101.55,Poor,2.28,-2.1,38.71,S1 (Low),C3 (High),C3-S1,Safe (<1.25),Permissible to Doubtful,Good / Permissible,Safe (<1.0 mg/L),Acceptable (10-45 mg/L),Within Drinking Norms,Permissible / Marginal
21012D,Madurai,Thirumangalam,Kurayur,2017-07-07,2017,7,Pre-Monsoon,9.694444,78.025,Original,2180.0,3730,8.2,0.45,43.0,128,150.66,460.0,7.0,731,238,0.0,536.8,940,6.528726,0.0,51.34005,253.5,Very Poor,6.53,-9.99,51.79,S1 (Low),C4 (Very High),C4-S1,Safe (<1.25),Unsuitable,Unsuitable,Safe (<1.0 mg/L),Acceptable (10-45 mg/L),Within Drinking Norms,Unsafe for Drinking
21013D,Madurai,Vadipatti,Manianji,2017-07-03,2017,7,Pre-Monsoon,10.004167,78.1025,Original,445.0,830,7.8,0.66,5.0,46,30.375,81.0,6.0,57,25,1.739143,293.2293,240,2.275437,0.06925496,41.58817,73.31,Good,2.27,0.07,43.39,S1 (Low),C3 (High),C3-S1,Safe (<1.25),Permissible to Doubtful,Good / Permissible,Safe (<1.0 mg/L),Natural Background (<10 mg/L),Within Drinking Norms,Permissible / Marginal
21015D,Madurai,Peraiyur,Peraiyur,2017-07-05,2017,7,Pre-Monsoon,9.74,77.793333,Original,837.0,1510,7.9,0.97,19.0,84,116.64,48.0,2.0,199,74,0.0,457.5,690,0.7951297,0.0,13.10735,136.66,Poor,0.79,-6.29,13.42,S1 (Low),C3 (High),C3-S1,Safe (<1.25),Permissible to Doubtful,Good / Permissible,Safe (<1.0 mg/L),Acceptable (10-45 mg/L),Within Drinking Norms,Unsafe for Drinking
21016D,Madurai,Peraiyur,Subbulapuram,2017-07-10,2017,7,Pre-Monsoon,9.675556,77.809444,Original,314.0,570,8.0,0.24,4.0,56,17.01,32.0,4.0,35,46,1.629215,173.3208,210,0.9611579,0.0,24.46849,58.27,Good,0.96,-1.3,26.26,S1 (Low),C2 (Medium),C2-S1,Safe (<1.25),Good to Permissible,Excellent,Safe (<1.0 mg/L),Natural Background (<10 mg/L),Within Drinking Norms,Permissible / Marginal
21017D,Madurai,Thirumangalam,Thangalacheri,2017-07-10,2017,7,Pre-Monsoon,9.836111,77.868889,Original,1282.0,2070,8.1,0.45,39.0,84,60.75,276.0,21.0,262,178,0.0,451.4,460,5.600249,0.0,55.23895,160.73,Poor,5.6,-1.79,57.7,S1 (Low),C3 (High),C3-S1,Safe (<1.25),Doubtful to Unsuitable,Good / Permissible,Safe (<1.0 mg/L),Acceptable (10-45 mg/L),Within Drinking Norms,Permissible / Marginal
21018D,Madurai,Thirumangalam,Peikulam,2017-07-07,2017,7,Pre-Monsoon,9.645833,77.991111,Original,1028.0,1790,8.8,0.05,11.0,60,89.91,124.0,113.0,149,94,18.0,658.8,520,2.366113,1.005795,28.87938,185.68,Poor,2.36,1.0,44.34,S1 (Low),C3 (High),C3-S1,Safe (<1.25),Permissible to Doubtful,Good / Permissible,Safe (<1.0 mg/L),Acceptable (10-45 mg/L),Within Drinking Norms,Unsafe for Drinking
21026D,Madurai,Vadipatti,Senthamangalam,2017-07-03,2017,7,Pre-Monsoon,10.138333,78.141111,Original,686.0,1260,8.0,1.37,20.0,58,76.545,78.0,7.0,124,28,0.0,451.4,460,1.58249,0.0,26.5789,120.3,Poor,1.58,-1.8,27.97,S1 (Low),C3 (High),C3-S1,Safe (<1.25),Permissible to Doubtful,Good / Permissible,Permissible (1.0-1.5 mg/L),Acceptable (10-45 mg/L),Within Drinking Norms,Permissible / Marginal
21028D,Madurai,Usilampatti,Veppanuthu,2017-07-06,2017,7,Pre-Monsoon,9.897222,77.841667,Original,1325.0,2370,8.5,1.4,21.0,60,106.92,276.0,15.0,390,69,12.0,610.0,590,4.944085,0.0,49.64679,188.89,Poor,4.94,-1.4,51.22,S1 (Low),C4 (Very High),C4-S1,Safe (<1.25),Doubtful to Unsuitable,Marginal / Moderate,Permissible (1.0-1.5 mg/L),Acceptable (10-45 mg/L),Within Drinking Norms,Permissible / Marginal
21031D,Madurai,Usilampatti,Uthappanaickanur,2017-07-05,2017,7,Pre-Monsoon,10.035556,77.791111,Original,1112.0,1960,8.2,0.22,14.0,84,92.34,170.0,25.0,284,181,0.0,427.0,590,3.045532,0.0,37.30029,155.71,Poor,3.04,-4.79,40.51,S1 (Low),C3 (High),C3-S1,Safe (<1.25),Permissible to Doubtful,Good / Permissible,Safe (<1.0 mg/L),Acceptable (10-45 mg/L),Within Drinking Norms,Permissible / Marginal
21032D,Madurai,Usilampatti,Doddappanaickanur,2017-07-05,2017,7,Pre-Monsoon,9.971111,77.736111,Original,843.0,1480,8.0,0.29,5.0,20,58.32,184.0,51.0,245,75,0.0,378.2,290,4.701015,0.4020711,52.98585,123.22,Poor,4.7,0.4,61.61,S1 (Low),C3 (High),C3-S1,Safe (<1.25),Permissible to Doubtful,Good / Permissible,Safe (<1.0 mg/L),Natural Background (<10 mg/L),Within Drinking Norms,Permissible / Marginal
21033D,Madurai,Usilampatti,Usilampatti,2017-07-05,2017,7,Pre-Monsoon,9.959722,77.791667,Original,1295.0,2410,8.1,1.32,8.0,28,133.65,267.0,6.0,390,141,0.0,591.7,620,4.665158,0.0,48.06581,179.62,Poor,4.66,-2.7,48.69,S1 (Low),C4 (Very High),C4-S1,Safe (<1.25),Doubtful to Unsuitable,Marginal / Moderate,Permissible (1.0-1.5 mg/L),Natural Background (<10 mg/L),Within Drinking Norms,Unsafe for Drinking
21035D,Madurai,Madurai North,Madurai North,2017-07-10,2017,7,Pre-Monsoon,9.843056,78.141667,Original,1205.0,2140,8.4,0.92,16.0,16,80.19,327.0,21.0,269,74,6.0,683.2,370,7.395986,4.001406,64.19236,164.17,Poor,7.39,4.0,66.6,S1 (Low),C3 (High),C3-S1,Unsuitable (>2.5),Doubtful to Unsuitable,Unsuitable,Safe (<1.0 mg/L),Acceptable (10-45 mg/L),Within Drinking Norms,Permissible / Marginal
21036D,Madurai,Madurai North,Koolapandi,2017-07-03,2017,7,Pre-Monsoon,10.008333,78.147222,Original,341.0,640,7.9,1.36,5.0,22,38.88,46.0,8.0,46,25,1.593146,213.3671,215,1.365029,0.0,30.76984,74.4,Good,1.36,-0.75,33.9,S1 (Low),C2 (Medium),C2-S1,Safe (<1.25),Good to Permissible,Excellent,Permissible (1.0-1.5 mg/L),Natural Background (<10 mg/L),Within Drinking Norms,Permissible / Marginal
21037D,Madurai,Thirumangalam,Kandai,2017-07-10,2017,7,Pre-Monsoon,9.877778,77.913333,Original,641.0,1150,8.0,1.51,17.0,18,70.47,110.0,6.0,156,47,0.0,317.2,335,2.614743,0.0,41.12257,110.1,Poor,2.61,-1.5,42.43,S1 (Low),C3 (High),C3-S1,Safe (<1.25),Permissible to Doubtful,Good / Permissible,Dental Fluorosis Risk (1.5-2.0 mg/L),Acceptable (10-45 mg/L),Within Drinking Norms,Unsafe for Drinking
21039,Madurai,Usilampatti,K.nattarpatti,2017-07-04,2017,7,Pre-Monsoon,9.968889,77.863611,Original,962.0,1690,8.1,1.45,34.0,68,116.64,92.0,8.0,326,92,0.0,213.5,650,1.570134,0.0,23.26889,153.09,Poor,1.57,-9.49,24.45,S1 (Low),C3 (High),C3-S1,Safe (<1.25),Permissible to Doubtful,Good / Permissible,Permissible (1.0-1.5 mg/L),Acceptable (10-45 mg/L),Within Drinking Norms,Unsafe for Drinking
21040,Madurai,Peraiyur,T.kallipatti,2017-07-10,2017,7,Pre-Monsoon,9.715833,77.859444,Original,415.0,770,8.0,1.42,6.0,32,40.095,67.0,2.0,89,22,2.094839,222.8552,245,1.862607,0.0,37.06969,81.8,Good,1.86,-1.17,37.71,S1 (Low),C3 (High),C3-S1,Safe (<1.25),Permissible to Doubtful,Good / Permissible,Permissible (1.0-1.5 mg/L),Natural Background (<10 mg/L),Within Drinking Norms,Permissible / Marginal
21041,Madurai,Peraiyur,Sedapatti,2017-07-05,2017,7,Pre-Monsoon,9.826389,77.8,Original,894.0,1570,8.0,1.57,7.0,48,63.18,189.0,4.0,149,156,0.0,506.3,380,4.218863,0.7045325,51.64707,132.82,Poor,4.22,0.7,52.28,S1 (Low),C3 (High),C3-S1,Safe (<1.25),Permissible to Doubtful,Good / Permissible,Dental Fluorosis Risk (1.5-2.0 mg/L),Natural Background (<10 mg/L),Within Drinking Norms,Unsafe for Drinking
21043,Madurai,Usilampatti,Pullaneri,2017-07-05,2017,7,Pre-Monsoon,9.9325,77.946667,Original,1089.0,2050,8.6,0.47,6.0,48,140.94,147.0,9.0,418,99,12.0,378.2,700,2.417357,0.0,31.01333,164.82,Poor,2.42,-7.4,32.12,S1 (Low),C3 (High),C3-S1,Safe (<1.25),Doubtful to Unsuitable,Good / Permissible,Safe (<1.0 mg/L),Natural Background (<10 mg/L),Within Drinking Norms,Unsafe for Drinking
21044,Madurai,Usilampatti,Sangampatti,2017-07-05,2017,7,Pre-Monsoon,9.948333,77.898333,Original,1077.0,1950,8.0,0.79,7.0,20,88.695,244.0,30.0,362,88,0.0,427.0,415,5.210981,0.0,53.93729,147.96,Poor,5.21,-1.3,57.82,S1 (Low),C3 (High),C3-S1,Safe (<1.25),Permissible to Doubtful,Good / Permissible,Safe (<1.0 mg/L),Natural Background (<10 mg/L),Within Drinking Norms,Permissible / Marginal
21046,Madurai,Peraiyur,Perungamanallur,2017-07-05,2017,7,Pre-Monsoon,9.7912,77.7731,Gazetteer,968.0,1680,8.2,1.34,15.0,28,46.17,262.0,6.0,340,91,0.0,256.2,260,7.070058,0.0,68.05267,129.58,Poor,7.07,-1.0,68.96,S1 (Low),C3 (High),C3-S1,Safe (<1.25),Doubtful to Unsuitable,Marginal / Moderate,Permissible (1.0-1.5 mg/L),Acceptable (10-45 mg/L),Within Drinking Norms,Permissible / Marginal
21050,Madurai,Peraiyur,Mathippanur,2017-07-06,2017,7,Pre-Monsoon,9.795556,77.8375,Original,702.0,1250,8.0,0.98,10.0,38,60.75,138.0,3.0,128,90,0.0,396.5,345,3.23281,0.0,46.26415,108.26,Poor,3.23,-0.4,46.84,S1 (Low),C3 (High),C3-S1,Safe (<1.25),Permissible to Doubtful,Good / Permissible,Safe (<1.0 mg/L),Acceptable (10-45 mg/L),Within Drinking Norms,Permissible / Marginal
21052,Madurai,Peraiyur,Muthunayakkapuram,2017-07-05,2017,7,Pre-Monsoon,9.771389,77.812222,Original,544.0,1020,8.2,0.94,3.0,22,49.815,115.0,3.0,149,29,0.0,323.3,260,3.103118,0.1022344,48.67857,93.09,Good,3.1,0.1,49.41,S1 (Low),C3 (High),C3-S1,Safe (<1.25),Permissible to Doubtful,Good / Permissible,Safe (<1.0 mg/L),Natural Background (<10 mg/L),Within Drinking Norms,Permissible / Marginal
21056,Madurai,Usilampatti,Meikilarpatti,2017-07-05,2017,7,Pre-Monsoon,9.980556,77.802778,Original,918.0,1640,8.0,0.27,12.0,40,89.91,138.0,54.0,255,65,0.0,445.3,470,2.769605,0.0,35.77596,141.39,Poor,2.77,-2.1,43.99,S1 (Low),C3 (High),C3-S1,Safe (<1.25),Permissible to Doubtful,Good / Permissible,Safe (<1.0 mg/L),Acceptable (10-45 mg/L),Within Drinking Norms,Permissible / Marginal
21059,Madurai,Vadipatti,Kadupatti,2017-07-04,2017,7,Pre-Monsoon,10.022222,77.92,Original,807.0,1410,8.0,1.36,23.0,46,63.18,152.0,5.0,234,58,0.0,292.8,375,3.415467,0.0,46.44928,121.53,Poor,3.41,-2.7,47.33,S1 (Low),C3 (High),C3-S1,Safe (<1.25),Permissible to Doubtful,Good / Permissible,Permissible (1.0-1.5 mg/L),Acceptable (10-45 mg/L),Within Drinking Norms,Permissible / Marginal
21061,Madurai,Vadipatti,Thathampatti,2017-07-04,2017,7,Pre-Monsoon,10.022222,78.015556,Original,494.0,920,7.9,0.66,0.5,24,47.385,94.0,5.0,160,34,1.556089,208.4042,255,2.56126,0.0,43.90119,78.74,Good,2.56,-1.63,45.26,S1 (Low),C3 (High),C3-S1,Safe (<1.25),Permissible to Doubtful,Good / Permissible,Safe (<1.0 mg/L),Natural Background (<10 mg/L),Within Drinking Norms,Permissible / Marginal
21062,Madurai,Vadipatti,Periailandakulam,2017-07-04,2017,7,Pre-Monsoon,10.068333,78.051389,Original,344.0,670,8.0,0.95,4.0,24,44.955,41.0,5.0,39,25,2.234525,237.7155,245,1.139725,0.0,26.1947,73.02,Good,1.14,-0.93,28.06,S1 (Low),C2 (Medium),C2-S1,Safe (<1.25),Good to Permissible,Excellent,Safe (<1.0 mg/L),Natural Background (<10 mg/L),Within Drinking Norms,Permissible / Marginal
21063,Madurai,Madurai North,Erukkalanatham,2017-07-03,2017,7,Pre-Monsoon,9.957,78.083,Gazetteer,457.0,840,7.9,1.1,8.0,24,34.02,101.0,3.0,57,29,2.11194,282.8484,200,3.107607,0.7095,51.88597,78.45,Good,3.11,0.71,52.78,S1 (Low),C3 (High),C3-S1,Safe (<1.25),Permissible to Doubtful,Good / Permissible,Permissible (1.0-1.5 mg/L),Natural Background (<10 mg/L),Within Drinking Norms,Permissible / Marginal
21065,Madurai,Madurai North,Mangulam,2017-07-03,2017,7,Pre-Monsoon,10.035833,78.25,Original,1522.0,2600,8.2,1.2,34.0,52,87.48,377.0,8.0,475,132,0.0,481.9,490,7.410546,0.0,62.12341,187.3,Poor,7.41,-1.9,62.89,S1 (Low),C4 (Very High),C4-S1,Safe (<1.25),Doubtful to Unsuitable,Marginal / Moderate,Permissible (1.0-1.5 mg/L),Acceptable (10-45 mg/L),Within Drinking Norms,Permissible / Marginal
21068,Madurai,Vadipatti,Alanganallur,2017-07-03,2017,7,Pre-Monsoon,10.048333,78.083889,Original,964.0,1690,8.1,0.33,28.0,116,99.63,78.0,10.0,369,47,0.0,244.0,700,1.282943,0.0,19.23809,141.45,Poor,1.28,-9.99,20.68,S1 (Low),C3 (High),C3-S1,Safe (<1.25),Permissible to Doubtful,Good / Permissible,Safe (<1.0 mg/L),Acceptable (10-45 mg/L),Within Drinking Norms,Unsafe for Drinking
21074,Madurai,Madurai North,Chettikulam,2017-07-03,2017,7,Pre-Monsoon,9.995,78.146944,Original,858.0,1530,8.2,1.1,21.0,24,82.62,166.0,13.0,163,43,0.0,542.9,400,3.611126,0.9025077,46.43643,134.38,Poor,3.61,0.9,48.56,S1 (Low),C3 (High),C3-S1,Safe (<1.25),Permissible to Doubtful,Good / Permissible,Permissible (1.0-1.5 mg/L),Acceptable (10-45 mg/L),Within Drinking Norms,Permissible / Marginal
21076,Madurai,Madurai North,Vayalur,2017-07-04,2017,7,Pre-Monsoon,10.018333,78.053889,Original,384.0,690,7.9,1.2,4.0,16,27.945,87.0,9.0,39,23,1.963713,262.9966,155,3.040589,1.278301,53.20625,72.77,Good,3.04,1.28,56.43,S1 (Low),C2 (Medium),C2-S1,Marginal (1.25-2.5),Permissible to Doubtful,Marginal / Moderate,Permissible (1.0-1.5 mg/L),Natural Background (<10 mg/L),Within Drinking Norms,Permissible / Marginal
21077,Madurai,Madurai North,Elangiyendal,2017-07-03,2017,7,Pre-Monsoon,9.976,78.163,Gazetteer,758.0,1350,8.2,1.48,3.0,14,23.085,253.0,8.0,255,10,0.0,359.9,130,9.655109,3.300945,79.70061,108.42,Poor,9.65,3.3,81.17,S1 (Low),C3 (High),C3-S1,Unsuitable (>2.5),Doubtful to Unsuitable,Unsuitable,Permissible (1.0-1.5 mg/L),Natural Background (<10 mg/L),Within Drinking Norms,Permissible / Marginal
21078,Madurai,Madurai North,Kalikappan,2017-07-03,2017,7,Pre-Monsoon,9.939444,78.193611,Original,486.0,860,8.0,0.91,12.0,40,35.235,85.0,3.0,106,31,2.001714,212.9483,245,2.363172,0.0,42.64647,81.57,Good,2.36,-1.34,43.52,S1 (Low),C3 (High),C3-S1,Safe (<1.25),Permissible to Doubtful,Good / Permissible,Safe (<1.0 mg/L),Acceptable (10-45 mg/L),Within Drinking Norms,Permissible / Marginal
21079,Madurai,Madurai North,Rajakkur,2017-07-03,2017,7,Pre-Monsoon,9.928611,78.238333,Original,1001.0,1780,8.1,0.67,3.0,12,17.01,368.0,2.0,291,6,0.0,579.5,100,16.01281,7.50018,88.64846,114.51,Poor,16.0,7.5,88.93,S2 (Medium),C3 (High),C3-S2,Unsuitable (>2.5),Unsuitable,Unsuitable,Safe (<1.0 mg/L),Natural Background (<10 mg/L),Within Drinking Norms,Permissible / Marginal
21080,Madurai,Madurai North,Kalimangalam,2017-07-03,2017,7,Pre-Monsoon,9.878333,78.238889,Original,1326.0,2290,8.2,1.28,27.0,128,82.62,230.0,18.0,418,108,0.0,439.2,660,3.89622,0.0,42.29977,182.93,Poor,3.89,-5.99,44.23,S1 (Low),C4 (Very High),C4-S1,Safe (<1.25),Doubtful to Unsuitable,Marginal / Moderate,Permissible (1.0-1.5 mg/L),Acceptable (10-45 mg/L),Within Drinking Norms,Unsafe for Drinking
21081,Madurai,Madurai North,Elamanur,2017-07-03,2017,7,Pre-Monsoon,9.900556,78.210833,Original,1204.0,2110,8.2,0.7,18.0,68,87.48,230.0,34.0,454,72,0.0,359.9,530,4.347276,0.0,46.60572,165.37,Poor,4.35,-4.7,50.64,S1 (Low),C3 (High),C3-S1,Safe (<1.25),Doubtful to Unsuitable,Good / Permissible,Safe (<1.0 mg/L),Acceptable (10-45 mg/L),Within Drinking Norms,Permissible / Marginal
21082,Madurai,Madurai South,Nallur,2017-07-07,2017,7,Pre-Monsoon,9.788333,78.133333,Original,330.0,620,7.9,0.21,4.0,30,37.665,39.0,4.0,85,10,1.296692,173.6636,230,1.119,0.0,26.5261,59.26,Good,1.12,-1.71,28.12,S1 (Low),C2 (Medium),C2-S1,Safe (<1.25),Good to Permissible,Excellent,Safe (<1.0 mg/L),Natural Background (<10 mg/L),Within Drinking Norms,Permissible / Marginal
21083,Madurai,Madurai South,Nilaiyur,2017-07-10,2017,7,Pre-Monsoon,9.855556,78.059167,Original,1264.0,2280,8.0,0.87,14.0,76,106.92,223.0,30.0,418,112,0.0,469.7,630,3.865938,0.0,42.0672,174.86,Poor,3.86,-4.89,45.38,S1 (Low),C4 (Very High),C4-S1,Safe (<1.25),Doubtful to Unsuitable,Marginal / Moderate,Safe (<1.0 mg/L),Acceptable (10-45 mg/L),Within Drinking Norms,Unsafe for Drinking
21084,Madurai,Madurai South,Sakkilipatti,2017-07-10,2017,7,Pre-Monsoon,9.901389,78.011111,Original,632.0,1150,8.2,0.87,4.0,36,54.675,122.0,6.0,206,35,0.0,305.0,315,2.991018,0.0,45.14105,102.07,Poor,2.99,-1.3,46.43,S1 (Low),C3 (High),C3-S1,Safe (<1.25),Permissible to Doubtful,Good / Permissible,Safe (<1.0 mg/L),Natural Background (<10 mg/L),Within Drinking Norms,Permissible / Marginal
501001,Madurai,Madurai North,Oomatchikulam,2017-07-03,2017,7,Pre-Monsoon,10.005,78.148056,Original,419.0,790,8.0,1.48,5.0,20,51.03,64.0,5.0,85,27,2.234525,237.7155,260,1.726925,0.0,34.33044,85.49,Good,1.73,-1.23,35.89,S1 (Low),C3 (High),C3-S1,Safe (<1.25),Permissible to Doubtful,Good / Permissible,Permissible (1.0-1.5 mg/L),Natural Background (<10 mg/L),Within Drinking Norms,Permissible / Marginal
501003,Madurai,Madurai North,Varichiyur,2017-07-03,2017,7,Pre-Monsoon,9.913056,78.251111,Original,1130.0,2030,8.2,0.68,7.0,128,85.05,166.0,11.0,532,67,0.0,219.6,670,2.790973,0.0,34.56755,155.08,Poor,2.79,-9.79,35.9,S1 (Low),C3 (High),C3-S1,Safe (<1.25),Doubtful to Unsuitable,Good / Permissible,Safe (<1.0 mg/L),Natural Background (<10 mg/L),Within Drinking Norms,Unsafe for Drinking
501004,Madurai,Madurai North,Sakkudi,2017-07-03,2017,7,Pre-Monsoon,9.864167,78.223611,Original,2207.0,3880,8.8,0.96,20.0,96,111.78,552.0,68.0,681,98,18.0,988.2,700,9.078738,2.808871,60.42108,281.32,Very Poor,9.07,2.8,64.79,S1 (Low),C4 (Very High),C4-S1,Unsuitable (>2.5),Unsuitable,Unsuitable,Safe (<1.0 mg/L),Acceptable (10-45 mg/L),Within Drinking Norms,Unsafe for Drinking
501005,Madurai,Madurai North,Chithakur,2017-07-03,2017,7,Pre-Monsoon,9.948333,78.243611,Original,700.0,1210,8.1,1.54,6.0,46,17.01,177.0,34.0,188,41,0.0,335.5,185,5.664026,1.803928,62.77768,113.95,Poor,5.66,1.8,69.86,S1 (Low),C3 (High),C3-S1,Marginal (1.25-2.5),Doubtful to Unsuitable,Marginal / Moderate,Dental Fluorosis Risk (1.5-2.0 mg/L),Natural Background (<10 mg/L),Within Drinking Norms,Unsafe for Drinking
501007,Madurai,Madurai North,Velliankundram,2017-07-03,2017,7,Pre-Monsoon,10.020556,78.178333,Original,1378.0,2480,8.2,0.1,20.0,132,126.36,189.0,14.0,525,91,0.0,420.9,850,2.821009,0.0,32.15808,183.3,Poor,2.82,-10.09,33.55,S1 (Low),C4 (Very High),C4-S1,Safe (<1.25),Doubtful to Unsuitable,Marginal / Moderate,Safe (<1.0 mg/L),Acceptable (10-45 mg/L),Within Drinking Norms,Unsafe for Drinking
501011,Madurai,Madurai South,Melakuyilkudi,2017-07-05,2017,7,Pre-Monsoon,9.9225,78.036111,Well-History,866.0,1520,8.0,1.52,7.0,44,48.6,212.0,5.0,234,107,0.0,366.0,310,5.23956,0.0,59.32361,123.71,Poor,5.24,-0.2,60.13,S1 (Low),C3 (High),C3-S1,Safe (<1.25),Permissible to Doubtful,Good / Permissible,Dental Fluorosis Risk (1.5-2.0 mg/L),Natural Background (<10 mg/L),Within Drinking Norms,Unsafe for Drinking
501012,Madurai,Madurai South,Vilacherry,2017-07-10,2017,7,Pre-Monsoon,9.9,78.059444,Original,497.0,900,7.9,0.6,5.0,38,51.03,67.0,9.0,152,55,1.222578,163.7377,305,1.669355,0.0,31.54024,82.13,Good,1.67,-3.37,34.02,S1 (Low),C3 (High),C3-S1,Safe (<1.25),Permissible to Doubtful,Good / Permissible,Safe (<1.0 mg/L),Natural Background (<10 mg/L),Within Drinking Norms,Permissible / Marginal
501023,Madurai,Peraiyur,Mangalrev,2017-07-05,2017,7,Pre-Monsoon,9.786111,77.797222,Original,471.0,830,7.9,1.21,9.0,24,25.515,115.0,2.0,85,53,1.556089,208.4042,165,3.89582,0.1705915,59.90205,77.56,Good,3.89,0.17,60.5,S1 (Low),C3 (High),C3-S1,Safe (<1.25),Permissible to Doubtful,Good / Permissible,Permissible (1.0-1.5 mg/L),Natural Background (<10 mg/L),Within Drinking Norms,Permissible / Marginal
501028,Madurai,Peraiyur,Athanur,2017-07-10,2017,7,Pre-Monsoon,9.725,77.895556,Original,1374.0,2400,8.2,0.63,32.0,36,145.8,253.0,2.0,432,173,0.0,384.3,690,4.19038,0.0,44.28496,180.83,Poor,4.19,-7.5,44.48,S1 (Low),C4 (Very High),C4-S1,Safe (<1.25),Doubtful to Unsuitable,Marginal / Moderate,Safe (<1.0 mg/L),Acceptable (10-45 mg/L),Within Drinking Norms,Unsafe for Drinking
501030,Madurai,Peraiyur,Mothagam,2017-07-10,2017,7,Pre-Monsoon,9.679167,77.808889,Original,1665.0,2730,8.2,0.06,30.0,56,85.05,340.0,137.0,447,206,0.0,518.5,490,6.683367,0.0,52.65596,228.33,Very Poor,6.68,-1.3,65.12,S1 (Low),C4 (Very High),C4-S1,Safe (<1.25),Doubtful to Unsuitable,Marginal / Moderate,Safe (<1.0 mg/L),Acceptable (10-45 mg/L),Within Drinking Norms,Permissible / Marginal
501032,Madurai,Peraiyur,Salichanthai,2017-07-10,2017,7,Pre-Monsoon,9.728333,77.801944,Original,2708.0,4890,8.2,0.32,7.0,160,223.56,552.0,6.0,1461,125,0.0,298.9,1320,6.611087,0.0,47.50336,304.66,Unsuitable,6.61,-21.49,47.79,S1 (Low),C4 (Very High),C4-S1,Safe (<1.25),Unsuitable,Unsuitable,Safe (<1.0 mg/L),Natural Background (<10 mg/L),Within Drinking Norms,Unsafe for Drinking
501033,Madurai,Madurai North,Samayanallur,2017-07-04,2017,7,Pre-Monsoon,9.980833,78.042222,Original,1250.0,2210,8.2,1.41,2.0,20,51.03,414.0,3.0,347,62,0.0,689.3,260,11.17104,6.101279,77.3474,154.63,Poor,11.17,6.1,77.67,S2 (Medium),C3 (High),C3-S2,Unsuitable (>2.5),Doubtful to Unsuitable,Unsuitable,Permissible (1.0-1.5 mg/L),Natural Background (<10 mg/L),Within Drinking Norms,Permissible / Marginal
501035,Madurai,Madurai South,Nedunkulam,2017-07-07,2017,7,Pre-Monsoon,9.787222,78.178056,Original,1308.0,2350,8.2,1.3,10.0,28,94.77,327.0,9.0,617,43,0.0,292.8,460,6.63337,0.0,60.14344,166.8,Poor,6.63,-4.4,61.1,S1 (Low),C4 (Very High),C4-S1,Safe (<1.25),Doubtful to Unsuitable,Marginal / Moderate,Permissible (1.0-1.5 mg/L),Acceptable (10-45 mg/L),Within Drinking Norms,Permissible / Marginal
501036,Madurai,Madurai South,Othai Alangulam,2017-07-07,2017,7,Pre-Monsoon,9.809722,78.055,Original,2997.0,5430,8.2,1.07,49.0,264,281.88,414.0,11.0,1730,17,0.0,128.1,1820,4.222866,0.0,32.94574,362.61,Unsuitable,4.22,-34.27,33.45,S1 (Low),C4 (Very High),C4-S1,Safe (<1.25),Unsuitable,Unsuitable,Permissible (1.0-1.5 mg/L),Anthropogenic High (45-100 mg/L),Urban Domestic / Septic Leaching,Unsafe for Drinking
501037,Madurai,Thirumangalam,Mykudi,2017-07-07,2017,7,Pre-Monsoon,9.787778,78.016667,Original,5451.0,9670,8.4,0.58,9.0,260,328.05,1311.0,9.0,2871,401,6.0,451.4,2000,12.75606,0.0,58.65274,553.72,Unsuitable,12.75,-32.38,58.88,S2 (Medium),C4 (Very High),C4-S2,Safe (<1.25),Unsuitable,Unsuitable,Safe (<1.0 mg/L),Natural Background (<10 mg/L),Within Drinking Norms,Unsafe for Drinking
501046,Madurai,Peraiyur,Chellampatti,2017-07-05,2017,7,Pre-Monsoon,9.972,77.874,Gazetteer,629.0,1160,8.1,1.38,2.0,86,15.795,140.0,2.0,96,31,0.0,500.2,280,3.642006,2.607347,51.90467,102.89,Poor,3.64,2.61,52.33,S1 (Low),C3 (High),C3-S1,Unsuitable (>2.5),Permissible to Doubtful,Unsuitable,Permissible (1.0-1.5 mg/L),Natural Background (<10 mg/L),Within Drinking Norms,Permissible / Marginal
501050,Madurai,Usilampatti,Thumbalapatti,2017-07-06,2017,7,Pre-Monsoon,9.869444,77.776111,Original,146.0,250,7.9,0.2,2.0,26,6.075,16.0,4.0,25,13,0.5555568,74.40472,90,0.734131,0.0,26.81208,35.66,Excellent,0.73,-0.56,30.75,S1 (Low),C2 (Medium),C2-S1,Safe (<1.25),Good to Permissible,Excellent,Safe (<1.0 mg/L),Natural Background (<10 mg/L),Within Drinking Norms,Safe Drinking Water
501053,Madurai,Vadipatti,Alagapuri,2017-07-04,2017,7,Pre-Monsoon,10.056389,78.069722,Original,475.0,910,8.0,1.0,4.0,20,60.75,74.0,4.0,67,24,3.119209,331.8308,300,1.858839,0.0,34.54335,87.27,Good,1.86,-0.46,35.63,S1 (Low),C3 (High),C3-S1,Safe (<1.25),Permissible to Doubtful,Good / Permissible,Permissible (1.0-1.5 mg/L),Natural Background (<10 mg/L),Within Drinking Norms,Permissible / Marginal
501054,Madurai,Vadipatti,Manickampatti,2017-07-03,2017,7,Pre-Monsoon,10.104444,78.125278,Original,1259.0,2260,8.2,0.57,23.0,88,104.49,216.0,10.0,397,113,0.0,451.4,650,3.686641,0.0,41.49737,169.32,Poor,3.68,-5.59,42.61,S1 (Low),C4 (Very High),C4-S1,Safe (<1.25),Doubtful to Unsuitable,Marginal / Moderate,Safe (<1.0 mg/L),Acceptable (10-45 mg/L),Within Drinking Norms,Unsafe for Drinking
501060,Madurai,Vadipatti,Thiruvalavoinallur,2017-07-04,2017,7,Pre-Monsoon,10.008056,78.008611,Well-History,515.0,950,8.0,1.12,2.0,22,43.74,110.0,5.0,149,35,0.0,280.6,235,3.122153,0.0,49.79018,87.75,Good,3.12,-0.1,51.11,S1 (Low),C3 (High),C3-S1,Safe (<1.25),Permissible to Doubtful,Good / Permissible,Permissible (1.0-1.5 mg/L),Natural Background (<10 mg/L),Within Drinking Norms,Permissible / Marginal
81001B,Madurai,Madurai North,Kochadai,2017-07-05,2017,7,Pre-Monsoon,9.943333,78.0775,Original,536.0,990,7.9,0.33,1.0,36,47.385,97.0,4.0,128,53,0.0,329.4,285,2.5002,0.0,42.11954,81.7,Good,2.5,-0.3,43.13,S1 (Low),C3 (High),C3-S1,Safe (<1.25),Permissible to Doubtful,Good / Permissible,Safe (<1.0 mg/L),Natural Background (<10 mg/L),Within Drinking Norms,Permissible / Marginal
83005,Madurai,Madurai South,Thiruparankundram,2017-07-07,2017,7,Pre-Monsoon,9.879167,78.114444,Original,1920.0,3330,8.1,1.13,12.0,48,97.2,552.0,9.0,681,173,0.0,616.1,520,10.5325,0.0,69.32553,216.2,Very Poor,10.53,-0.3,69.98,S2 (Medium),C4 (Very High),C4-S2,Safe (<1.25),Unsuitable,Unsuitable,Permissible (1.0-1.5 mg/L),Acceptable (10-45 mg/L),Within Drinking Norms,Permissible / Marginal
83006A,Madurai,Thirumangalam,Sathankudi,2017-07-10,2017,7,Pre-Monsoon,9.7891,77.962,Gazetteer,1387.0,2350,8.2,1.12,29.0,48,87.48,262.0,105.0,383,101,0.0,549.0,480,5.203337,0.0,48.13492,208.74,Very Poor,5.2,-0.6,59.47,S1 (Low),C4 (Very High),C4-S1,Safe (<1.25),Doubtful to Unsuitable,Marginal / Moderate,Permissible (1.0-1.5 mg/L),Acceptable (10-45 mg/L),Within Drinking Norms,Permissible / Marginal
83007B,Madurai,Peraiyur,Chinnakattalai,2017-07-05,2017,7,Pre-Monsoon,9.951944,77.800556,Well-History,2005.0,3520,8.2,0.83,8.0,64,174.96,414.0,9.0,794,317,0.0,390.4,880,6.072049,0.0,50.26072,240.91,Very Poor,6.07,-11.2,50.89,S1 (Low),C4 (Very High),C4-S1,Safe (<1.25),Unsuitable,Unsuitable,Safe (<1.0 mg/L),Natural Background (<10 mg/L),Within Drinking Norms,Unsafe for Drinking
83008,Madurai,Peraiyur,Elumalai,2017-07-06,2017,7,Pre-Monsoon,9.861111,77.701111,Well-History,610.0,1070,8.0,1.25,21.0,28,52.245,115.0,5.0,121,36,0.0,317.2,285,2.963979,0.0,46.20321,101.17,Poor,2.96,-0.5,47.37,S1 (Low),C3 (High),C3-S1,Safe (<1.25),Permissible to Doubtful,Good / Permissible,Permissible (1.0-1.5 mg/L),Acceptable (10-45 mg/L),Within Drinking Norms,Permissible / Marginal
83048,Madurai,Thirumangalam,Puliankulam (M),2017-07-07,2017,7,Pre-Monsoon,9.651667,77.909167,Original,345.0,650,8.0,0.6,3.0,20,38.88,51.0,10.0,74,12,1.908589,203.0414,210,1.53129,0.0,33.25109,67.96,Good,1.53,-0.81,37.07,S1 (Low),C2 (Medium),C2-S1,Safe (<1.25),Good to Permissible,Excellent,Safe (<1.0 mg/L),Natural Background (<10 mg/L),Within Drinking Norms,Permissible / Marginal
83062A,Madurai,Thirumangalam,Kappalur,2017-07-10,2017,7,Pre-Monsoon,9.840278,78.016667,Original,1163.0,2130,8.3,0.46,5.0,60,116.64,193.0,19.0,532,77,6.0,274.5,630,3.345677,0.0,39.09516,160.96,Poor,3.34,-7.9,41.34,S1 (Low),C3 (High),C3-S1,Safe (<1.25),Doubtful to Unsuitable,Good / Permissible,Safe (<1.0 mg/L),Natural Background (<10 mg/L),Within Drinking Norms,Unsafe for Drinking
83072A,Madurai,Usilampatti,Valandur,2017-07-05,2017,7,Pre-Monsoon,9.949722,77.871944,Well-History,597.0,1090,8.2,0.91,1.0,14,43.74,156.0,6.0,135,41,0.0,390.4,215,4.628866,2.101228,60.38633,95.86,Good,4.63,2.1,61.74,S1 (Low),C3 (High),C3-S1,Marginal (1.25-2.5),Doubtful to Unsuitable,Marginal / Moderate,Safe (<1.0 mg/L),Natural Background (<10 mg/L),Within Drinking Norms,Permissible / Marginal
83080A,Madurai,Vadipatti,Nagari,2017-07-04,2017,7,Pre-Monsoon,10.019444,78.016389,Village-Centroid,2099.0,3690,8.2,0.69,7.0,120,170.1,414.0,23.0,893,247,0.0,402.6,1000,5.696656,0.0,46.67459,254.86,Very Poor,5.69,-13.39,48.19,S1 (Low),C4 (Very High),C4-S1,Safe (<1.25),Unsuitable,Unsuitable,Safe (<1.0 mg/L),Natural Background (<10 mg/L),Within Drinking Norms,Unsafe for Drinking
83092AY,Madurai,Vadipatti,Nirathan,2017-07-04,2017,7,Pre-Monsoon,10.0525,77.975556,Well-History,359.0,650,7.8,1.43,1.0,18,25.515,83.0,3.0,64,42,1.14954,193.8189,150,2.948846,0.2173993,54.00684,68.63,Good,2.95,0.22,55.14,S1 (Low),C2 (Medium),C2-S1,Safe (<1.25),Permissible to Doubtful,Good / Permissible,Permissible (1.0-1.5 mg/L),Natural Background (<10 mg/L),Within Drinking Norms,Permissible / Marginal
83099,Madurai,Madurai North,Kadavur,2017-07-03,2017,7,Pre-Monsoon,10.075,78.175,Original,389.0,720,7.9,0.32,7.0,52,41.31,25.0,12.0,78,21,1.556089,208.4042,300,0.6281278,0.0,14.71754,71.65,Good,0.63,-2.53,18.86,S1 (Low),C2 (Medium),C2-S1,Safe (<1.25),Good to Permissible,Excellent,Safe (<1.0 mg/L),Natural Background (<10 mg/L),Within Drinking Norms,Permissible / Marginal
21027D,Madurai,Vadipatti,Thiruvedagam,2017-07-04,2017,7,Pre-Monsoon,10.019444,77.972222,Original,492.0,930,7.9,0.8,2.0,18,63.18,62.0,25.0,121,34,1.926656,258.0336,305,1.544562,0.0,28.58804,91.05,Good,1.54,-1.81,35.35,S1 (Low),C3 (High),C3-S1,Safe (<1.25),Permissible to Doubtful,Good / Permissible,Safe (<1.0 mg/L),Natural Background (<10 mg/L),Within Drinking Norms,Permissible / Marginal
21019D,Madurai,Melur,Karungalakudi,2017-07-04,2017,7,Pre-Monsoon,10.155556,78.369167,Original,901.0,1580,8.2,0.43,2.0,120,29.16,170.0,7.0,440,47,0.0,152.5,420,3.61074,0.0,46.3269,117.03,Poor,3.61,-5.89,47.44,S1 (Low),C3 (High),C3-S1,Safe (<1.25),Permissible to Doubtful,Good / Permissible,Safe (<1.0 mg/L),Natural Background (<10 mg/L),Within Drinking Norms,Permissible / Marginal
21020D,Madurai,Melur,Pallapatti,2017-07-04,2017,7,Pre-Monsoon,10.247222,78.386111,Original,600.0,1130,8.2,0.29,7.0,82,60.75,53.0,4.0,117,40,0.0,427.0,455,1.081297,0.0,20.04866,101.85,Poor,1.08,-2.09,20.93,S1 (Low),C3 (High),C3-S1,Safe (<1.25),Permissible to Doubtful,Good / Permissible,Safe (<1.0 mg/L),Natural Background (<10 mg/L),Within Drinking Norms,Permissible / Marginal
21022D,Madurai,Melur,Pulipatti,2017-07-04,2017,7,Pre-Monsoon,10.086111,78.291667,Original,580.0,1070,7.9,0.05,6.0,60,44.955,92.0,5.0,202,23,0.0,250.1,335,2.187456,0.0,36.97402,83.15,Good,2.19,-2.6,38.14,S1 (Low),C3 (High),C3-S1,Safe (<1.25),Permissible to Doubtful,Good / Permissible,Safe (<1.0 mg/L),Natural Background (<10 mg/L),Within Drinking Norms,Permissible / Marginal
21023D,Madurai,Melur,Uranganpatti,2017-07-03,2017,7,Pre-Monsoon,9.998333,78.43,Original,266.0,490,7.9,0.38,4.0,18,27.945,39.0,5.0,64,7,1.074351,143.8859,160,1.341583,0.0,33.77874,52.57,Good,1.34,-0.8,36.31,S1 (Low),C2 (Medium),C2-S1,Safe (<1.25),Good to Permissible,Excellent,Safe (<1.0 mg/L),Natural Background (<10 mg/L),Within Drinking Norms,Safe Drinking Water
21024D,Madurai,Melur,Thiruvadur,2017-07-03,2017,7,Pre-Monsoon,9.956944,78.319444,Original,760.0,1260,8.0,0.05,22.0,34,32.805,184.0,18.0,177,80,0.0,274.5,220,5.398311,0.1031892,62.23528,98.37,Good,5.4,0.1,65.8,S1 (Low),C3 (High),C3-S1,Safe (<1.25),Doubtful to Unsuitable,Marginal / Moderate,Safe (<1.0 mg/L),Acceptable (10-45 mg/L),Within Drinking Norms,Permissible / Marginal
21066,Madurai,Melur,Attukulam,2017-07-03,2017,7,Pre-Monsoon,10.0025,78.356667,Village-Centroid,784.0,1340,8.0,0.32,15.0,76,48.6,129.0,7.0,252,120,0.0,170.8,390,2.842797,0.0,41.31281,106.66,Poor,2.84,-4.99,42.62,S1 (Low),C3 (High),C3-S1,Safe (<1.25),Permissible to Doubtful,Good / Permissible,Safe (<1.0 mg/L),Acceptable (10-45 mg/L),Within Drinking Norms,Permissible / Marginal
501013,Madurai,Melur,Veppaodappu,2017-07-03,2017,7,Pre-Monsoon,9.917222,78.303889,Original,537.0,980,8.0,0.87,10.0,60,35.235,87.0,5.0,160,12,0.0,268.4,295,2.204472,0.0,38.592,88.96,Good,2.2,-1.5,39.88,S1 (Low),C3 (High),C3-S1,Safe (<1.25),Permissible to Doubtful,Good / Permissible,Safe (<1.0 mg/L),Acceptable (10-45 mg/L),Within Drinking Norms,Permissible / Marginal
501016,Madurai,Melur,Navinipatti,2017-07-03,2017,7,Pre-Monsoon,10.043889,78.362778,Original,647.0,1140,8.0,0.05,19.0,62,63.18,69.0,9.0,213,62,0.0,170.8,415,1.473913,0.0,26.04289,96.52,Good,1.47,-5.49,28.03,S1 (Low),C3 (High),C3-S1,Safe (<1.25),Permissible to Doubtful,Good / Permissible,Safe (<1.0 mg/L),Acceptable (10-45 mg/L),Within Drinking Norms,Permissible / Marginal
501017,Madurai,Melur,Keelaiyur,2017-07-03,2017,7,Pre-Monsoon,10.047222,78.377778,Well-History,726.0,1230,8.1,0.15,25.0,68,55.89,97.0,9.0,223,75,0.0,170.8,400,2.110607,0.0,33.91129,104.26,Poor,2.11,-5.19,35.75,S1 (Low),C3 (High),C3-S1,Safe (<1.25),Permissible to Doubtful,Good / Permissible,Safe (<1.0 mg/L),Acceptable (10-45 mg/L),Within Drinking Norms,Permissible / Marginal
501019,Madurai,Melur,Kasampatti,2017-07-04,2017,7,Pre-Monsoon,10.1525,78.299722,Well-History,760.0,1290,8.0,0.14,33.0,102,53.46,78.0,9.0,241,44,0.0,170.8,475,1.557595,0.0,25.87477,108.44,Poor,1.56,-6.69,27.62,S1 (Low),C3 (High),C3-S1,Safe (<1.25),Permissible to Doubtful,Good / Permissible,Safe (<1.0 mg/L),Acceptable (10-45 mg/L),Within Drinking Norms,Permissible / Marginal
501020,Madurai,Melur,Sennagarampatti,2017-07-04,2017,7,Pre-Monsoon,10.080556,78.320278,Well-History,309.0,520,7.9,0.21,13.0,34,21.87,39.0,4.0,53,38,0.7408406,99.21944,175,1.28302,0.0,32.03715,54.26,Good,1.28,-1.85,33.96,S1 (Low),C2 (Medium),C2-S1,Safe (<1.25),Good to Permissible,Excellent,Safe (<1.0 mg/L),Acceptable (10-45 mg/L),Within Drinking Norms,Safe Drinking Water
83095,Madurai,Melur,Pulipatti,2017-07-03,2017,7,Pre-Monsoon,10.084444,78.288889,Original,3842.0,6650,8.2,0.71,6.0,200,126.36,1104.0,9.0,2198,127,0.0,103.7,1020,15.04383,0.0,69.9709,366.69,Unsuitable,15.04,-18.68,70.3,S2 (Medium),C4 (Very High),C4-S2,Safe (<1.25),Unsuitable,Unsuitable,Safe (<1.0 mg/L),Natural Background (<10 mg/L),Within Drinking Norms,Unsafe for Drinking
83096,Madurai,Melur,Thumbalapatti,2017-07-04,2017,7,Pre-Monsoon,10.085278,78.359722,Well-History,775.0,1370,8.2,0.16,10.0,90,34.02,145.0,21.0,234,11,0.0,390.4,365,3.303372,0.0,44.62031,111.59,Poor,3.3,-0.89,48.41,S1 (Low),C3 (High),C3-S1,Safe (<1.25),Permissible to Doubtful,Good / Permissible,Safe (<1.0 mg/L),Acceptable (10-45 mg/L),Within Drinking Norms,Permissible / Marginal
21071,Madurai,Melur,Pottapatty,2017-07-04,2017,7,Pre-Monsoon,10.281944,78.370556,Village-Centroid,561.0,1040,8.0,0.99,6.0,48,53.46,87.0,7.0,110,35,0.0,384.3,340,2.053142,0.0,35.17693,97.63,Good,2.05,-0.5,36.83,S1 (Low),C3 (High),C3-S1,Safe (<1.25),Permissible to Doubtful,Good / Permissible,Safe (<1.0 mg/L),Natural Background (<10 mg/L),Within Drinking Norms,Permissible / Marginal
21001D,Madurai,Madurai South,Thiruparankundram,2018-01-02,2018,1,Post-Monsoon,9.877778,78.097222,Original,388.0,280,7.9,1.36,3.0,16,30.375,87.0,10.0,39,21,2.074883,277.8854,165,0.0,1.326095,51.57095,70.91,Good,2.95,1.32,55.04,S1 (Low),C2 (Medium),C2-S1,Marginal (1.25-2.5),Permissible to Doubtful,Marginal / Moderate,Permissible (1.0-1.5 mg/L),Natural Background (<10 mg/L),Within Drinking Norms,Permissible / Marginal
21002D,Madurai,Thirumangalam,Chokkanathapuram,2018-01-04,2018,1,Post-Monsoon,9.945556,77.975556,Original,864.0,185,8.0,0.4,16.0,104,65.61,115.0,5.0,347,42,0.0,225.7,530,0.0,0.0,31.82249,104.09,Poor,2.17,-6.89,32.63,S1 (Low),C1 (Low),C1-S1,Safe (<1.25),Good to Permissible,Excellent,Safe (<1.0 mg/L),Acceptable (10-45 mg/L),Within Drinking Norms,Permissible / Marginal
21004D,Madurai,Thirumangalam,Chinna Ulagani,2018-01-02,2018,1,Post-Monsoon,9.773611,78.052222,Original,2073.0,240,8.1,0.89,76.0,200,82.62,405.0,9.0,794,96,0.0,292.8,840,0.0,0.0,50.87604,199.49,Poor,6.08,-11.98,51.53,S1 (Low),C1 (Low),C1-S1,Safe (<1.25),Permissible to Doubtful,Good / Permissible,Safe (<1.0 mg/L),Anthropogenic High (45-100 mg/L),Urban Domestic / Septic Leaching,Unsafe for Drinking
21005D,Madurai,Madurai South,Eliyarpatti,2018-01-04,2018,1,Post-Monsoon,9.794444,78.090278,Original,700.0,310,8.0,0.74,22.0,76,35.235,129.0,6.0,131,35,0.0,378.2,335,0.0,0.0,45.045,93.46,Good,3.07,-0.49,46.27,S1 (Low),C2 (Medium),C2-S1,Safe (<1.25),Permissible to Doubtful,Good / Permissible,Safe (<1.0 mg/L),Acceptable (10-45 mg/L),Within Drinking Norms,Permissible / Marginal
21006D,Madurai,Peraiyur,Elumalai RF,2018-01-05,2018,1,Post-Monsoon,9.861111,77.7,Original,307.0,185,8.1,1.04,4.0,30,34.02,32.0,7.0,50,25,2.162932,182.7741,215,0.0,0.0,23.72242,66.2,Good,0.95,-1.23,26.76,S1 (Low),C1 (Low),C1-S1,Safe (<1.25),Good to Permissible,Excellent,Permissible (1.0-1.5 mg/L),Natural Background (<10 mg/L),Within Drinking Norms,Permissible / Marginal
21007D,Madurai,Thirumangalam,Kallikudi,2018-01-02,2018,1,Post-Monsoon,9.693889,77.971111,Original,1353.0,95,8.2,0.72,5.0,172,111.78,156.0,9.0,709,115,0.0,115.9,890,0.0,0.0,27.364,153.9,Poor,2.27,-15.88,28.28,S1 (Low),C1 (Low),C1-S1,Safe (<1.25),Good to Permissible,Excellent,Safe (<1.0 mg/L),Natural Background (<10 mg/L),Within Drinking Norms,Unsafe for Drinking
21008D,Madurai,Madurai South,Melamathur,2018-01-04,2018,1,Post-Monsoon,9.968056,78.007778,Original,851.0,265,8.2,1.07,16.0,56,60.75,159.0,20.0,241,83,0.0,323.3,390,0.0,0.0,45.43705,116.2,Poor,3.5,-2.5,48.78,S1 (Low),C2 (Medium),C2-S1,Safe (<1.25),Permissible to Doubtful,Good / Permissible,Permissible (1.0-1.5 mg/L),Acceptable (10-45 mg/L),Within Drinking Norms,Permissible / Marginal
21010D,Madurai,Madurai North,Karupayoorani,2018-01-09,2018,1,Post-Monsoon,9.931944,78.177778,Original,977.0,340,8.2,1.15,13.0,52,26.73,244.0,49.0,269,70,0.0,414.8,240,0.0,2.004491,63.70104,126.0,Poor,6.85,2.0,71.21,S1 (Low),C2 (Medium),C2-S1,Marginal (1.25-2.5),Doubtful to Unsuitable,Marginal / Moderate,Permissible (1.0-1.5 mg/L),Acceptable (10-45 mg/L),Within Drinking Norms,Permissible / Marginal
21012D,Madurai,Thirumangalam,Kurayur,2018-01-02,2018,1,Post-Monsoon,9.694444,78.025,Original,2009.0,370,8.2,0.05,55.0,112,87.48,501.0,5.0,638,194,0.0,451.4,640,0.0,0.0,62.78736,181.95,Poor,8.61,-5.39,63.14,S1 (Low),C2 (Medium),C2-S1,Safe (<1.25),Doubtful to Unsuitable,Marginal / Moderate,Safe (<1.0 mg/L),Anthropogenic High (45-100 mg/L),Urban Domestic / Septic Leaching,Unsafe for Drinking
21013D,Madurai,Vadipatti,Manianji,2018-01-09,2018,1,Post-Monsoon,10.004167,78.1025,Original,524.0,330,7.9,0.77,3.0,36,38.88,110.0,4.0,82,36,0.0,402.6,250,0.0,1.603206,48.41392,77.01,Good,3.03,1.6,49.44,S1 (Low),C2 (Medium),C2-S1,Marginal (1.25-2.5),Permissible to Doubtful,Marginal / Moderate,Safe (<1.0 mg/L),Natural Background (<10 mg/L),Within Drinking Norms,Permissible / Marginal
21015D,Madurai,Peraiyur,Peraiyur,2018-01-04,2018,1,Post-Monsoon,9.74,77.793333,Original,727.0,240,8.0,0.97,21.0,56,54.675,124.0,3.0,188,62,0.0,292.8,365,0.0,0.0,42.25647,97.34,Good,2.82,-2.5,42.84,S1 (Low),C1 (Low),C1-S1,Safe (<1.25),Permissible to Doubtful,Good / Permissible,Safe (<1.0 mg/L),Acceptable (10-45 mg/L),Within Drinking Norms,Permissible / Marginal
21016D,Madurai,Peraiyur,Subbulapuram,2018-01-03,2018,1,Post-Monsoon,9.675556,77.809444,Original,379.0,210,8.0,0.52,11.0,60,40.095,10.0,9.0,35,47,1.955152,207.9948,315,0.0,0.0,6.250729,69.55,Good,0.25,-2.82,9.56,S1 (Low),C1 (Low),C1-S1,Safe (<1.25),Excellent to Good,Excellent,Safe (<1.0 mg/L),Acceptable (10-45 mg/L),Within Drinking Norms,Permissible / Marginal
21017D,Madurai,Thirumangalam,Thangalacheri,2018-01-03,2018,1,Post-Monsoon,9.836111,77.868889,Original,1507.0,380,8.0,0.54,54.0,120,51.03,334.0,20.0,355,156,0.0,463.6,510,0.0,0.0,57.58874,154.38,Poor,6.43,-2.59,59.61,S1 (Low),C2 (Medium),C2-S1,Safe (<1.25),Permissible to Doubtful,Good / Permissible,Safe (<1.0 mg/L),Anthropogenic High (45-100 mg/L),Agricultural Fertilizer Runoff,Unsafe for Drinking
21018D,Madurai,Thirumangalam,Peikulam,2018-01-02,2018,1,Post-Monsoon,9.645833,77.991111,Original,682.0,380,8.0,0.34,9.0,70,24.3,99.0,84.0,89,42,0.0,463.6,275,0.0,2.106052,36.04275,111.67,Poor,2.6,2.1,54.02,S1 (Low),C2 (Medium),C2-S1,Marginal (1.25-2.5),Good to Permissible,Marginal / Moderate,Safe (<1.0 mg/L),Natural Background (<10 mg/L),Within Drinking Norms,Permissible / Marginal
21026D,Madurai,Vadipatti,Senthamangalam,2018-01-09,2018,1,Post-Monsoon,10.138333,78.141111,Original,363.0,240,8.0,1.2,7.0,52,43.74,15.0,8.0,43,25,2.234525,237.7155,310,0.0,0.0,9.252954,75.86,Good,0.37,-2.22,12.15,S1 (Low),C1 (Low),C1-S1,Safe (<1.25),Excellent to Good,Excellent,Permissible (1.0-1.5 mg/L),Natural Background (<10 mg/L),Within Drinking Norms,Permissible / Marginal
21027D,Madurai,Vadipatti,Thiruvedagam,2018-01-10,2018,1,Post-Monsoon,10.019444,77.972222,Original,663.0,390,8.0,0.5,2.0,32,77.76,97.0,25.0,149,35,0.0,475.8,400,0.0,0.0,32.82368,100.95,Poor,2.11,-0.2,37.79,S1 (Low),C2 (Medium),C2-S1,Safe (<1.25),Good to Permissible,Excellent,Safe (<1.0 mg/L),Natural Background (<10 mg/L),Within Drinking Norms,Permissible / Marginal
21028D,Madurai,Usilampatti,Veppanuthu,2018-01-05,2018,1,Post-Monsoon,9.897222,77.841667,Original,889.0,315,8.0,1.43,25.0,44,75.33,168.0,11.0,234,53,0.0,384.3,420,0.0,0.0,45.71962,119.87,Poor,3.57,-2.1,47.47,S1 (Low),C2 (Medium),C2-S1,Safe (<1.25),Permissible to Doubtful,Good / Permissible,Permissible (1.0-1.5 mg/L),Acceptable (10-45 mg/L),Within Drinking Norms,Permissible / Marginal
21031D,Madurai,Usilampatti,Uthappanaickanur,2018-01-04,2018,1,Post-Monsoon,10.035556,77.791111,Original,1168.0,350,8.2,0.14,24.0,68,104.49,168.0,53.0,284,171,0.0,427.0,600,0.0,0.0,35.37939,150.5,Poor,2.98,-5.0,41.93,S1 (Low),C2 (Medium),C2-S1,Safe (<1.25),Good to Permissible,Excellent,Safe (<1.0 mg/L),Acceptable (10-45 mg/L),Within Drinking Norms,Permissible / Marginal
21032D,Madurai,Usilampatti,Doddappanaickanur,2018-01-04,2018,1,Post-Monsoon,9.971111,77.736111,Original,126.0,75,7.8,0.36,3.0,22,8.505,10.0,2.0,14,12,0.4420164,74.52644,90,0.0,0.0,19.04531,32.23,Excellent,0.46,-0.56,21.28,S1 (Low),C1 (Low),C1-S1,Safe (<1.25),Excellent to Good,Excellent,Safe (<1.0 mg/L),Natural Background (<10 mg/L),Within Drinking Norms,Safe Drinking Water
21033D,Madurai,Usilampatti,Usilampatti,2018-01-04,2018,1,Post-Monsoon,9.959722,77.791667,Original,1299.0,370,8.2,1.08,33.0,24,119.07,276.0,6.0,383,120,0.0,451.4,550,0.0,0.0,51.84879,151.43,Poor,5.12,-3.6,52.5,S1 (Low),C2 (Medium),C2-S1,Safe (<1.25),Permissible to Doubtful,Good / Permissible,Permissible (1.0-1.5 mg/L),Acceptable (10-45 mg/L),Within Drinking Norms,Permissible / Marginal
21035D,Madurai,Madurai North,Madurai North,2018-01-03,2018,1,Post-Monsoon,9.843056,78.141667,Original,978.0,450,8.0,1.06,14.0,16,46.17,294.0,9.0,206,71,0.0,549.0,230,0.0,4.401119,72.59399,112.32,Poor,8.43,4.4,73.89,S1 (Low),C2 (Medium),C2-S1,Unsuitable (>2.5),Doubtful to Unsuitable,Unsuitable,Permissible (1.0-1.5 mg/L),Acceptable (10-45 mg/L),Within Drinking Norms,Permissible / Marginal
21036D,Madurai,Madurai North,Koolapandi,2018-01-09,2018,1,Post-Monsoon,10.008333,78.147222,Original,464.0,300,8.0,1.45,4.0,44,57.105,48.0,5.0,74,36,2.793273,297.1567,345,0.0,0.0,22.917,86.45,Good,1.12,-1.93,24.31,S1 (Low),C2 (Medium),C2-S1,Safe (<1.25),Good to Permissible,Excellent,Permissible (1.0-1.5 mg/L),Natural Background (<10 mg/L),Within Drinking Norms,Permissible / Marginal
21037D,Madurai,Thirumangalam,Kandai,2018-01-03,2018,1,Post-Monsoon,9.877778,77.913333,Original,124.0,60,7.8,0.25,5.0,18,10.935,10.0,1.0,18,6,0.3535759,59.61488,90,0.0,0.0,19.25812,30.47,Excellent,0.46,-0.81,20.38,S1 (Low),C1 (Low),C1-S1,Safe (<1.25),Excellent to Good,Excellent,Safe (<1.0 mg/L),Natural Background (<10 mg/L),Within Drinking Norms,Safe Drinking Water
21041,Madurai,Peraiyur,Sedapatti,2018-01-04,2018,1,Post-Monsoon,9.826389,77.8,Original,113.0,80,7.8,0.3,1.0,16,9.72,10.0,3.0,11,10,0.4714966,79.49696,80,0.0,0.0,20.61472,30.67,Excellent,0.49,-0.28,24.24,S1 (Low),C1 (Low),C1-S1,Safe (<1.25),Good to Permissible,Excellent,Safe (<1.0 mg/L),Natural Background (<10 mg/L),Within Drinking Norms,Safe Drinking Water
21043,Madurai,Usilampatti,Pullaneri,2018-01-04,2018,1,Post-Monsoon,9.9325,77.946667,Original,1051.0,220,8.2,0.29,10.0,68,85.05,184.0,14.0,404,119,0.0,268.4,520,0.0,0.0,42.6771,121.66,Poor,3.51,-5.99,44.57,S1 (Low),C1 (Low),C1-S1,Safe (<1.25),Permissible to Doubtful,Good / Permissible,Safe (<1.0 mg/L),Acceptable (10-45 mg/L),Within Drinking Norms,Permissible / Marginal
21044,Madurai,Usilampatti,Sangampatti,2018-01-04,2018,1,Post-Monsoon,9.948333,77.898333,Original,1345.0,370,8.2,0.63,20.0,48,104.49,271.0,45.0,440,119,0.0,451.4,550,0.0,0.0,49.25459,159.26,Poor,5.03,-3.6,54.05,S1 (Low),C2 (Medium),C2-S1,Safe (<1.25),Permissible to Doubtful,Good / Permissible,Safe (<1.0 mg/L),Acceptable (10-45 mg/L),Within Drinking Norms,Permissible / Marginal
21046,Madurai,Peraiyur,Perungamanallur,2018-01-04,2018,1,Post-Monsoon,9.7912,77.7731,Gazetteer,440.0,220,7.8,1.51,3.0,26,26.73,104.0,4.0,92,39,1.296941,218.6715,175,0.0,0.1304581,55.68966,70.57,Good,3.42,0.13,56.94,S1 (Low),C1 (Low),C1-S1,Safe (<1.25),Permissible to Doubtful,Good / Permissible,Dental Fluorosis Risk (1.5-2.0 mg/L),Natural Background (<10 mg/L),Within Drinking Norms,Unsafe for Drinking
21048,Madurai,Peraiyur,Pappanaickenpatti,2018-01-05,2018,1,Post-Monsoon,9.820278,77.711111,Original,1610.0,620,8.2,0.33,11.0,104,46.17,322.0,186.0,482,45,0.0,756.4,450,0.0,3.409018,50.46773,213.99,Very Poor,6.6,3.41,67.6,S1 (Low),C2 (Medium),C2-S1,Unsuitable (>2.5),Permissible to Doubtful,Unsuitable,Safe (<1.0 mg/L),Acceptable (10-45 mg/L),Within Drinking Norms,Permissible / Marginal
21050,Madurai,Peraiyur,Mathippanur,2018-01-05,2018,1,Post-Monsoon,9.795556,77.8375,Original,674.0,330,7.9,0.79,6.0,16,44.955,170.0,5.0,135,72,0.0,402.6,225,0.0,2.101413,61.51804,85.57,Good,4.93,2.1,62.57,S1 (Low),C2 (Medium),C2-S1,Marginal (1.25-2.5),Doubtful to Unsuitable,Marginal / Moderate,Safe (<1.0 mg/L),Natural Background (<10 mg/L),Within Drinking Norms,Permissible / Marginal
21052,Madurai,Peraiyur,Muthunayakkapuram,2018-01-04,2018,1,Post-Monsoon,9.771389,77.812222,Original,336.0,220,8.0,1.1,2.0,18,29.16,69.0,4.0,53,18,2.048276,217.9017,165,0.0,0.3421673,46.88527,63.4,Good,2.34,0.34,48.47,S1 (Low),C1 (Low),C1-S1,Safe (<1.25),Permissible to Doubtful,Good / Permissible,Permissible (1.0-1.5 mg/L),Natural Background (<10 mg/L),Within Drinking Norms,Permissible / Marginal
21056,Madurai,Usilampatti,Meikilarpatti,2018-01-04,2018,1,Post-Monsoon,9.980556,77.802778,Original,1219.0,350,8.2,0.05,59.0,76,75.33,143.0,131.0,248,71,0.0,427.0,500,0.0,0.0,31.79679,174.74,Poor,2.78,-2.99,48.91,S1 (Low),C2 (Medium),C2-S1,Safe (<1.25),Good to Permissible,Excellent,Safe (<1.0 mg/L),Anthropogenic High (45-100 mg/L),Agricultural Fertilizer Runoff,Unsafe for Drinking
21059,Madurai,Vadipatti,Kadupatti,2018-01-10,2018,1,Post-Monsoon,10.022222,77.92,Original,248.0,140,7.9,0.77,1.0,20,30.375,28.0,5.0,57,17,1.037295,138.923,175,0.0,0.0,25.14619,52.35,Good,0.92,-1.19,27.78,S1 (Low),C1 (Low),C1-S1,Safe (<1.25),Good to Permissible,Excellent,Safe (<1.0 mg/L),Natural Background (<10 mg/L),Within Drinking Norms,Safe Drinking Water
21061,Madurai,Vadipatti,Thathampatti,2018-01-10,2018,1,Post-Monsoon,10.022222,78.015556,Well-History,414.0,255,7.8,0.54,3.0,62,20.655,67.0,3.0,67,25,1.503302,253.4651,240,0.0,0.0,37.43605,61.09,Good,1.88,-0.59,38.41,S1 (Low),C2 (Medium),C2-S1,Safe (<1.25),Good to Permissible,Excellent,Safe (<1.0 mg/L),Natural Background (<10 mg/L),Within Drinking Norms,Permissible / Marginal
21062,Madurai,Vadipatti,Periailandakulam,2018-01-10,2018,1,Post-Monsoon,10.068333,78.051389,Original,295.0,240,8.1,0.93,2.0,20,57.105,10.0,4.0,28,20,2.806185,237.1309,285,0.0,0.0,6.977002,68.86,Good,0.26,-1.72,8.61,S1 (Low),C1 (Low),C1-S1,Safe (<1.25),Excellent to Good,Excellent,Safe (<1.0 mg/L),Natural Background (<10 mg/L),Within Drinking Norms,Permissible / Marginal
21063,Madurai,Madurai North,Erukkalanatham,2018-01-09,2018,1,Post-Monsoon,9.957,78.083,Gazetteer,355.0,205,7.9,0.89,2.0,24,40.095,51.0,10.0,78,17,1.519032,203.4413,225,0.0,0.0,31.82206,65.36,Good,1.48,-1.11,35.48,S1 (Low),C1 (Low),C1-S1,Safe (<1.25),Good to Permissible,Excellent,Safe (<1.0 mg/L),Natural Background (<10 mg/L),Within Drinking Norms,Permissible / Marginal
21065,Madurai,Madurai North,Mangulam,2018-01-09,2018,1,Post-Monsoon,10.035833,78.25,Original,369.0,175,8.0,1.52,2.0,44,15.795,69.0,7.0,92,25,1.629215,173.3208,175,0.0,0.0,44.95752,69.41,Good,2.27,-0.6,47.63,S1 (Low),C1 (Low),C1-S1,Safe (<1.25),Permissible to Doubtful,Good / Permissible,Dental Fluorosis Risk (1.5-2.0 mg/L),Natural Background (<10 mg/L),Within Drinking Norms,Unsafe for Drinking
21068,Madurai,Vadipatti,Alanganallur,2018-01-09,2018,1,Post-Monsoon,10.048333,78.083889,Original,713.0,205,7.8,0.53,17.0,82,63.18,83.0,13.0,238,35,0.0,250.1,465,0.0,0.0,27.28057,94.62,Good,1.67,-5.19,29.78,S1 (Low),C1 (Low),C1-S1,Safe (<1.25),Good to Permissible,Excellent,Safe (<1.0 mg/L),Acceptable (10-45 mg/L),Within Drinking Norms,Permissible / Marginal
21069,Madurai,Vadipatti,Maduvarpatti,2018-01-09,2018,1,Post-Monsoon,10.080278,78.124722,Original,2574.0,670,8.0,0.09,95.0,168,354.78,212.0,18.0,851,139,0.0,817.4,1880,0.0,0.0,19.51226,297.5,Very Poor,2.13,-24.19,20.48,S1 (Low),C2 (Medium),C2-S1,Safe (<1.25),Good to Permissible,Excellent,Safe (<1.0 mg/L),Anthropogenic High (45-100 mg/L),Urban Domestic / Septic Leaching,Unsafe for Drinking
21074,Madurai,Madurai North,Chettikulam,2018-01-09,2018,1,Post-Monsoon,9.995,78.146944,Original,1051.0,500,8.2,0.92,22.0,52,99.63,198.0,7.0,241,49,0.0,610.0,540,0.0,0.0,43.97521,136.57,Poor,3.71,-0.8,44.88,S1 (Low),C2 (Medium),C2-S1,Safe (<1.25),Permissible to Doubtful,Good / Permissible,Safe (<1.0 mg/L),Acceptable (10-45 mg/L),Within Drinking Norms,Permissible / Marginal
21076,Madurai,Madurai North,Vayalur,2018-01-10,2018,1,Post-Monsoon,10.018333,78.053889,Original,1005.0,145,8.2,0.8,5.0,108,70.47,156.0,10.0,489,58,6.0,164.7,560,5.0,0.0,37.22236,120.04,Poor,2.87,-8.29,38.61,S1 (Low),C1 (Low),C1-S1,Safe (<1.25),Good to Permissible,Excellent,Safe (<1.0 mg/L),Natural Background (<10 mg/L),Within Drinking Norms,Permissible / Marginal
21077,Madurai,Madurai North,Elangiyendal,2018-01-09,2018,1,Post-Monsoon,9.976,78.163,Gazetteer,1000.0,380,8.2,1.08,37.0,120,89.91,99.0,8.0,241,46,0.0,463.6,670,0.0,0.0,24.06003,139.36,Poor,1.66,-5.79,25.19,S1 (Low),C2 (Medium),C2-S1,Safe (<1.25),Good to Permissible,Excellent,Permissible (1.0-1.5 mg/L),Acceptable (10-45 mg/L),Within Drinking Norms,Unsafe for Drinking
21078,Madurai,Madurai North,Kalikappan,2018-01-09,2018,1,Post-Monsoon,9.939444,78.193611,Original,469.0,185,7.9,0.95,11.0,36,31.59,83.0,12.0,110,35,1.370805,183.5895,220,0.0,0.0,43.42813,72.75,Good,2.43,-1.34,47.11,S1 (Low),C1 (Low),C1-S1,Safe (<1.25),Permissible to Doubtful,Good / Permissible,Safe (<1.0 mg/L),Acceptable (10-45 mg/L),Within Drinking Norms,Permissible / Marginal
21079,Madurai,Madurai North,Rajakkur,2018-01-09,2018,1,Post-Monsoon,9.928611,78.238333,Original,476.0,275,7.9,0.76,3.0,12,20.655,147.0,2.0,92,22,2.037827,272.9225,115,0.0,2.242967,73.12766,63.16,Good,5.96,2.24,73.7,S1 (Low),C2 (Medium),C2-S1,Marginal (1.25-2.5),Doubtful to Unsuitable,Marginal / Moderate,Safe (<1.0 mg/L),Natural Background (<10 mg/L),Within Drinking Norms,Safe Drinking Water
21080,Madurai,Madurai North,Kalimangalam,2018-01-09,2018,1,Post-Monsoon,9.878333,78.238889,Original,2623.0,910,8.8,1.84,4.0,44,51.03,920.0,9.0,851,173,18.0,1073.6,320,15.0,11.80273,85.79601,237.06,Very Poor,22.37,11.8,86.28,S2 (Medium),C3 (High),C3-S2,Unsuitable (>2.5),Unsuitable,Unsuitable,Dental Fluorosis Risk (1.5-2.0 mg/L),Natural Background (<10 mg/L),Within Drinking Norms,Unsafe for Drinking
21081,Madurai,Madurai North,Elamanur,2018-01-09,2018,1,Post-Monsoon,9.900556,78.210833,Original,1146.0,235,8.1,0.63,13.0,60,80.19,230.0,34.0,468,71,0.0,286.7,480,0.0,0.0,48.88083,133.18,Poor,4.57,-4.9,53.12,S1 (Low),C1 (Low),C1-S1,Safe (<1.25),Permissible to Doubtful,Good / Permissible,Safe (<1.0 mg/L),Acceptable (10-45 mg/L),Within Drinking Norms,Permissible / Marginal
21082,Madurai,Madurai South,Nallur,2018-01-02,2018,1,Post-Monsoon,9.788333,78.133333,Original,440.0,260,8.0,0.45,5.0,70,35.235,46.0,4.0,92,13,2.420775,257.5292,320,0.0,0.0,23.55105,69.99,Good,1.12,-2.09,24.75,S1 (Low),C2 (Medium),C2-S1,Safe (<1.25),Good to Permissible,Excellent,Safe (<1.0 mg/L),Natural Background (<10 mg/L),Within Drinking Norms,Permissible / Marginal
21083,Madurai,Madurai South,Nilaiyur,2018-01-03,2018,1,Post-Monsoon,9.855556,78.059167,Original,1186.0,195,8.0,0.85,33.0,88,102.06,179.0,9.0,454,81,0.0,237.9,640,0.0,0.0,37.42188,137.21,Poor,3.08,-8.89,38.52,S1 (Low),C1 (Low),C1-S1,Safe (<1.25),Good to Permissible,Excellent,Safe (<1.0 mg/L),Acceptable (10-45 mg/L),Within Drinking Norms,Unsafe for Drinking
21084,Madurai,Madurai South,Sakkilipatti,2018-01-03,2018,1,Post-Monsoon,9.901389,78.011111,Original,766.0,250,8.1,0.97,20.0,82,55.89,115.0,5.0,223,45,0.0,305.0,435,0.0,0.0,36.19189,104.86,Poor,2.4,-3.69,37.11,S1 (Low),C2 (Medium),C2-S1,Safe (<1.25),Good to Permissible,Excellent,Safe (<1.0 mg/L),Acceptable (10-45 mg/L),Within Drinking Norms,Permissible / Marginal
501001,Madurai,Madurai North,Oomatchikulam,2018-01-09,2018,1,Post-Monsoon,10.005,78.148056,Original,3208.0,230,8.2,1.4,49.0,312,267.3,478.0,10.0,1744,38,0.0,280.6,1880,0.0,0.0,35.47277,319.26,Unsuitable,4.8,-32.97,35.9,S1 (Low),C1 (Low),C1-S1,Safe (<1.25),Good to Permissible,Excellent,Permissible (1.0-1.5 mg/L),Anthropogenic High (45-100 mg/L),Urban Domestic / Septic Leaching,Unsafe for Drinking
501004,Madurai,Madurai North,Sakkudi,2018-01-09,2018,1,Post-Monsoon,9.864167,78.223611,Original,1271.0,535,8.2,0.78,16.0,60,53.46,327.0,37.0,355,38,0.0,652.7,370,0.0,3.305192,63.03871,145.94,Poor,7.39,3.3,67.22,S1 (Low),C2 (Medium),C2-S1,Unsuitable (>2.5),Doubtful to Unsuitable,Unsuitable,Safe (<1.0 mg/L),Acceptable (10-45 mg/L),Within Drinking Norms,Permissible / Marginal
501005,Madurai,Madurai North,Chithakur,2018-01-09,2018,1,Post-Monsoon,9.948333,78.243611,Original,873.0,395,8.0,1.48,13.0,108,58.32,129.0,5.0,206,70,0.0,481.9,510,0.0,0.0,35.22879,121.48,Poor,2.48,-2.29,36.02,S1 (Low),C2 (Medium),C2-S1,Safe (<1.25),Good to Permissible,Excellent,Permissible (1.0-1.5 mg/L),Acceptable (10-45 mg/L),Within Drinking Norms,Permissible / Marginal
501007,Madurai,Madurai North,Velliankundram,2018-01-09,2018,1,Post-Monsoon,10.020556,78.178333,Original,567.0,270,8.2,0.74,7.0,44,58.32,83.0,5.0,128,53,0.0,329.4,350,0.0,0.0,33.63729,89.39,Good,1.93,-1.6,34.82,S1 (Low),C2 (Medium),C2-S1,Safe (<1.25),Good to Permissible,Excellent,Safe (<1.0 mg/L),Natural Background (<10 mg/L),Within Drinking Norms,Permissible / Marginal
501009,Madurai,Thirumangalam,Maravankulam,2018-01-03,2018,1,Post-Monsoon,9.831389,78.003056,Well-History,345.0,200,8.1,0.61,8.0,52,19.44,46.0,4.0,46,21,2.338365,197.5987,210,0.0,0.0,31.77054,61.88,Good,1.38,-0.88,33.39,S1 (Low),C1 (Low),C1-S1,Safe (<1.25),Good to Permissible,Excellent,Safe (<1.0 mg/L),Natural Background (<10 mg/L),Within Drinking Norms,Permissible / Marginal
501011,Madurai,Madurai South,Melakuyilkudi,2018-01-04,2018,1,Post-Monsoon,9.9225,78.036111,Well-History,824.0,300,8.0,1.6,8.0,40,43.74,205.0,5.0,230,80,0.0,366.0,280,0.0,0.4037465,60.90701,105.96,Poor,5.33,0.4,61.77,S1 (Low),C2 (Medium),C2-S1,Safe (<1.25),Doubtful to Unsuitable,Marginal / Moderate,Dental Fluorosis Risk (1.5-2.0 mg/L),Natural Background (<10 mg/L),Within Drinking Norms,Unsafe for Drinking
501012,Madurai,Madurai South,Vilacherry,2018-01-03,2018,1,Post-Monsoon,9.9,78.059444,Original,534.0,230,8.1,1.32,4.0,48,47.385,81.0,5.0,135,61,0.0,280.6,315,0.0,0.0,35.42491,88.7,Good,1.99,-1.7,36.7,S1 (Low),C1 (Low),C1-S1,Safe (<1.25),Good to Permissible,Excellent,Permissible (1.0-1.5 mg/L),Natural Background (<10 mg/L),Within Drinking Norms,Permissible / Marginal
501023,Madurai,Peraiyur,Mangalrev,2018-01-04,2018,1,Post-Monsoon,9.786111,77.797222,Original,509.0,275,8.0,1.18,8.0,42,29.16,106.0,2.0,78,47,0.0,335.5,225,0.0,1.003755,50.34979,79.35,Good,3.07,1.0,50.9,S1 (Low),C2 (Medium),C2-S1,Safe (<1.25),Permissible to Doubtful,Good / Permissible,Permissible (1.0-1.5 mg/L),Natural Background (<10 mg/L),Within Drinking Norms,Permissible / Marginal
501028,Madurai,Peraiyur,Athanur,2018-01-03,2018,1,Post-Monsoon,9.725,77.895556,Original,891.0,440,7.9,0.5,3.0,24,60.75,235.0,12.0,227,48,0.0,536.8,310,0.0,2.60215,61.11567,103.2,Poor,5.8,2.6,62.94,S1 (Low),C2 (Medium),C2-S1,Unsuitable (>2.5),Doubtful to Unsuitable,Unsuitable,Safe (<1.0 mg/L),Natural Background (<10 mg/L),Within Drinking Norms,Permissible / Marginal
501030,Madurai,Peraiyur,Mothagam,2018-01-03,2018,1,Post-Monsoon,9.679167,77.808889,Original,1766.0,490,8.2,0.05,39.0,36,97.2,414.0,78.0,447,221,0.0,597.8,490,0.0,0.00377424,60.43375,190.2,Poor,8.13,0.0,67.12,S1 (Low),C2 (Medium),C2-S1,Safe (<1.25),Doubtful to Unsuitable,Marginal / Moderate,Safe (<1.0 mg/L),Acceptable (10-45 mg/L),Within Drinking Norms,Permissible / Marginal
501032,Madurai,Peraiyur,Salichanthai,2018-01-04,2018,1,Post-Monsoon,9.728333,77.801944,Original,2632.0,130,8.2,0.52,5.0,152,202.905,552.0,7.0,1489,125,0.0,158.6,1215,0.0,0.0,49.53526,238.53,Very Poor,6.89,-21.69,49.89,S1 (Low),C1 (Low),C1-S1,Safe (<1.25),Permissible to Doubtful,Good / Permissible,Safe (<1.0 mg/L),Natural Background (<10 mg/L),Within Drinking Norms,Unsafe for Drinking
501033,Madurai,Madurai North,Samayanallur,2018-01-10,2018,1,Post-Monsoon,9.980833,78.042222,Original,1268.0,630,8.3,0.95,3.0,40,68.04,368.0,4.0,326,66,0.0,768.6,380,0.0,5.003292,67.52779,141.54,Poor,8.21,5.0,67.95,S1 (Low),C2 (Medium),C2-S1,Unsuitable (>2.5),Doubtful to Unsuitable,Unsuitable,Safe (<1.0 mg/L),Natural Background (<10 mg/L),Within Drinking Norms,Permissible / Marginal
501035,Madurai,Madurai South,Nedunkulam,2018-01-02,2018,1,Post-Monsoon,9.787222,78.178056,Original,870.0,425,8.1,1.35,13.0,44,48.6,219.0,7.0,199,35,0.0,518.5,310,0.0,2.30388,59.91171,113.2,Poor,5.41,2.3,61.03,S1 (Low),C2 (Medium),C2-S1,Marginal (1.25-2.5),Permissible to Doubtful,Marginal / Moderate,Permissible (1.0-1.5 mg/L),Acceptable (10-45 mg/L),Within Drinking Norms,Permissible / Marginal
501036,Madurai,Madurai South,Othai Alangulam,2018-01-02,2018,1,Post-Monsoon,9.809722,78.055,Original,3147.0,200,8.1,1.26,52.0,328,257.58,451.0,9.0,1716,34,0.0,244.0,1880,0.0,0.0,34.16943,311.27,Unsuitable,4.52,-33.57,34.56,S1 (Low),C1 (Low),C1-S1,Safe (<1.25),Good to Permissible,Excellent,Permissible (1.0-1.5 mg/L),Anthropogenic High (45-100 mg/L),Urban Domestic / Septic Leaching,Unsafe for Drinking
501037,Madurai,Thirumangalam,Mykudi,2018-01-04,2018,1,Post-Monsoon,9.787778,78.016667,Original,4545.0,310,8.5,0.74,10.0,200,279.45,1104.0,8.0,2340,382,12.0,353.8,1650,10.0,0.0,59.13792,379.09,Unsuitable,11.82,-26.78,59.38,S2 (Medium),C2 (Medium),C2-S2,Safe (<1.25),Permissible to Doubtful,Good / Permissible,Safe (<1.0 mg/L),Acceptable (10-45 mg/L),Within Drinking Norms,Unsafe for Drinking
501043,Madurai,Thirumangalam,Sivarakottai,2018-01-02,2018,1,Post-Monsoon,9.744722,77.98,Original,508.0,315,8.0,1.48,11.0,22,21.87,133.0,15.0,43,31,0.0,384.3,145,0.0,3.40163,63.80918,84.35,Good,4.8,3.4,68.03,S1 (Low),C2 (Medium),C2-S1,Unsuitable (>2.5),Doubtful to Unsuitable,Unsuitable,Permissible (1.0-1.5 mg/L),Acceptable (10-45 mg/L),Within Drinking Norms,Permissible / Marginal
501050,Madurai,Usilampatti,Thumbalapatti,2018-01-05,2018,1,Post-Monsoon,9.869444,77.776111,Original,108.0,55,8.0,0.31,3.0,18,7.29,9.0,3.0,18,8,0.5117198,54.43828,75,0.0,0.0,19.90859,33.4,Excellent,0.45,-0.59,23.8,S1 (Low),C1 (Low),C1-S1,Safe (<1.25),Excellent to Good,Excellent,Safe (<1.0 mg/L),Natural Background (<10 mg/L),Within Drinking Norms,Safe Drinking Water
501053,Madurai,Vadipatti,Alagapuri,2018-01-10,2018,1,Post-Monsoon,10.056389,78.069722,Original,416.0,330,7.8,1.06,3.0,26,44.955,71.0,4.0,39,16,1.945505,328.0229,250,0.0,0.4447967,37.72045,70.99,Good,1.95,0.44,38.96,S1 (Low),C2 (Medium),C2-S1,Safe (<1.25),Good to Permissible,Excellent,Permissible (1.0-1.5 mg/L),Natural Background (<10 mg/L),Within Drinking Norms,Permissible / Marginal
501060,Madurai,Vadipatti,Thiruvalavoinallur,2018-01-10,2018,1,Post-Monsoon,10.008056,78.008611,Well-History,346.0,195,8.2,0.73,2.0,40,35.235,37.0,5.0,74,25,2.8613,192.0594,245,0.0,0.0,24.26403,67.11,Good,1.03,-1.65,26.18,S1 (Low),C1 (Low),C1-S1,Safe (<1.25),Good to Permissible,Excellent,Safe (<1.0 mg/L),Natural Background (<10 mg/L),Within Drinking Norms,Permissible / Marginal
81001B,Madurai,Madurai North,Kochadai,2018-01-04,2018,1,Post-Monsoon,9.943333,78.0775,Original,621.0,310,8.0,0.93,2.0,28,38.88,150.0,4.0,145,56,0.0,378.2,230,0.0,1.6025,58.13302,84.34,Good,4.3,1.6,59.03,S1 (Low),C2 (Medium),C2-S1,Marginal (1.25-2.5),Permissible to Doubtful,Marginal / Moderate,Safe (<1.0 mg/L),Natural Background (<10 mg/L),Within Drinking Norms,Permissible / Marginal
83005,Madurai,Madurai South,Thiruparankundram,2018-01-02,2018,1,Post-Monsoon,9.879167,78.114444,Original,1574.0,520,8.5,1.35,2.0,68,60.75,460.0,7.0,503,151,12.0,610.0,420,10.0,2.006165,70.009,165.05,Poor,9.76,2.0,70.62,S2 (Medium),C2 (Medium),C2-S2,Marginal (1.25-2.5),Doubtful to Unsuitable,Marginal / Moderate,Permissible (1.0-1.5 mg/L),Natural Background (<10 mg/L),Within Drinking Norms,Permissible / Marginal
83006A,Madurai,Thirumangalam,Sathankudi,2018-01-03,2018,1,Post-Monsoon,9.7891,77.962,Gazetteer,1947.0,345,8.2,1.16,63.0,56,140.94,363.0,102.0,624,173,0.0,420.9,720,0.0,0.0,48.15268,231.04,Very Poor,5.88,-7.5,56.1,S1 (Low),C2 (Medium),C2-S1,Safe (<1.25),Permissible to Doubtful,Good / Permissible,Permissible (1.0-1.5 mg/L),Anthropogenic High (45-100 mg/L),Urban Domestic / Septic Leaching,Unsafe for Drinking
83007B,Madurai,Peraiyur,Chinnakattalai,2018-01-04,2018,1,Post-Monsoon,9.951944,77.800556,Well-History,1975.0,270,8.2,1.2,11.0,96,160.38,396.0,11.0,808,288,0.0,329.4,900,0.0,0.0,48.52866,204.54,Very Poor,5.74,-12.59,49.31,S1 (Low),C2 (Medium),C2-S1,Safe (<1.25),Permissible to Doubtful,Good / Permissible,Permissible (1.0-1.5 mg/L),Acceptable (10-45 mg/L),Within Drinking Norms,Unsafe for Drinking
83008,Madurai,Peraiyur,Elumalai,2018-01-05,2018,1,Post-Monsoon,9.861111,77.701111,Well-History,504.0,210,7.8,1.35,17.0,28,40.095,97.0,4.0,99,35,0.0,256.2,235,0.0,0.0,46.7859,78.45,Good,2.75,-0.5,47.91,S1 (Low),C1 (Low),C1-S1,Safe (<1.25),Permissible to Doubtful,Good / Permissible,Permissible (1.0-1.5 mg/L),Acceptable (10-45 mg/L),Within Drinking Norms,Permissible / Marginal
83048,Madurai,Thirumangalam,Puliankulam (M),2018-01-02,2018,1,Post-Monsoon,9.651667,77.909167,Original,400.0,270,8.0,1.45,8.0,18,30.375,92.0,2.0,32,25,2.513899,267.4361,170,0.0,1.069641,53.71,72.27,Good,3.07,1.07,54.38,S1 (Low),C2 (Medium),C2-S1,Safe (<1.25),Permissible to Doubtful,Good / Permissible,Permissible (1.0-1.5 mg/L),Natural Background (<10 mg/L),Within Drinking Norms,Permissible / Marginal
83062A,Madurai,Thirumangalam,Kappalur,2018-01-03,2018,1,Post-Monsoon,9.840278,78.016667,Original,914.0,280,8.0,0.59,6.0,40,89.91,168.0,14.0,333,71,0.0,341.6,470,0.0,0.0,42.83377,112.96,Poor,3.37,-3.8,44.92,S1 (Low),C2 (Medium),C2-S1,Safe (<1.25),Permissible to Doubtful,Good / Permissible,Safe (<1.0 mg/L),Natural Background (<10 mg/L),Within Drinking Norms,Permissible / Marginal
83080A,Madurai,Vadipatti,Nagari,2018-01-10,2018,1,Post-Monsoon,10.019444,78.016389,Village-Centroid,1682.0,415,8.1,0.42,7.0,136,116.64,322.0,12.0,652,159,0.0,506.3,820,0.0,0.0,45.62542,174.38,Poor,4.89,-8.09,46.61,S1 (Low),C2 (Medium),C2-S1,Safe (<1.25),Permissible to Doubtful,Good / Permissible,Safe (<1.0 mg/L),Natural Background (<10 mg/L),Within Drinking Norms,Unsafe for Drinking
83092AY,Madurai,Vadipatti,Nirathan,2018-01-10,2018,1,Post-Monsoon,10.0525,77.975556,Well-History,353.0,230,7.9,1.2,1.0,46,26.73,51.0,2.0,46,35,1.704316,228.256,225,0.0,0.0,32.79333,65.8,Good,1.48,-0.7,33.54,S1 (Low),C1 (Low),C1-S1,Safe (<1.25),Good to Permissible,Excellent,Permissible (1.0-1.5 mg/L),Natural Background (<10 mg/L),Within Drinking Norms,Permissible / Marginal
83099,Madurai,Madurai North,Kadavur,2018-01-09,2018,1,Post-Monsoon,10.075,78.175,Original,250.0,195,8.0,0.58,2.0,50,18.225,15.0,7.0,25,7,1.815465,193.1345,200,0.0,0.0,13.51849,54.26,Good,0.46,-0.77,17.22,S1 (Low),C1 (Low),C1-S1,Safe (<1.25),Excellent to Good,Excellent,Safe (<1.0 mg/L),Natural Background (<10 mg/L),Within Drinking Norms,Safe Drinking Water
21040,Madurai,Peraiyur,T.kallipatti,2018-01-03,2018,1,Post-Monsoon,9.715833,77.859444,Original,429.0,205,7.8,0.88,17.0,42,35.235,55.0,9.0,60,30,1.208501,203.7599,250,0.0,0.0,31.40421,69.87,Good,1.51,-1.62,34.41,S1 (Low),C1 (Low),C1-S1,Safe (<1.25),Good to Permissible,Excellent,Safe (<1.0 mg/L),Acceptable (10-45 mg/L),Within Drinking Norms,Permissible / Marginal
21019D,Madurai,Melur,Karungalakudi,2018-01-08,2018,1,Post-Monsoon,10.155556,78.369167,Original,763.0,185,8.0,0.54,2.0,88,31.59,150.0,5.0,319,46,0.0,225.7,350,0.0,0.0,47.8218,88.55,Good,3.49,-3.29,48.75,S1 (Low),C1 (Low),C1-S1,Safe (<1.25),Permissible to Doubtful,Good / Permissible,Safe (<1.0 mg/L),Natural Background (<10 mg/L),Within Drinking Norms,Permissible / Marginal
21020D,Madurai,Melur,Pallapatti,2018-01-08,2018,1,Post-Monsoon,10.247222,78.386111,Original,467.0,160,8.0,0.6,6.0,44,47.385,58.0,2.0,160,31,1.489528,158.4605,305,0.0,0.0,29.10194,70.64,Good,1.44,-3.45,29.68,S1 (Low),C1 (Low),C1-S1,Safe (<1.25),Good to Permissible,Excellent,Safe (<1.0 mg/L),Natural Background (<10 mg/L),Within Drinking Norms,Permissible / Marginal
21022D,Madurai,Melur,Pulipatti,2018-01-08,2018,1,Post-Monsoon,10.086111,78.291667,Original,373.0,200,8.0,0.38,4.0,38,20.655,74.0,2.0,74,24,1.862027,198.088,180,0.0,0.0,46.88042,56.62,Good,2.4,-0.29,47.61,S1 (Low),C1 (Low),C1-S1,Safe (<1.25),Permissible to Doubtful,Good / Permissible,Safe (<1.0 mg/L),Natural Background (<10 mg/L),Within Drinking Norms,Safe Drinking Water
21023D,Madurai,Melur,Uranganpatti,2018-01-05,2018,1,Post-Monsoon,9.998333,78.43,Original,318.0,210,7.9,0.54,4.0,36,31.59,37.0,4.0,57,7,1.556089,208.4042,220,0.0,0.0,26.35021,56.93,Good,1.09,-0.93,28.02,S1 (Low),C1 (Low),C1-S1,Safe (<1.25),Good to Permissible,Excellent,Safe (<1.0 mg/L),Natural Background (<10 mg/L),Within Drinking Norms,Permissible / Marginal
21024D,Madurai,Melur,Thiruvadur,2018-01-05,2018,1,Post-Monsoon,9.956944,78.319444,Original,662.0,360,8.0,0.37,15.0,26,29.16,177.0,11.0,82,49,0.0,439.2,185,0.0,3.502015,65.93106,82.94,Good,5.66,3.5,68.33,S1 (Low),C2 (Medium),C2-S1,Unsuitable (>2.5),Doubtful to Unsuitable,Unsuitable,Safe (<1.0 mg/L),Acceptable (10-45 mg/L),Within Drinking Norms,Permissible / Marginal
21066,Madurai,Melur,Attukulam,2018-01-05,2018,1,Post-Monsoon,10.0025,78.356667,Village-Centroid,1017.0,160,8.2,0.28,27.0,104,89.91,124.0,6.0,404,69,0.0,195.2,630,0.0,0.0,29.74065,121.62,Poor,2.15,-9.39,30.58,S1 (Low),C1 (Low),C1-S1,Safe (<1.25),Good to Permissible,Excellent,Safe (<1.0 mg/L),Acceptable (10-45 mg/L),Within Drinking Norms,Unsafe for Drinking
21071,Madurai,Melur,Pottapatty,2018-01-08,2018,1,Post-Monsoon,10.281944,78.370556,Village-Centroid,584.0,360,8.1,1.26,6.0,66,58.32,71.0,5.0,106,29,0.0,439.2,405,0.0,0.0,27.30866,98.67,Good,1.53,-0.9,28.43,S1 (Low),C2 (Medium),C2-S1,Safe (<1.25),Good to Permissible,Excellent,Permissible (1.0-1.5 mg/L),Natural Background (<10 mg/L),Within Drinking Norms,Permissible / Marginal
501013,Madurai,Melur,Veppaodappu,2018-01-05,2018,1,Post-Monsoon,9.917222,78.303889,Original,609.0,210,8.1,1.1,11.0,68,52.245,78.0,5.0,216,12,0.0,256.2,385,0.0,0.0,30.25685,92.86,Good,1.73,-3.49,31.39,S1 (Low),C1 (Low),C1-S1,Safe (<1.25),Good to Permissible,Excellent,Permissible (1.0-1.5 mg/L),Acceptable (10-45 mg/L),Within Drinking Norms,Permissible / Marginal
501016,Madurai,Melur,Navinipatti,2018-01-05,2018,1,Post-Monsoon,10.043889,78.362778,Original,487.0,220,7.9,0.38,11.0,62,51.03,39.0,5.0,113,36,1.630202,218.3301,365,0.0,0.0,18.60594,73.5,Good,0.89,-3.66,20.0,S1 (Low),C1 (Low),C1-S1,Safe (<1.25),Excellent to Good,Excellent,Safe (<1.0 mg/L),Acceptable (10-45 mg/L),Within Drinking Norms,Permissible / Marginal
501017,Madurai,Melur,Keelaiyur,2018-01-05,2018,1,Post-Monsoon,10.047222,78.377778,Well-History,612.0,220,8.1,0.53,16.0,58,59.535,71.0,9.0,152,56,0.0,268.4,390,0.0,0.0,27.79269,90.44,Good,1.56,-3.4,29.85,S1 (Low),C1 (Low),C1-S1,Safe (<1.25),Good to Permissible,Excellent,Safe (<1.0 mg/L),Acceptable (10-45 mg/L),Within Drinking Norms,Permissible / Marginal
501019,Madurai,Melur,Kasampatti,2018-01-08,2018,1,Post-Monsoon,10.1525,78.299722,Well-History,673.0,280,8.1,0.44,15.0,98,53.46,64.0,6.0,177,35,0.0,341.6,465,0.0,0.0,22.7678,95.61,Good,1.29,-3.69,24.01,S1 (Low),C2 (Medium),C2-S1,Safe (<1.25),Good to Permissible,Excellent,Safe (<1.0 mg/L),Acceptable (10-45 mg/L),Within Drinking Norms,Permissible / Marginal
501020,Madurai,Melur,Sennagarampatti,2018-01-08,2018,1,Post-Monsoon,10.080556,78.320278,Well-History,353.0,125,8.0,0.58,18.0,48,25.515,32.0,2.0,43,47,1.163592,123.7864,225,0.0,0.0,23.44056,60.54,Good,0.93,-2.43,24.29,S1 (Low),C1 (Low),C1-S1,Safe (<1.25),Good to Permissible,Excellent,Safe (<1.0 mg/L),Acceptable (10-45 mg/L),Within Drinking Norms,Permissible / Marginal
83095,Madurai,Melur,Pulipatti,2018-01-05,2018,1,Post-Monsoon,10.084444,78.288889,Original,3227.0,230,8.2,0.25,5.0,192,150.66,828.0,6.0,1801,86,0.0,280.6,1100,0.0,0.0,61.93773,259.48,Very Poor,10.86,-17.38,62.19,S1 (Low),C1 (Low),C1-S1,Safe (<1.25),Doubtful to Unsuitable,Marginal / Moderate,Safe (<1.0 mg/L),Natural Background (<10 mg/L),Within Drinking Norms,Unsafe for Drinking
83096,Madurai,Melur,Thumbalapatti,2018-01-08,2018,1,Post-Monsoon,10.085278,78.359722,Well-History,817.0,290,8.0,0.34,8.0,74,35.235,168.0,25.0,266,36,0.0,353.8,330,0.0,0.0,50.26063,98.95,Good,4.02,-0.79,54.65,S1 (Low),C2 (Medium),C2-S1,Safe (<1.25),Permissible to Doubtful,Good / Permissible,Safe (<1.0 mg/L),Natural Background (<10 mg/L),Within Drinking Norms,Permissible / Marginal
21001D,Madurai,Madurai South,Thiruparankundram,2018-07-03,2018,7,Pre-Monsoon,9.877778,78.097222,Original,1542.0,2700,8.1,1.13,0.1,48,70.47,560.0,7.0,525,146,0.0,567.3,465,0.0,1.104525,74.41858,184.44,Poor,12.03,1.1,74.96,S1 (Low),C4 (Very High),C4-S1,Safe (<1.25),Doubtful to Unsuitable,Marginal / Moderate,Permissible (1.0-1.5 mg/L),Natural Background (<10 mg/L),Within Drinking Norms,Permissible / Marginal
21002D,Madurai,Thirumangalam,Chokkanathapuram,2018-07-09,2018,7,Pre-Monsoon,9.945556,77.975556,Original,1011.0,1730,8.0,0.67,23.0,212,19.44,120.0,5.0,383,47,0.0,250.1,205,0.0,0.0,29.78068,121.14,Poor,2.11,-8.08,30.5,S1 (Low),C3 (High),C3-S1,Safe (<1.25),Permissible to Doubtful,Good / Permissible,Safe (<1.0 mg/L),Acceptable (10-45 mg/L),Within Drinking Norms,Permissible / Marginal
21004D,Madurai,Thirumangalam,Chinna Ulagani,2018-07-03,2018,7,Pre-Monsoon,9.773611,78.052222,Original,976.0,1650,8.1,0.28,22.0,100,36.45,175.0,49.0,298,47,0.0,347.7,285,0.0,0.0,45.1615,133.69,Poor,3.81,-2.29,52.59,S1 (Low),C3 (High),C3-S1,Safe (<1.25),Permissible to Doubtful,Good / Permissible,Safe (<1.0 mg/L),Acceptable (10-45 mg/L),Within Drinking Norms,Permissible / Marginal
21005D,Madurai,Madurai South,Eliyarpatti,2018-07-03,2018,7,Pre-Monsoon,9.794444,78.090278,Original,145.0,270,8.1,0.05,1.0,22,7.29,23.0,2.0,21,6,1.110337,93.82671,95,0.0,0.0,36.38788,37.23,Excellent,1.09,-0.12,38.24,S1 (Low),C2 (Medium),C2-S1,Safe (<1.25),Good to Permissible,Excellent,Safe (<1.0 mg/L),Natural Background (<10 mg/L),Within Drinking Norms,Safe Drinking Water
21006D,Madurai,Peraiyur,Elumalai RF,2018-07-09,2018,7,Pre-Monsoon,9.861111,77.7,Original,347.0,650,8.1,1.26,6.0,36,35.235,41.0,2.0,67,26,2.162932,182.7741,185,0.0,0.0,27.3086,74.02,Good,1.16,-1.63,28.08,S1 (Low),C2 (Medium),C2-S1,Safe (<1.25),Good to Permissible,Excellent,Permissible (1.0-1.5 mg/L),Natural Background (<10 mg/L),Within Drinking Norms,Permissible / Marginal
21007D,Madurai,Thirumangalam,Kallikudi,2018-07-03,2018,7,Pre-Monsoon,9.693889,77.971111,Original,520.0,990,8.1,1.22,3.0,24,54.675,97.0,5.0,67,35,0.0,445.3,365,0.0,1.602244,42.00803,99.42,Good,2.5,1.6,43.27,S1 (Low),C3 (High),C3-S1,Marginal (1.25-2.5),Permissible to Doubtful,Marginal / Moderate,Permissible (1.0-1.5 mg/L),Natural Background (<10 mg/L),Within Drinking Norms,Permissible / Marginal
21009D,Madurai,Thirumangalam,Kappalur,2018-07-02,2018,7,Pre-Monsoon,9.843056,78.018611,Original,1487.0,2660,8.2,0.7,24.0,148,87.48,276.0,15.0,440,62,0.0,707.6,580,0.0,0.0,44.50792,189.25,Poor,4.44,-2.99,45.92,S1 (Low),C4 (Very High),C4-S1,Safe (<1.25),Doubtful to Unsuitable,Marginal / Moderate,Safe (<1.0 mg/L),Acceptable (10-45 mg/L),Within Drinking Norms,Permissible / Marginal
21010D,Madurai,Madurai North,Karupayoorani,2018-07-05,2018,7,Pre-Monsoon,9.931944,78.177778,Original,951.0,1650,8.0,0.69,12.0,76,48.6,184.0,43.0,291,60,0.0,390.4,320,0.0,0.0,47.37142,134.62,Poor,4.05,-1.39,53.87,S1 (Low),C3 (High),C3-S1,Safe (<1.25),Permissible to Doubtful,Good / Permissible,Safe (<1.0 mg/L),Acceptable (10-45 mg/L),Within Drinking Norms,Permissible / Marginal
21012D,Madurai,Thirumangalam,Kurayur,2018-07-03,2018,7,Pre-Monsoon,9.694444,78.025,Original,369.0,630,8.1,0.31,12.0,52,13.365,55.0,9.0,43,35,2.104455,177.8326,180,0.0,0.0,37.86948,65.42,Good,1.76,-0.71,41.5,S1 (Low),C2 (Medium),C2-S1,Safe (<1.25),Good to Permissible,Excellent,Safe (<1.0 mg/L),Acceptable (10-45 mg/L),Within Drinking Norms,Safe Drinking Water
21013D,Madurai,Vadipatti,Manianji,2018-07-05,2018,7,Pre-Monsoon,10.004167,78.1025,Original,395.0,750,7.9,0.38,3.0,52,43.74,30.0,6.0,46,44,1.926656,258.0336,260,0.0,0.0,17.05181,70.31,Good,0.74,-1.9,19.05,S1 (Low),C3 (High),C3-S1,Safe (<1.25),Permissible to Doubtful,Excellent,Safe (<1.0 mg/L),Natural Background (<10 mg/L),Within Drinking Norms,Permissible / Marginal
21015D,Madurai,Peraiyur,Peraiyur,2018-07-04,2018,7,Pre-Monsoon,9.74,77.793333,Original,476.0,850,8.0,0.78,7.0,30,35.235,83.0,21.0,103,46,1.955152,207.9948,210,0.0,0.0,42.25553,83.84,Good,2.43,-0.92,48.53,S1 (Low),C3 (High),C3-S1,Safe (<1.25),Permissible to Doubtful,Good / Permissible,Safe (<1.0 mg/L),Natural Background (<10 mg/L),Within Drinking Norms,Permissible / Marginal
21016D,Madurai,Peraiyur,Subbulapuram,2018-07-02,2018,7,Pre-Monsoon,9.675556,77.809444,Original,477.0,800,7.8,0.09,15.0,68,26.73,48.0,22.0,64,53,1.237981,208.7305,210,0.0,0.0,25.32711,73.51,Good,1.25,-2.13,32.14,S1 (Low),C3 (High),C3-S1,Safe (<1.25),Permissible to Doubtful,Good / Permissible,Safe (<1.0 mg/L),Acceptable (10-45 mg/L),Within Drinking Norms,Permissible / Marginal
21017D,Madurai,Thirumangalam,Thangalacheri,2018-07-02,2018,7,Pre-Monsoon,9.836111,77.868889,Original,1406.0,2250,8.2,0.25,57.0,100,38.88,327.0,25.0,255,176,0.0,463.6,380,0.0,0.0,61.70007,167.9,Poor,7.03,-0.59,64.46,S1 (Low),C4 (Very High),C4-S1,Safe (<1.25),Doubtful to Unsuitable,Marginal / Moderate,Safe (<1.0 mg/L),Anthropogenic High (45-100 mg/L),Agricultural Fertilizer Runoff,Unsafe for Drinking
21018D,Madurai,Thirumangalam,Peikulam,2018-07-03,2018,7,Pre-Monsoon,9.645833,77.991111,Original,729.0,1220,8.0,0.05,5.0,68,15.795,129.0,88.0,121,53,0.0,463.6,380,0.0,2.905719,44.69209,124.4,Poor,3.66,2.9,62.61,S1 (Low),C3 (High),C3-S1,Unsuitable (>2.5),Permissible to Doubtful,Unsuitable,Safe (<1.0 mg/L),Natural Background (<10 mg/L),Within Drinking Norms,Permissible / Marginal
21026D,Madurai,Vadipatti,Senthamangalam,2018-07-05,2018,7,Pre-Monsoon,10.138333,78.141111,Original,322.0,630,7.9,0.94,2.0,34,32.805,41.0,3.0,28,20,1.852543,248.1077,250,0.0,0.0,28.50543,67.66,Good,1.2,-0.27,29.72,S1 (Low),C2 (Medium),C2-S1,Safe (<1.25),Good to Permissible,Excellent,Safe (<1.0 mg/L),Natural Background (<10 mg/L),Within Drinking Norms,Permissible / Marginal
21027D,Madurai,Vadipatti,Thiruvedagam,2018-07-07,2018,7,Pre-Monsoon,10.019444,77.972222,Original,775.0,1540,8.2,0.91,5.0,20,114.21,110.0,9.0,184,37,0.0,561.2,460,0.0,0.0,31.04732,130.48,Poor,2.1,-1.2,32.53,S1 (Low),C3 (High),C3-S1,Safe (<1.25),Permissible to Doubtful,Good / Permissible,Safe (<1.0 mg/L),Natural Background (<10 mg/L),Within Drinking Norms,Permissible / Marginal
21028D,Madurai,Usilampatti,Veppanuthu,2018-07-09,2018,7,Pre-Monsoon,9.897222,77.841667,Original,1376.0,2390,8.2,1.35,30.0,72,106.92,276.0,14.0,397,89,0.0,573.4,470,0.0,0.0,48.49704,183.01,Poor,4.82,-3.0,49.93,S1 (Low),C4 (Very High),C4-S1,Safe (<1.25),Doubtful to Unsuitable,Marginal / Moderate,Permissible (1.0-1.5 mg/L),Acceptable (10-45 mg/L),Within Drinking Norms,Permissible / Marginal
21031D,Madurai,Usilampatti,Uthappanaickanur,2018-07-04,2018,7,Pre-Monsoon,10.035556,77.791111,Original,1158.0,1990,8.0,0.98,31.0,52,80.19,248.0,5.0,241,170,0.0,451.4,370,0.0,0.0,53.64463,149.37,Poor,5.03,-1.8,54.27,S1 (Low),C3 (High),C3-S1,Safe (<1.25),Permissible to Doubtful,Good / Permissible,Safe (<1.0 mg/L),Acceptable (10-45 mg/L),Within Drinking Norms,Permissible / Marginal
21032D,Madurai,Usilampatti,Doddappanaickanur,2018-07-09,2018,7,Pre-Monsoon,9.971111,77.736111,Original,117.0,200,8.0,0.05,2.0,18,7.29,11.0,3.0,18,12,0.6048445,64.34515,65,0.0,0.0,23.30182,32.36,Excellent,0.55,-0.42,27.03,S1 (Low),C1 (Low),C1-S1,Safe (<1.25),Good to Permissible,Excellent,Safe (<1.0 mg/L),Natural Background (<10 mg/L),Within Drinking Norms,Safe Drinking Water
21033D,Madurai,Usilampatti,Usilampatti,2018-07-04,2018,7,Pre-Monsoon,9.959722,77.791667,Original,1386.0,2470,7.9,1.1,22.0,44,126.36,281.0,5.0,404,175,0.0,512.4,420,0.0,0.0,49.00026,172.83,Poor,4.87,-4.2,49.5,S1 (Low),C4 (Very High),C4-S1,Safe (<1.25),Doubtful to Unsuitable,Marginal / Moderate,Permissible (1.0-1.5 mg/L),Acceptable (10-45 mg/L),Within Drinking Norms,Permissible / Marginal
21035D,Madurai,Madurai North,Madurai North,2018-07-02,2018,7,Pre-Monsoon,9.843056,78.141667,Original,1188.0,2040,8.8,0.85,23.0,32,51.03,336.0,8.0,277,106,18.0,518.5,455,15.0,3.302784,70.89278,162.75,Poor,8.58,3.3,71.87,S2 (Medium),C3 (High),C3-S2,Unsuitable (>2.5),Doubtful to Unsuitable,Unsuitable,Safe (<1.0 mg/L),Acceptable (10-45 mg/L),Within Drinking Norms,Unsafe for Drinking
21036D,Madurai,Madurai North,Koolapandi,2018-07-05,2018,7,Pre-Monsoon,10.008333,78.147222,Original,408.0,760,7.9,1.24,7.0,36,40.095,53.0,8.0,60,35,1.741373,233.2189,235,0.0,0.0,30.31033,79.74,Good,1.44,-1.22,32.99,S1 (Low),C3 (High),C3-S1,Safe (<1.25),Permissible to Doubtful,Good / Permissible,Permissible (1.0-1.5 mg/L),Natural Background (<10 mg/L),Within Drinking Norms,Permissible / Marginal
21037D,Madurai,Thirumangalam,Kandai,2018-07-02,2018,7,Pre-Monsoon,9.877778,77.913333,Original,625.0,1130,8.0,1.61,11.0,36,60.75,104.0,5.0,128,77,0.0,329.4,270,0.0,0.0,39.51841,106.95,Poor,2.45,-1.4,40.62,S1 (Low),C3 (High),C3-S1,Safe (<1.25),Permissible to Doubtful,Good / Permissible,Dental Fluorosis Risk (1.5-2.0 mg/L),Acceptable (10-45 mg/L),Within Drinking Norms,Unsafe for Drinking
21040,Madurai,Peraiyur,T.kallipatti,2018-07-02,2018,7,Pre-Monsoon,9.715833,77.859444,Original,566.0,1030,8.0,1.39,10.0,56,41.31,85.0,25.0,96,10,0.0,420.9,345,0.0,0.7051044,35.10966,108.01,Poor,2.1,0.7,41.17,S1 (Low),C3 (High),C3-S1,Safe (<1.25),Permissible to Doubtful,Good / Permissible,Permissible (1.0-1.5 mg/L),Acceptable (10-45 mg/L),Within Drinking Norms,Permissible / Marginal
21041,Madurai,Peraiyur,Sedapatti,2018-07-04,2018,7,Pre-Monsoon,9.826389,77.8,Original,168.0,290,8.0,0.05,1.0,22,6.075,18.0,21.0,18,13,0.977343,103.9727,105,0.0,0.1390133,26.83309,43.73,Excellent,0.88,0.14,45.23,S1 (Low),C2 (Medium),C2-S1,Safe (<1.25),Good to Permissible,Excellent,Safe (<1.0 mg/L),Natural Background (<10 mg/L),Within Drinking Norms,Safe Drinking Water
21046,Madurai,Peraiyur,Perungamanallur,2018-07-04,2018,7,Pre-Monsoon,9.7912,77.7731,Gazetteer,1039.0,1790,8.2,2.02,11.0,40,48.6,285.0,4.0,305,117,0.0,384.3,315,0.0,0.3037895,67.02969,145.68,Poor,7.16,0.3,67.57,S1 (Low),C3 (High),C3-S1,Safe (<1.25),Doubtful to Unsuitable,Marginal / Moderate,Skeletal Fluorosis Risk (>2.0 mg/L),Acceptable (10-45 mg/L),Within Drinking Norms,Unsafe for Drinking
21050,Madurai,Peraiyur,Mathippanur,2018-07-09,2018,7,Pre-Monsoon,9.795556,77.8375,Original,125.0,220,7.9,0.31,2.0,22,7.29,12.0,3.0,25,12,0.4073299,54.55296,55,0.0,0.0,22.72905,33.74,Excellent,0.57,-0.79,26.06,S1 (Low),C1 (Low),C1-S1,Safe (<1.25),Good to Permissible,Excellent,Safe (<1.0 mg/L),Natural Background (<10 mg/L),Within Drinking Norms,Safe Drinking Water
21052,Madurai,Peraiyur,Muthunayakkapuram,2018-07-04,2018,7,Pre-Monsoon,9.771389,77.812222,Original,254.0,480,7.8,0.6,1.0,28,21.87,37.0,2.0,32,22,1.03162,173.9368,175,0.0,0.0,33.13221,51.76,Good,1.27,-0.31,34.17,S1 (Low),C2 (Medium),C2-S1,Safe (<1.25),Good to Permissible,Excellent,Safe (<1.0 mg/L),Natural Background (<10 mg/L),Within Drinking Norms,Safe Drinking Water
21059,Madurai,Vadipatti,Kadupatti,2018-07-07,2018,7,Pre-Monsoon,10.022222,77.92,Original,108.0,190,8.0,0.07,2.0,18,7.29,8.0,3.0,11,16,0.5582821,59.39172,60,0.0,0.0,18.09684,31.85,Excellent,0.4,-0.51,22.08,S1 (Low),C1 (Low),C1-S1,Safe (<1.25),Excellent to Good,Excellent,Safe (<1.0 mg/L),Natural Background (<10 mg/L),Within Drinking Norms,Safe Drinking Water
21061,Madurai,Vadipatti,Thathampatti,2018-07-05,2018,7,Pre-Monsoon,10.022222,78.015556,Original,479.0,880,8.0,0.54,3.0,60,31.59,69.0,21.0,71,10,3.072647,326.8773,330,0.0,0.0,32.86531,86.17,Good,1.79,-0.13,38.74,S1 (Low),C3 (High),C3-S1,Safe (<1.25),Permissible to Doubtful,Good / Permissible,Safe (<1.0 mg/L),Natural Background (<10 mg/L),Within Drinking Norms,Permissible / Marginal
21062,Madurai,Vadipatti,Periailandakulam,2018-07-05,2018,7,Pre-Monsoon,10.068333,78.051389,Original,488.0,890,7.8,1.52,12.0,50,41.31,67.0,5.0,46,47,1.709663,288.2588,290,0.0,0.0,32.61059,89.49,Good,1.7,-1.11,34.03,S1 (Low),C3 (High),C3-S1,Safe (<1.25),Permissible to Doubtful,Good / Permissible,Dental Fluorosis Risk (1.5-2.0 mg/L),Acceptable (10-45 mg/L),Within Drinking Norms,Unsafe for Drinking
21063,Madurai,Madurai North,Erukkalanatham,2018-07-05,2018,7,Pre-Monsoon,9.957,78.083,Gazetteer,419.0,790,7.9,0.85,2.0,38,40.095,60.0,9.0,82,36,1.778429,238.1819,240,0.0,0.0,32.47799,76.43,Good,1.62,-1.23,35.33,S1 (Low),C3 (High),C3-S1,Safe (<1.25),Permissible to Doubtful,Good / Permissible,Safe (<1.0 mg/L),Natural Background (<10 mg/L),Within Drinking Norms,Permissible / Marginal
21065,Madurai,Madurai North,Mangulam,2018-07-05,2018,7,Pre-Monsoon,10.035833,78.25,Original,397.0,740,7.8,0.93,3.0,40,32.805,64.0,3.0,64,35,1.414862,238.5536,240,0.0,0.0,36.84172,71.14,Good,1.82,-0.74,37.85,S1 (Low),C2 (Medium),C2-S1,Safe (<1.25),Good to Permissible,Excellent,Safe (<1.0 mg/L),Natural Background (<10 mg/L),Within Drinking Norms,Permissible / Marginal
21068,Madurai,Vadipatti,Alanganallur,2018-07-05,2018,7,Pre-Monsoon,10.048333,78.083889,Original,475.0,800,8.2,0.07,20.0,58,26.73,64.0,8.0,160,11,1.39337,93.52738,95,0.0,0.0,34.44283,70.06,Good,1.74,-3.52,36.96,S1 (Low),C3 (High),C3-S1,Safe (<1.25),Permissible to Doubtful,Good / Permissible,Safe (<1.0 mg/L),Acceptable (10-45 mg/L),Within Drinking Norms,Safe Drinking Water
21069,Madurai,Vadipatti,Maduvarpatti,2018-07-05,2018,7,Pre-Monsoon,10.080278,78.124722,Original,165.0,320,7.8,0.27,1.0,26,17.01,12.0,5.0,11,4,0.8252585,139.1432,140,0.0,0.0,15.59471,40.18,Excellent,0.45,-0.39,19.41,S1 (Low),C2 (Medium),C2-S1,Safe (<1.25),Good to Permissible,Excellent,Safe (<1.0 mg/L),Natural Background (<10 mg/L),Within Drinking Norms,Safe Drinking Water
21074,Madurai,Madurai North,Chettikulam,2018-07-05,2018,7,Pre-Monsoon,9.995,78.146944,Original,857.0,1500,8.0,0.85,22.0,16,85.05,173.0,12.0,177,53,0.0,488.0,400,0.0,0.2019079,48.14804,126.98,Poor,3.81,0.2,50.1,S1 (Low),C3 (High),C3-S1,Safe (<1.25),Permissible to Doubtful,Good / Permissible,Safe (<1.0 mg/L),Acceptable (10-45 mg/L),Within Drinking Norms,Permissible / Marginal
21076,Madurai,Madurai North,Vayalur,2018-07-07,2018,7,Pre-Monsoon,10.018333,78.053889,Original,422.0,790,7.8,1.14,2.0,16,38.88,83.0,13.0,50,35,1.709663,288.2588,290,0.0,0.7840984,45.4662,80.84,Good,2.55,0.78,49.64,S1 (Low),C3 (High),C3-S1,Safe (<1.25),Permissible to Doubtful,Good / Permissible,Permissible (1.0-1.5 mg/L),Natural Background (<10 mg/L),Within Drinking Norms,Permissible / Marginal
21077,Madurai,Madurai North,Elangiyendal,2018-07-05,2018,7,Pre-Monsoon,9.976,78.163,Gazetteer,825.0,1480,8.0,1.2,2.0,32,21.87,258.0,7.0,269,12,0.0,427.0,350,0.0,3.602487,75.83706,114.85,Poor,8.61,3.6,77.04,S1 (Low),C3 (High),C3-S1,Unsuitable (>2.5),Doubtful to Unsuitable,Unsuitable,Permissible (1.0-1.5 mg/L),Natural Background (<10 mg/L),Within Drinking Norms,Permissible / Marginal
21078,Madurai,Madurai North,Kalikappan,2018-07-05,2018,7,Pre-Monsoon,9.939444,78.193611,Original,421.0,790,7.9,1.1,3.0,42,32.805,71.0,5.0,60,37,1.963713,262.9966,265,0.0,0.0,38.54784,78.51,Good,1.99,-0.42,40.13,S1 (Low),C3 (High),C3-S1,Safe (<1.25),Permissible to Doubtful,Good / Permissible,Permissible (1.0-1.5 mg/L),Natural Background (<10 mg/L),Within Drinking Norms,Permissible / Marginal
21079,Madurai,Madurai North,Rajakkur,2018-07-05,2018,7,Pre-Monsoon,9.928611,78.238333,Original,1031.0,1840,8.1,0.94,0.1,36,14.58,368.0,3.0,291,12,0.0,610.0,500,0.0,7.002349,83.89391,134.04,Poor,13.07,7.0,84.29,S1 (Low),C3 (High),C3-S1,Unsuitable (>2.5),Unsuitable,Unsuitable,Safe (<1.0 mg/L),Natural Background (<10 mg/L),Within Drinking Norms,Permissible / Marginal
21080,Madurai,Madurai North,Kalimangalam,2018-07-05,2018,7,Pre-Monsoon,9.878333,78.238889,Original,2627.0,4560,8.8,1.81,2.0,56,9.72,966.0,8.0,851,178,18.0,1061.4,900,15.0,14.40319,91.70815,294.55,Very Poor,31.33,14.4,92.15,S2 (Medium),C4 (Very High),C4-S2,Unsuitable (>2.5),Unsuitable,Unsuitable,Dental Fluorosis Risk (1.5-2.0 mg/L),Natural Background (<10 mg/L),Within Drinking Norms,Unsafe for Drinking
21081,Madurai,Madurai North,Elamanur,2018-07-05,2018,7,Pre-Monsoon,9.900556,78.210833,Original,1307.0,2260,8.0,0.61,12.0,72,94.77,262.0,35.0,468,93,0.0,457.5,375,0.0,0.0,48.1202,164.96,Poor,4.77,-3.9,51.89,S1 (Low),C4 (Very High),C4-S1,Safe (<1.25),Doubtful to Unsuitable,Marginal / Moderate,Safe (<1.0 mg/L),Acceptable (10-45 mg/L),Within Drinking Norms,Permissible / Marginal
21082,Madurai,Madurai South,Nallur,2018-07-03,2018,7,Pre-Monsoon,9.788333,78.133333,Original,353.0,680,8.0,0.3,1.0,58,26.73,41.0,3.0,57,15,2.281088,242.6689,245,0.0,0.0,25.64501,64.12,Good,1.12,-1.04,26.74,S1 (Low),C2 (Medium),C2-S1,Safe (<1.25),Good to Permissible,Excellent,Safe (<1.0 mg/L),Natural Background (<10 mg/L),Within Drinking Norms,Permissible / Marginal
21083,Madurai,Madurai South,Nilaiyur,2018-07-02,2018,7,Pre-Monsoon,9.855556,78.059167,Original,1442.0,2510,8.2,0.67,13.0,148,48.6,304.0,31.0,447,137,0.0,530.7,435,0.0,0.0,52.05745,178.37,Poor,5.54,-2.69,55.17,S1 (Low),C4 (Very High),C4-S1,Safe (<1.25),Doubtful to Unsuitable,Marginal / Moderate,Safe (<1.0 mg/L),Acceptable (10-45 mg/L),Within Drinking Norms,Permissible / Marginal
21084,Madurai,Madurai South,Sakkilipatti,2018-07-02,2018,7,Pre-Monsoon,9.901389,78.011111,Original,738.0,1330,8.0,0.87,3.0,56,48.6,156.0,5.0,206,47,0.0,414.8,340,0.0,0.005241026,49.50344,108.17,Poor,3.68,0.0,50.42,S1 (Low),C3 (High),C3-S1,Safe (<1.25),Permissible to Doubtful,Good / Permissible,Safe (<1.0 mg/L),Natural Background (<10 mg/L),Within Drinking Norms,Permissible / Marginal
501001,Madurai,Madurai North,Oomatchikulam,2018-07-05,2018,7,Pre-Monsoon,10.005,78.148056,Original,3380.0,6030,8.2,1.24,47.0,272,286.74,575.0,9.0,1773,77,0.0,359.9,295,0.0,0.0,40.07505,344.76,Unsuitable,5.8,-31.27,40.43,S1 (Low),C4 (Very High),C4-S1,Safe (<1.25),Unsuitable,Unsuitable,Permissible (1.0-1.5 mg/L),Anthropogenic High (45-100 mg/L),Urban Domestic / Septic Leaching,Unsafe for Drinking
501003,Madurai,Madurai North,Varichiyur,2018-07-05,2018,7,Pre-Monsoon,9.913056,78.251111,Original,1225.0,2200,8.2,0.6,4.0,148,77.76,189.0,9.0,525,89,0.0,341.6,280,0.0,0.0,36.97195,148.83,Poor,3.13,-8.19,38.0,S1 (Low),C3 (High),C3-S1,Safe (<1.25),Doubtful to Unsuitable,Good / Permissible,Safe (<1.0 mg/L),Natural Background (<10 mg/L),Within Drinking Norms,Permissible / Marginal
501004,Madurai,Madurai North,Sakkudi,2018-07-05,2018,7,Pre-Monsoon,9.864167,78.223611,Original,1424.0,2490,8.1,0.54,11.0,52,63.18,414.0,31.0,404,51,0.0,719.8,590,0.0,4.004453,67.71228,179.52,Poor,9.12,4.0,70.68,S1 (Low),C4 (Very High),C4-S1,Unsuitable (>2.5),Doubtful to Unsuitable,Unsuitable,Safe (<1.0 mg/L),Acceptable (10-45 mg/L),Within Drinking Norms,Permissible / Marginal
501007,Madurai,Madurai North,Velliankundram,2018-07-05,2018,7,Pre-Monsoon,10.020556,78.178333,Original,428.0,780,8.0,0.75,2.0,42,27.945,81.0,5.0,96,35,2.048276,217.9017,220,0.0,0.0,43.78551,73.94,Good,2.38,-0.76,45.36,S1 (Low),C3 (High),C3-S1,Safe (<1.25),Permissible to Doubtful,Good / Permissible,Safe (<1.0 mg/L),Natural Background (<10 mg/L),Within Drinking Norms,Permissible / Marginal
501011,Madurai,Madurai South,Melakuyilkudi,2018-07-04,2018,7,Pre-Monsoon,9.9225,78.036111,Well-History,927.0,1570,8.0,1.28,0.05,48,51.03,230.0,4.0,255,154,0.0,366.0,300,0.0,0.0,59.90205,124.42,Poor,5.51,-0.6,60.5,S1 (Low),C3 (High),C3-S1,Safe (<1.25),Permissible to Doubtful,Good / Permissible,Permissible (1.0-1.5 mg/L),Natural Background (<10 mg/L),Within Drinking Norms,Permissible / Marginal
501012,Madurai,Madurai South,Vilacherry,2018-07-02,2018,7,Pre-Monsoon,9.9,78.059444,Original,468.0,860,7.9,0.86,3.0,48,43.74,58.0,7.0,113,64,1.481975,198.4783,200,0.0,0.0,29.0097,78.69,Good,1.46,-2.69,31.06,S1 (Low),C3 (High),C3-S1,Safe (<1.25),Permissible to Doubtful,Good / Permissible,Safe (<1.0 mg/L),Natural Background (<10 mg/L),Within Drinking Norms,Safe Drinking Water
501023,Madurai,Peraiyur,Mangalrev,2018-07-04,2018,7,Pre-Monsoon,9.786111,77.797222,Original,630.0,1110,8.0,0.77,14.0,48,47.385,115.0,2.0,131,72,0.0,305.0,250,0.0,0.0,44.08011,94.74,Good,2.82,-1.3,44.52,S1 (Low),C3 (High),C3-S1,Safe (<1.25),Permissible to Doubtful,Good / Permissible,Safe (<1.0 mg/L),Acceptable (10-45 mg/L),Within Drinking Norms,Permissible / Marginal
501028,Madurai,Peraiyur,Athanur,2018-07-02,2018,7,Pre-Monsoon,9.725,77.895556,Original,505.0,890,8.1,0.4,8.0,42,30.375,87.0,25.0,117,41,0.0,256.2,210,0.0,0.0,41.9581,85.84,Good,2.5,-0.4,49.04,S1 (Low),C3 (High),C3-S1,Safe (<1.25),Permissible to Doubtful,Good / Permissible,Safe (<1.0 mg/L),Natural Background (<10 mg/L),Within Drinking Norms,Permissible / Marginal
501030,Madurai,Peraiyur,Mothagam,2018-07-02,2018,7,Pre-Monsoon,9.679167,77.808889,Original,1740.0,2870,8.2,0.05,19.0,28,87.48,368.0,176.0,447,235,0.0,628.3,515,0.0,1.702785,54.99883,248.03,Very Poor,7.72,1.7,70.45,S1 (Low),C4 (Very High),C4-S1,Marginal (1.25-2.5),Doubtful to Unsuitable,Marginal / Moderate,Safe (<1.0 mg/L),Acceptable (10-45 mg/L),Within Drinking Norms,Permissible / Marginal
501032,Madurai,Peraiyur,Salichanthai,2018-07-04,2018,7,Pre-Monsoon,9.728333,77.801944,Original,2834.0,5030,8.2,0.21,2.0,184,208.98,575.0,23.0,1574,211,0.0,97.6,80,0.0,0.0,48.11827,272.99,Very Poor,6.88,-24.78,49.24,S1 (Low),C4 (Very High),C4-S1,Safe (<1.25),Unsuitable,Unsuitable,Safe (<1.0 mg/L),Natural Background (<10 mg/L),Within Drinking Norms,Unsafe for Drinking
501033,Madurai,Madurai North,Samayanallur,2018-07-07,2018,7,Pre-Monsoon,9.980833,78.042222,Original,1216.0,2160,8.0,1.62,1.0,4,43.74,409.0,16.0,269,96,0.0,744.2,610,0.0,8.39952,80.87103,167.03,Poor,12.9,8.4,82.72,S1 (Low),C3 (High),C3-S1,Unsuitable (>2.5),Unsuitable,Unsuitable,Dental Fluorosis Risk (1.5-2.0 mg/L),Natural Background (<10 mg/L),Within Drinking Norms,Unsafe for Drinking
501036,Madurai,Madurai South,Othai Alangulam,2018-07-03,2018,7,Pre-Monsoon,9.809722,78.055,Original,1523.0,2660,8.2,0.13,4.0,52,89.91,386.0,14.0,397,226,0.0,683.2,560,0.0,1.204984,61.86079,181.55,Poor,7.51,1.2,63.17,S1 (Low),C4 (Very High),C4-S1,Safe (<1.25),Doubtful to Unsuitable,Marginal / Moderate,Safe (<1.0 mg/L),Natural Background (<10 mg/L),Within Drinking Norms,Permissible / Marginal
501037,Madurai,Thirumangalam,Mykudi,2018-07-03,2018,7,Pre-Monsoon,9.787778,78.016667,Original,4808.0,8390,8.8,0.53,9.0,160,255.15,1288.0,7.0,2446,466,18.0,256.2,240,15.0,0.0,65.76891,440.14,Unsuitable,14.71,-24.19,65.97,S2 (Medium),C4 (Very High),C4-S2,Safe (<1.25),Unsuitable,Unsuitable,Safe (<1.0 mg/L),Natural Background (<10 mg/L),Within Drinking Norms,Unsafe for Drinking
501053,Madurai,Vadipatti,Alagapuri,2018-07-07,2018,7,Pre-Monsoon,10.056389,78.069722,Original,384.0,760,8.1,0.07,5.0,36,59.535,25.0,0.1,35,31,3.332483,281.6046,285,0.0,0.0,13.96735,70.44,Good,0.59,-1.97,13.99,S1 (Low),C3 (High),C3-S1,Safe (<1.25),Permissible to Doubtful,Good / Permissible,Safe (<1.0 mg/L),Natural Background (<10 mg/L),Within Drinking Norms,Permissible / Marginal
81001B,Madurai,Madurai North,Kochadai,2018-07-04,2018,7,Pre-Monsoon,9.943333,78.0775,Original,711.0,1270,8.1,0.88,0.1,40,36.45,179.0,3.0,191,72,0.0,378.2,310,0.0,1.203597,60.55243,104.02,Poor,4.92,1.2,61.14,S1 (Low),C3 (High),C3-S1,Safe (<1.25),Doubtful to Unsuitable,Marginal / Moderate,Safe (<1.0 mg/L),Natural Background (<10 mg/L),Within Drinking Norms,Permissible / Marginal
83005,Madurai,Madurai South,Thiruparankundram,2018-07-03,2018,7,Pre-Monsoon,9.879167,78.114444,Original,2028.0,3560,8.2,0.96,12.0,80,102.06,552.0,9.0,709,183,0.0,683.2,560,0.0,0.0,65.54641,228.19,Very Poor,9.64,-1.2,66.16,S1 (Low),C4 (Very High),C4-S1,Safe (<1.25),Unsuitable,Unsuitable,Safe (<1.0 mg/L),Acceptable (10-45 mg/L),Within Drinking Norms,Unsafe for Drinking
83006A,Madurai,Thirumangalam,Sathankudi,2018-07-02,2018,7,Pre-Monsoon,9.7891,77.962,Gazetteer,1707.0,2870,8.2,0.91,53.0,72,119.07,322.0,75.0,440,141,0.0,603.9,495,0.0,0.0,47.77731,227.9,Very Poor,5.41,-3.5,54.31,S1 (Low),C4 (Very High),C4-S1,Safe (<1.25),Doubtful to Unsuitable,Marginal / Moderate,Safe (<1.0 mg/L),Anthropogenic High (45-100 mg/L),Agricultural Fertilizer Runoff,Unsafe for Drinking
83007B,Madurai,Peraiyur,Chinnakattalai,2018-07-04,2018,7,Pre-Monsoon,9.951944,77.800556,Well-History,2206.0,3890,8.2,0.98,9.0,80,165.24,478.0,24.0,822,353,0.0,488.0,400,0.0,0.0,53.31883,247.89,Very Poor,7.01,-9.59,54.88,S1 (Low),C4 (Very High),C4-S1,Safe (<1.25),Unsuitable,Unsuitable,Safe (<1.0 mg/L),Natural Background (<10 mg/L),Within Drinking Norms,Unsafe for Drinking
83008,Madurai,Peraiyur,Elumalai,2018-07-09,2018,7,Pre-Monsoon,9.861111,77.701111,Well-History,596.0,1030,8.0,0.82,21.0,54,48.6,83.0,3.0,113,47,0.0,305.0,250,0.0,0.0,34.77765,93.57,Good,1.97,-1.7,35.5,S1 (Low),C3 (High),C3-S1,Safe (<1.25),Permissible to Doubtful,Good / Permissible,Safe (<1.0 mg/L),Acceptable (10-45 mg/L),Within Drinking Norms,Permissible / Marginal
83048,Madurai,Thirumangalam,Puliankulam (M),2018-07-03,2018,7,Pre-Monsoon,9.651667,77.909167,Original,526.0,970,8.0,0.42,3.0,46,38.88,97.0,7.0,145,15,0.0,323.3,265,0.0,0.0,42.64777,82.88,Good,2.54,-0.2,44.44,S1 (Low),C3 (High),C3-S1,Safe (<1.25),Permissible to Doubtful,Good / Permissible,Safe (<1.0 mg/L),Natural Background (<10 mg/L),Within Drinking Norms,Permissible / Marginal
83062A,Madurai,Thirumangalam,Kappalur,2018-07-02,2018,7,Pre-Monsoon,9.840278,78.016667,Original,881.0,1630,7.9,0.49,3.0,36,94.77,150.0,15.0,347,47,0.0,353.8,290,0.0,0.0,39.53541,118.49,Poor,2.98,-3.8,41.85,S1 (Low),C3 (High),C3-S1,Safe (<1.25),Permissible to Doubtful,Good / Permissible,Safe (<1.0 mg/L),Natural Background (<10 mg/L),Within Drinking Norms,Permissible / Marginal
83080A,Madurai,Vadipatti,Nagari,2018-07-07,2018,7,Pre-Monsoon,10.019444,78.016389,Village-Centroid,1287.0,2220,8.2,0.58,8.0,16,98.415,313.0,14.0,369,236,0.0,408.7,335,0.0,0.0,59.53196,158.47,Poor,6.45,-2.2,61.08,S1 (Low),C3 (High),C3-S1,Safe (<1.25),Doubtful to Unsuitable,Good / Permissible,Safe (<1.0 mg/L),Natural Background (<10 mg/L),Within Drinking Norms,Permissible / Marginal
83092AY,Madurai,Vadipatti,Nirathan,2018-07-07,2018,7,Pre-Monsoon,10.0525,77.975556,Well-History,410.0,720,8.1,1.22,1.0,20,14.58,120.0,2.0,32,53,3.098573,261.8385,265,0.0,2.1973,69.8876,78.28,Good,4.98,2.2,70.56,S1 (Low),C2 (Medium),C2-S1,Marginal (1.25-2.5),Doubtful to Unsuitable,Marginal / Moderate,Permissible (1.0-1.5 mg/L),Natural Background (<10 mg/L),Within Drinking Norms,Permissible / Marginal
21019D,Madurai,Melur,Karungalakudi,2018-07-05,2018,7,Pre-Monsoon,10.155556,78.369167,Original,425.0,740,7.9,0.52,3.0,22,24.3,99.0,4.0,121,45,1.148465,153.8118,155,0.0,0.0,57.37037,65.01,Good,3.46,-0.54,58.72,S1 (Low),C2 (Medium),C2-S1,Safe (<1.25),Permissible to Doubtful,Good / Permissible,Safe (<1.0 mg/L),Natural Background (<10 mg/L),Within Drinking Norms,Safe Drinking Water
21020D,Madurai,Melur,Pallapatti,2018-07-05,2018,7,Pre-Monsoon,10.247222,78.386111,Original,514.0,950,8.0,0.66,10.0,30,63.18,69.0,2.0,135,53,0.0,237.9,195,0.0,0.0,30.7874,83.4,Good,1.64,-2.8,31.3,S1 (Low),C3 (High),C3-S1,Safe (<1.25),Permissible to Doubtful,Good / Permissible,Safe (<1.0 mg/L),Acceptable (10-45 mg/L),Within Drinking Norms,Permissible / Marginal
21022D,Madurai,Melur,Pulipatti,2018-07-05,2018,7,Pre-Monsoon,10.086111,78.291667,Original,3502.0,6190,8.2,0.84,4.0,168,155.52,938.0,6.0,1971,134,0.0,219.6,180,0.0,0.0,65.66397,319.84,Unsuitable,12.53,-17.58,65.9,S1 (Low),C4 (Very High),C4-S1,Safe (<1.25),Unsuitable,Unsuitable,Safe (<1.0 mg/L),Natural Background (<10 mg/L),Within Drinking Norms,Unsafe for Drinking
21023D,Madurai,Melur,Uranganpatti,2018-07-04,2018,7,Pre-Monsoon,9.998333,78.43,Original,359.0,620,8.1,0.59,10.0,40,21.87,55.0,4.0,82,28,1.636635,138.3004,140,0.0,0.0,38.03135,64.71,Good,1.74,-1.47,39.65,S1 (Low),C2 (Medium),C2-S1,Safe (<1.25),Good to Permissible,Excellent,Safe (<1.0 mg/L),Acceptable (10-45 mg/L),Within Drinking Norms,Safe Drinking Water
21024D,Madurai,Melur,Thiruvadur,2018-07-04,2018,7,Pre-Monsoon,9.956944,78.319444,Original,1646.0,2710,8.2,0.29,27.0,104,48.6,345.0,129.0,432,144,0.0,646.6,530,0.0,1.409294,54.57889,225.81,Very Poor,7.0,1.41,66.57,S1 (Low),C4 (Very High),C4-S1,Marginal (1.25-2.5),Doubtful to Unsuitable,Marginal / Moderate,Safe (<1.0 mg/L),Acceptable (10-45 mg/L),Within Drinking Norms,Permissible / Marginal
21066,Madurai,Melur,Attukulam,2018-07-04,2018,7,Pre-Monsoon,10.0025,78.356667,Village-Centroid,779.0,1380,8.1,0.73,12.0,108,47.385,106.0,4.0,266,71,0.0,244.0,200,0.0,0.0,32.92915,106.31,Poor,2.14,-5.29,33.65,S1 (Low),C3 (High),C3-S1,Safe (<1.25),Permissible to Doubtful,Good / Permissible,Safe (<1.0 mg/L),Acceptable (10-45 mg/L),Within Drinking Norms,Permissible / Marginal
501013,Madurai,Melur,Veppaodappu,2018-07-04,2018,7,Pre-Monsoon,9.917222,78.303889,Original,403.0,710,8.0,1.08,8.0,36,26.73,74.0,3.0,149,12,1.023905,108.9261,110,0.0,0.0,44.14371,69.94,Good,2.28,-2.18,45.18,S1 (Low),C2 (Medium),C2-S1,Safe (<1.25),Permissible to Doubtful,Good / Permissible,Permissible (1.0-1.5 mg/L),Natural Background (<10 mg/L),Within Drinking Norms,Permissible / Marginal
501016,Madurai,Melur,Navinipatti,2018-07-04,2018,7,Pre-Monsoon,10.043889,78.362778,Original,576.0,980,8.0,0.47,15.0,54,49.815,76.0,6.0,174,69,0.0,158.6,130,0.0,0.0,32.24143,82.83,Good,1.79,-4.2,33.73,S1 (Low),C3 (High),C3-S1,Safe (<1.25),Permissible to Doubtful,Good / Permissible,Safe (<1.0 mg/L),Acceptable (10-45 mg/L),Within Drinking Norms,Permissible / Marginal
501017,Madurai,Melur,Keelaiyur,2018-07-04,2018,7,Pre-Monsoon,10.047222,78.377778,Well-History,745.0,1290,8.1,0.53,15.0,76,63.18,97.0,7.0,234,94,0.0,219.6,180,0.0,0.0,31.5105,103.1,Poor,1.99,-5.39,32.84,S1 (Low),C3 (High),C3-S1,Safe (<1.25),Permissible to Doubtful,Good / Permissible,Safe (<1.0 mg/L),Acceptable (10-45 mg/L),Within Drinking Norms,Permissible / Marginal
501020,Madurai,Melur,Sennagarampatti,2018-07-05,2018,7,Pre-Monsoon,10.080556,78.320278,Well-History,315.0,530,7.8,0.99,11.0,40,19.44,41.0,3.0,53,39,0.6778577,114.2906,115,0.0,0.0,32.6869,59.05,Good,1.33,-1.7,34.08,S1 (Low),C2 (Medium),C2-S1,Safe (<1.25),Good to Permissible,Excellent,Safe (<1.0 mg/L),Acceptable (10-45 mg/L),Within Drinking Norms,Safe Drinking Water
83095,Madurai,Melur,Pulipatti,2018-07-04,2018,7,Pre-Monsoon,10.084444,78.288889,Original,3494.0,6140,8.2,0.87,4.0,192,136.08,943.0,6.0,1971,144,0.0,164.7,135,0.0,0.0,66.21055,315.56,Unsuitable,12.72,-18.08,66.45,S1 (Low),C4 (Very High),C4-S1,Safe (<1.25),Unsuitable,Unsuitable,Safe (<1.0 mg/L),Natural Background (<10 mg/L),Within Drinking Norms,Unsafe for Drinking
83096,Madurai,Melur,Thumbalapatti,2018-07-05,2018,7,Pre-Monsoon,10.085278,78.359722,Well-History,733.0,1280,7.8,0.7,21.0,92,34.02,122.0,13.0,188,13,0.0,353.8,290,0.0,0.0,40.72712,102.94,Poor,2.76,-1.59,43.27,S1 (Low),C3 (High),C3-S1,Safe (<1.25),Permissible to Doubtful,Good / Permissible,Safe (<1.0 mg/L),Acceptable (10-45 mg/L),Within Drinking Norms,Permissible / Marginal
21071,Madurai,Melur,Pottapatty,2018-07-05,2018,7,Pre-Monsoon,10.281944,78.370556,Village-Centroid,566.0,1040,8.0,1.35,11.0,56,53.46,81.0,1.0,82,31,0.0,420.9,345,0.0,0.0,32.79728,101.27,Poor,1.86,-0.3,33.02,S1 (Low),C3 (High),C3-S1,Safe (<1.25),Permissible to Doubtful,Good / Permissible,Permissible (1.0-1.5 mg/L),Acceptable (10-45 mg/L),Within Drinking Norms,Permissible / Marginal
21001D,Madurai,Madurai South,Thiruparankundram,2019-01-09,2019,1,Post-Monsoon,9.877778,78.097222,Original,1595.0,2820,8.2,1.09,4.0,56,70.47,453.0,8.0,525,170,0.0,585.6,430,9.505896,1.005244,69.13215,187.01,Poor,9.5,1.0,69.84,S1 (Low),C4 (Very High),C4-S1,Safe (<1.25),Doubtful to Unsuitable,Marginal / Moderate,Permissible (1.0-1.5 mg/L),Natural Background (<10 mg/L),Within Drinking Norms,Permissible / Marginal
21002D,Madurai,Thirumangalam,Chokkanathapuram,2019-01-03,2019,1,Post-Monsoon,9.945556,77.975556,Original,862.0,1520,8.2,0.57,19.0,120,48.6,113.0,5.0,291,54,0.0,280.6,500,2.199497,0.0,32.70078,123.95,Poor,2.2,-5.39,33.54,S1 (Low),C3 (High),C3-S1,Safe (<1.25),Permissible to Doubtful,Good / Permissible,Safe (<1.0 mg/L),Acceptable (10-45 mg/L),Within Drinking Norms,Permissible / Marginal
21004D,Madurai,Thirumangalam,Chinna Ulagani,2019-01-09,2019,1,Post-Monsoon,9.773611,78.052222,Original,566.0,1010,8.0,0.66,1.0,32,44.955,115.0,8.0,188,44,0.0,256.2,265,3.073939,0.0,47.62641,88.06,Good,3.07,-1.1,49.56,S1 (Low),C3 (High),C3-S1,Safe (<1.25),Permissible to Doubtful,Good / Permissible,Safe (<1.0 mg/L),Natural Background (<10 mg/L),Within Drinking Norms,Permissible / Marginal
21005D,Madurai,Madurai South,Eliyarpatti,2019-01-09,2019,1,Post-Monsoon,9.794444,78.090278,Original,501.0,880,8.0,0.77,10.0,84,18.225,74.0,7.0,110,22,0.0,286.7,285,1.908049,0.0,35.41218,84.35,Good,1.91,-0.99,37.37,S1 (Low),C3 (High),C3-S1,Safe (<1.25),Permissible to Doubtful,Good / Permissible,Safe (<1.0 mg/L),Acceptable (10-45 mg/L),Within Drinking Norms,Permissible / Marginal
21006D,Madurai,Peraiyur,Elumalai RF,2019-01-10,2019,1,Post-Monsoon,9.861111,77.7,Original,365.0,670,8.1,1.3,6.0,42,34.02,37.0,7.0,74,30,2.22141,187.7156,245,1.028693,0.0,24.07894,79.49,Good,1.03,-1.75,26.75,S1 (Low),C2 (Medium),C2-S1,Safe (<1.25),Good to Permissible,Excellent,Permissible (1.0-1.5 mg/L),Natural Background (<10 mg/L),Within Drinking Norms,Permissible / Marginal
21007D,Madurai,Thirumangalam,Kallikudi,2019-01-09,2019,1,Post-Monsoon,9.693889,77.971111,Original,1896.0,3240,8.2,0.57,43.0,184,208.98,166.0,3.0,638,403,0.0,207.4,1320,1.988193,0.0,21.44115,251.92,Very Poor,1.99,-22.98,21.66,S1 (Low),C4 (Very High),C4-S1,Safe (<1.25),Unsuitable,Unsuitable,Safe (<1.0 mg/L),Acceptable (10-45 mg/L),Within Drinking Norms,Unsafe for Drinking
21009D,Madurai,Thirumangalam,Kappalur,2019-01-08,2019,1,Post-Monsoon,9.843056,78.018611,Original,1205.0,2050,8.2,0.56,36.0,112,68.04,212.0,11.0,411,69,0.0,329.4,560,3.898836,0.0,44.56748,157.07,Poor,3.9,-5.79,45.92,S1 (Low),C3 (High),C3-S1,Safe (<1.25),Doubtful to Unsuitable,Good / Permissible,Safe (<1.0 mg/L),Acceptable (10-45 mg/L),Within Drinking Norms,Permissible / Marginal
21010D,Madurai,Madurai North,Karupayoorani,2019-01-07,2019,1,Post-Monsoon,9.931944,78.177778,Original,913.0,1550,8.2,1.48,12.0,28,36.45,230.0,56.0,255,66,0.0,378.2,220,6.747499,1.802459,63.18544,142.27,Poor,6.74,1.8,72.22,S1 (Low),C3 (High),C3-S1,Marginal (1.25-2.5),Doubtful to Unsuitable,Marginal / Moderate,Permissible (1.0-1.5 mg/L),Acceptable (10-45 mg/L),Within Drinking Norms,Permissible / Marginal
21012D,Madurai,Thirumangalam,Kurayur,2019-01-09,2019,1,Post-Monsoon,9.694444,78.025,Original,2415.0,3900,8.1,0.31,61.0,104,116.64,598.0,6.0,752,355,0.0,420.9,740,9.565857,0.0,63.51534,255.55,Very Poor,9.56,-7.89,63.88,S1 (Low),C4 (Very High),C4-S1,Safe (<1.25),Unsuitable,Unsuitable,Safe (<1.0 mg/L),Anthropogenic High (45-100 mg/L),Urban Domestic / Septic Leaching,Unsafe for Drinking
21013D,Madurai,Vadipatti,Manianji,2019-01-07,2019,1,Post-Monsoon,10.004167,78.1025,Original,445.0,810,8.0,1.06,6.0,50,32.805,64.0,7.0,78,42,2.187963,232.762,260,1.727346,0.0,34.12584,82.05,Good,1.73,-1.31,36.31,S1 (Low),C3 (High),C3-S1,Safe (<1.25),Permissible to Doubtful,Good / Permissible,Permissible (1.0-1.5 mg/L),Natural Background (<10 mg/L),Within Drinking Norms,Permissible / Marginal
21015D,Madurai,Peraiyur,Peraiyur,2019-01-03,2019,1,Post-Monsoon,9.74,77.793333,Original,553.0,990,8.2,1.47,11.0,72,36.45,81.0,2.0,96,47,0.0,341.6,330,1.940608,0.0,34.65425,102.49,Poor,1.94,-0.99,35.15,S1 (Low),C3 (High),C3-S1,Safe (<1.25),Permissible to Doubtful,Good / Permissible,Permissible (1.0-1.5 mg/L),Acceptable (10-45 mg/L),Within Drinking Norms,Permissible / Marginal
21016D,Madurai,Peraiyur,Subbulapuram,2019-01-08,2019,1,Post-Monsoon,9.675556,77.809444,Original,356.0,630,8.1,0.35,9.0,66,26.73,20.0,2.0,46,56,1.870545,158.0665,275,0.5249205,0.0,13.56248,67.52,Good,0.52,-2.84,14.35,S1 (Low),C2 (Medium),C2-S1,Safe (<1.25),Good to Permissible,Excellent,Safe (<1.0 mg/L),Natural Background (<10 mg/L),Within Drinking Norms,Permissible / Marginal
21017D,Madurai,Thirumangalam,Thangalacheri,2019-01-08,2019,1,Post-Monsoon,9.836111,77.868889,Original,2025.0,3210,8.0,0.44,61.0,160,68.04,419.0,29.0,539,346,0.0,390.4,680,6.993348,0.0,55.99074,228.13,Very Poor,6.99,-7.19,58.26,S1 (Low),C4 (Very High),C4-S1,Safe (<1.25),Unsuitable,Unsuitable,Safe (<1.0 mg/L),Anthropogenic High (45-100 mg/L),Urban Domestic / Septic Leaching,Unsafe for Drinking
21018D,Madurai,Thirumangalam,Peikulam,2019-01-09,2019,1,Post-Monsoon,9.645833,77.991111,Original,1245.0,2040,8.2,0.05,18.0,116,31.59,216.0,111.0,333,157,0.0,402.6,420,4.587671,0.0,45.55836,178.9,Poor,4.59,-1.79,59.32,S1 (Low),C3 (High),C3-S1,Safe (<1.25),Doubtful to Unsuitable,Good / Permissible,Safe (<1.0 mg/L),Acceptable (10-45 mg/L),Within Drinking Norms,Permissible / Marginal
21026D,Madurai,Vadipatti,Senthamangalam,2019-01-07,2019,1,Post-Monsoon,10.138333,78.141111,Original,937.0,1600,7.8,0.38,36.0,84,77.76,133.0,11.0,206,58,0.0,414.8,530,2.51402,0.0,34.7307,129.19,Poor,2.51,-3.79,36.41,S1 (Low),C3 (High),C3-S1,Safe (<1.25),Permissible to Doubtful,Good / Permissible,Safe (<1.0 mg/L),Acceptable (10-45 mg/L),Within Drinking Norms,Permissible / Marginal
21027D,Madurai,Vadipatti,Thiruvedagam,2019-01-04,2019,1,Post-Monsoon,10.019444,77.972222,Original,541.0,1010,8.0,0.66,2.0,22,70.47,64.0,25.0,135,47,0.0,335.5,345,1.499127,0.0,26.97528,99.09,Good,1.5,-1.4,33.16,S1 (Low),C3 (High),C3-S1,Safe (<1.25),Permissible to Doubtful,Good / Permissible,Safe (<1.0 mg/L),Natural Background (<10 mg/L),Within Drinking Norms,Permissible / Marginal
21028D,Madurai,Usilampatti,Veppanuthu,2019-01-10,2019,1,Post-Monsoon,9.897222,77.841667,Original,1467.0,2520,8.2,1.37,40.0,104,111.78,258.0,16.0,411,137,0.0,500.2,720,4.184038,0.0,43.13004,200.86,Very Poor,4.18,-6.19,44.69,S1 (Low),C4 (Very High),C4-S1,Safe (<1.25),Doubtful to Unsuitable,Marginal / Moderate,Permissible (1.0-1.5 mg/L),Acceptable (10-45 mg/L),Within Drinking Norms,Unsafe for Drinking
21031D,Madurai,Usilampatti,Uthappanaickanur,2019-01-03,2019,1,Post-Monsoon,10.035556,77.791111,Original,693.0,1270,8.1,1.29,11.0,16,75.33,133.0,10.0,160,57,0.0,390.4,350,3.092923,0.0,44.37114,116.44,Poor,3.09,-0.6,46.32,S1 (Low),C3 (High),C3-S1,Safe (<1.25),Permissible to Doubtful,Good / Permissible,Permissible (1.0-1.5 mg/L),Acceptable (10-45 mg/L),Within Drinking Norms,Permissible / Marginal
21032D,Madurai,Usilampatti,Doddappanaickanur,2019-01-03,2019,1,Post-Monsoon,9.971111,77.736111,Original,1975.0,3270,8.2,1.65,73.0,64,145.8,414.0,4.0,596,240,0.0,378.2,760,6.534018,0.0,54.07518,243.24,Very Poor,6.53,-9.0,54.37,S1 (Low),C4 (Very High),C4-S1,Safe (<1.25),Unsuitable,Unsuitable,Dental Fluorosis Risk (1.5-2.0 mg/L),Anthropogenic High (45-100 mg/L),Urban Domestic / Septic Leaching,Unsafe for Drinking
21033D,Madurai,Usilampatti,Usilampatti,2019-01-03,2019,1,Post-Monsoon,9.959722,77.791667,Original,1267.0,2240,8.2,1.46,34.0,68,104.49,239.0,5.0,277,126,0.0,591.7,600,4.245568,0.0,46.17209,179.14,Poor,4.24,-2.3,46.73,S1 (Low),C3 (High),C3-S1,Safe (<1.25),Doubtful to Unsuitable,Good / Permissible,Permissible (1.0-1.5 mg/L),Acceptable (10-45 mg/L),Within Drinking Norms,Permissible / Marginal
21035D,Madurai,Madurai North,Madurai North,2019-01-08,2019,1,Post-Monsoon,9.843056,78.141667,Original,338.0,590,8.2,0.17,1.0,28,23.085,30.0,58.0,25,24,3.521868,236.3989,165,1.016353,0.6953248,21.44384,79.23,Good,1.02,0.69,45.81,S1 (Low),C2 (Medium),C2-S1,Safe (<1.25),Good to Permissible,Excellent,Safe (<1.0 mg/L),Natural Background (<10 mg/L),Within Drinking Norms,Safe Drinking Water
21036D,Madurai,Madurai North,Koolapandi,2019-01-07,2019,1,Post-Monsoon,10.008333,78.147222,Original,438.0,870,7.9,1.03,1.0,30,54.675,64.0,3.0,43,25,2.593678,347.3666,300,1.607758,0.0,31.4317,82.61,Good,1.61,-0.22,32.29,S1 (Low),C3 (High),C3-S1,Safe (<1.25),Permissible to Doubtful,Good / Permissible,Permissible (1.0-1.5 mg/L),Natural Background (<10 mg/L),Within Drinking Norms,Permissible / Marginal
21037D,Madurai,Thirumangalam,Kandai,2019-01-08,2019,1,Post-Monsoon,9.877778,77.913333,Original,930.0,1560,8.1,0.61,21.0,100,41.31,133.0,78.0,220,55,0.0,420.9,420,2.824588,0.0,35.77729,149.85,Poor,2.82,-1.49,48.11,S1 (Low),C3 (High),C3-S1,Safe (<1.25),Permissible to Doubtful,Good / Permissible,Safe (<1.0 mg/L),Acceptable (10-45 mg/L),Within Drinking Norms,Permissible / Marginal
21039,Madurai,Usilampatti,K.nattarpatti,2019-01-04,2019,1,Post-Monsoon,9.968889,77.863611,Well-History,446.0,820,8.1,0.65,4.0,44,35.235,71.0,4.0,89,40,2.747708,232.1893,255,1.93489,0.0,37.27223,78.07,Good,1.93,-1.2,38.49,S1 (Low),C3 (High),C3-S1,Safe (<1.25),Permissible to Doubtful,Good / Permissible,Safe (<1.0 mg/L),Natural Background (<10 mg/L),Within Drinking Norms,Permissible / Marginal
21040,Madurai,Peraiyur,T.kallipatti,2019-01-08,2019,1,Post-Monsoon,9.715833,77.859444,Well-History,394.0,710,8.2,1.37,4.0,52,29.16,37.0,25.0,57,30,3.448472,231.4723,250,1.018432,0.0,22.21898,90.12,Good,1.02,-1.09,31.04,S1 (Low),C2 (Medium),C2-S1,Safe (<1.25),Good to Permissible,Excellent,Permissible (1.0-1.5 mg/L),Natural Background (<10 mg/L),Within Drinking Norms,Permissible / Marginal
21041,Madurai,Peraiyur,Sedapatti,2019-01-03,2019,1,Post-Monsoon,9.826389,77.8,Well-History,133.0,230,8.0,0.29,4.0,20,10.935,7.0,5.0,25,15,0.4651575,49.48484,95,0.3125641,0.0,13.06634,38.41,Excellent,0.31,-1.07,18.55,S1 (Low),C1 (Low),C1-S1,Safe (<1.25),Excellent to Good,Excellent,Safe (<1.0 mg/L),Natural Background (<10 mg/L),Within Drinking Norms,Safe Drinking Water
21046,Madurai,Peraiyur,Perungamanallur,2019-01-03,2019,1,Post-Monsoon,9.7912,77.7731,Gazetteer,762.0,1270,8.0,1.81,11.0,20,26.73,230.0,6.0,195,81,0.0,305.0,160,7.912106,1.801693,74.90848,110.09,Poor,7.91,1.8,76.05,S1 (Low),C3 (High),C3-S1,Marginal (1.25-2.5),Doubtful to Unsuitable,Marginal / Moderate,Dental Fluorosis Risk (1.5-2.0 mg/L),Acceptable (10-45 mg/L),Within Drinking Norms,Unsafe for Drinking
21050,Madurai,Peraiyur,Mathippanur,2019-01-10,2019,1,Post-Monsoon,9.795556,77.8375,Well-History,129.0,220,8.0,0.23,1.0,20,6.075,17.0,0.1,25,12,0.6514068,69.29859,75,0.8544226,0.0,33.01129,34.34,Excellent,0.85,-0.34,33.12,S1 (Low),C1 (Low),C1-S1,Safe (<1.25),Good to Permissible,Excellent,Safe (<1.0 mg/L),Natural Background (<10 mg/L),Within Drinking Norms,Safe Drinking Water
21052,Madurai,Peraiyur,Muthunayakkapuram,2019-01-03,2019,1,Post-Monsoon,9.771389,77.812222,Well-History,1069.0,1770,8.2,0.85,43.0,56,70.47,219.0,2.0,184,116,0.0,463.6,430,4.595565,0.0,52.42511,144.99,Poor,4.59,-1.0,52.69,S1 (Low),C3 (High),C3-S1,Safe (<1.25),Permissible to Doubtful,Good / Permissible,Safe (<1.0 mg/L),Acceptable (10-45 mg/L),Within Drinking Norms,Permissible / Marginal
21059,Madurai,Vadipatti,Kadupatti,2019-01-04,2019,1,Post-Monsoon,10.022222,77.92,Well-History,133.0,240,8.0,0.17,0.5,16,4.86,30.0,2.0,21,3,0.837656,89.11234,60,1.685777,0.2901878,51.08384,34.13,Excellent,1.69,0.29,53.08,S1 (Low),C1 (Low),C1-S1,Safe (<1.25),Permissible to Doubtful,Good / Permissible,Safe (<1.0 mg/L),Natural Background (<10 mg/L),Within Drinking Norms,Safe Drinking Water
21061,Madurai,Vadipatti,Thathampatti,2019-01-04,2019,1,Post-Monsoon,10.022222,78.015556,Well-History,311.0,590,8.0,0.43,2.0,46,24.3,37.0,3.0,43,22,1.955152,207.9948,215,1.098218,0.0,26.90705,60.6,Good,1.1,-0.82,28.18,S1 (Low),C2 (Medium),C2-S1,Safe (<1.25),Good to Permissible,Excellent,Safe (<1.0 mg/L),Natural Background (<10 mg/L),Within Drinking Norms,Permissible / Marginal
21062,Madurai,Vadipatti,Periailandakulam,2019-01-04,2019,1,Post-Monsoon,10.068333,78.051389,Well-History,364.0,700,7.9,0.75,3.0,12,49.815,55.0,3.0,32,26,2.074883,277.8854,235,1.560936,0.0,33.37976,69.93,Good,1.56,-0.08,34.44,S1 (Low),C2 (Medium),C2-S1,Safe (<1.25),Good to Permissible,Excellent,Safe (<1.0 mg/L),Natural Background (<10 mg/L),Within Drinking Norms,Permissible / Marginal
21063,Madurai,Madurai North,Erukkalanatham,2019-01-07,2019,1,Post-Monsoon,9.957,78.083,Gazetteer,494.0,890,7.9,0.71,4.0,58,30.375,83.0,6.0,82,47,2.074883,277.8854,270,2.198381,0.0,39.42344,80.2,Good,2.2,-0.77,41.09,S1 (Low),C3 (High),C3-S1,Safe (<1.25),Permissible to Doubtful,Good / Permissible,Safe (<1.0 mg/L),Natural Background (<10 mg/L),Within Drinking Norms,Permissible / Marginal
21065,Madurai,Madurai North,Mangulam,2019-01-07,2019,1,Post-Monsoon,10.035833,78.25,Well-History,702.0,1220,8.0,0.22,2.0,68,23.085,161.0,2.0,284,74,0.0,158.6,265,4.304752,0.0,56.71716,88.36,Good,4.3,-2.69,57.12,S1 (Low),C3 (High),C3-S1,Safe (<1.25),Permissible to Doubtful,Good / Permissible,Safe (<1.0 mg/L),Natural Background (<10 mg/L),Within Drinking Norms,Permissible / Marginal
21068,Madurai,Vadipatti,Alanganallur,2019-01-07,2019,1,Post-Monsoon,10.048333,78.083889,Well-History,1005.0,1810,8.0,0.15,25.0,140,89.91,78.0,14.0,340,69,0.0,323.3,720,1.265075,0.0,18.70751,143.77,Poor,1.26,-9.09,20.67,S1 (Low),C3 (High),C3-S1,Safe (<1.25),Permissible to Doubtful,Good / Permissible,Safe (<1.0 mg/L),Acceptable (10-45 mg/L),Within Drinking Norms,Unsafe for Drinking
21069,Madurai,Vadipatti,Maduvarpatti,2019-01-07,2019,1,Post-Monsoon,10.080139,78.124722,Well-History,122.0,210,7.9,0.43,1.0,20,12.15,3.0,7.0,25,13,0.4443866,59.5159,100,0.1305613,0.0,5.655333,38.11,Excellent,0.13,-1.01,13.41,S1 (Low),C1 (Low),C1-S1,Safe (<1.25),Excellent to Good,Excellent,Safe (<1.0 mg/L),Natural Background (<10 mg/L),Within Drinking Norms,Safe Drinking Water
21074,Madurai,Madurai North,Chettikulam,2019-01-07,2019,1,Post-Monsoon,9.995,78.146944,Well-History,1132.0,1980,8.2,0.7,16.0,64,85.05,202.0,35.0,404,94,0.0,353.8,510,3.892163,0.0,44.21066,159.39,Poor,3.89,-4.4,48.7,S1 (Low),C3 (High),C3-S1,Safe (<1.25),Permissible to Doubtful,Good / Permissible,Safe (<1.0 mg/L),Acceptable (10-45 mg/L),Within Drinking Norms,Permissible / Marginal
21076,Madurai,Madurai North,Vayalur,2019-01-04,2019,1,Post-Monsoon,10.018333,78.053889,Well-History,361.0,690,8.0,1.08,1.0,22,41.31,58.0,4.0,43,25,2.467337,262.4827,225,1.682426,0.0,35.42156,73.99,Good,1.68,-0.11,36.84,S1 (Low),C2 (Medium),C2-S1,Safe (<1.25),Good to Permissible,Excellent,Permissible (1.0-1.5 mg/L),Natural Background (<10 mg/L),Within Drinking Norms,Permissible / Marginal
21077,Madurai,Madurai North,Elangiyendal,2019-01-07,2019,1,Post-Monsoon,9.976,78.163,Gazetteer,763.0,1360,8.2,1.09,2.0,16,25.515,248.0,7.0,262,17,0.0,359.9,145,8.961454,3.001175,77.80597,105.01,Poor,8.96,3.0,79.09,S1 (Low),C3 (High),C3-S1,Unsuitable (>2.5),Doubtful to Unsuitable,Unsuitable,Permissible (1.0-1.5 mg/L),Natural Background (<10 mg/L),Within Drinking Norms,Permissible / Marginal
21078,Madurai,Madurai North,Kalikappan,2019-01-07,2019,1,Post-Monsoon,9.939444,78.193611,Well-History,487.0,850,8.1,0.81,12.0,48,35.235,74.0,10.0,96,46,2.396842,202.5402,265,1.978266,0.0,36.70497,85.62,Good,1.98,-1.9,39.61,S1 (Low),C3 (High),C3-S1,Safe (<1.25),Permissible to Doubtful,Good / Permissible,Safe (<1.0 mg/L),Acceptable (10-45 mg/L),Within Drinking Norms,Permissible / Marginal
21079,Madurai,Madurai North,Rajakkur,2019-01-07,2019,1,Post-Monsoon,9.928611,78.238333,Well-History,1065.0,1850,8.2,0.76,2.0,12,12.15,405.0,3.0,298,20,0.0,616.1,80,19.70413,8.500019,91.3156,121.32,Poor,19.69,8.5,91.71,S3 (High),C3 (High),C3-S3,Unsuitable (>2.5),Unsuitable,Unsuitable,Safe (<1.0 mg/L),Natural Background (<10 mg/L),Within Drinking Norms,Permissible / Marginal
21080,Madurai,Madurai North,Kalimangalam,2019-01-07,2019,1,Post-Monsoon,9.878333,78.238889,Well-History,2626.0,4510,8.8,1.95,4.0,76,19.44,920.0,4.0,837,268,18.0,933.3,270,24.37103,10.50553,87.9269,274.72,Very Poor,24.36,10.5,88.15,S3 (High),C4 (Very High),C4-S3,Unsuitable (>2.5),Unsuitable,Unsuitable,Dental Fluorosis Risk (1.5-2.0 mg/L),Natural Background (<10 mg/L),Within Drinking Norms,Unsafe for Drinking
21081,Madurai,Madurai North,Elamanur,2019-01-07,2019,1,Post-Monsoon,9.900556,78.210833,Well-History,2722.0,4840,8.2,0.38,32.0,288,238.14,368.0,11.0,1319,192,0.0,323.3,1700,3.884082,0.0,31.85042,329.2,Unsuitable,3.88,-28.67,32.4,S1 (Low),C4 (Very High),C4-S1,Safe (<1.25),Unsuitable,Unsuitable,Safe (<1.0 mg/L),Acceptable (10-45 mg/L),Within Drinking Norms,Unsafe for Drinking
21082,Madurai,Madurai South,Nallur,2019-01-09,2019,1,Post-Monsoon,9.788333,78.133333,Well-History,374.0,700,8.2,0.86,1.0,50,32.805,44.0,4.0,85,19,3.228282,216.6925,260,1.187551,0.0,26.54165,76.21,Good,1.19,-1.54,27.95,S1 (Low),C2 (Medium),C2-S1,Safe (<1.25),Good to Permissible,Excellent,Safe (<1.0 mg/L),Natural Background (<10 mg/L),Within Drinking Norms,Permissible / Marginal
21083,Madurai,Madurai South,Nilaiyur,2019-01-08,2019,1,Post-Monsoon,9.855556,78.059167,Well-History,1415.0,2460,8.8,0.75,14.0,148,63.18,271.0,25.0,425,141,18.0,524.6,630,4.699203,0.0,47.12844,193.75,Poor,4.7,-3.39,49.67,S1 (Low),C4 (Very High),C4-S1,Safe (<1.25),Doubtful to Unsuitable,Marginal / Moderate,Safe (<1.0 mg/L),Acceptable (10-45 mg/L),Within Drinking Norms,Unsafe for Drinking
21084,Madurai,Madurai South,Sakkilipatti,2019-01-08,2019,1,Post-Monsoon,9.901389,78.011111,Well-History,311.0,590,8.0,0.96,12.0,44,26.73,32.0,5.0,46,31,1.815465,193.1345,220,0.9389269,0.0,23.53135,70.01,Good,0.94,-1.17,25.68,S1 (Low),C2 (Medium),C2-S1,Safe (<1.25),Good to Permissible,Excellent,Safe (<1.0 mg/L),Acceptable (10-45 mg/L),Within Drinking Norms,Permissible / Marginal
501001,Madurai,Madurai North,Oomatchikulam,2019-01-07,2019,1,Post-Monsoon,10.005,78.148056,Well-History,1367.0,2370,8.0,1.28,13.0,52,65.61,368.0,6.0,432,141,0.0,488.0,400,8.006573,0.004992421,66.26958,165.42,Poor,8.0,0.0,66.89,S1 (Low),C4 (Very High),C4-S1,Safe (<1.25),Doubtful to Unsuitable,Marginal / Moderate,Permissible (1.0-1.5 mg/L),Acceptable (10-45 mg/L),Within Drinking Norms,Permissible / Marginal
501003,Madurai,Madurai North,Varichiyur,2019-01-07,2019,1,Post-Monsoon,9.913056,78.251111,Well-History,795.0,1420,8.0,0.61,5.0,74,59.535,133.0,7.0,308,71,0.0,244.0,430,2.791161,0.0,39.74375,112.89,Poor,2.79,-4.59,40.96,S1 (Low),C3 (High),C3-S1,Safe (<1.25),Permissible to Doubtful,Good / Permissible,Safe (<1.0 mg/L),Natural Background (<10 mg/L),Within Drinking Norms,Permissible / Marginal
501004,Madurai,Madurai North,Sakkudi,2019-01-07,2019,1,Post-Monsoon,9.864167,78.223611,Well-History,406.0,710,8.0,0.45,6.0,34,20.655,76.0,20.0,74,24,1.955152,207.9948,170,2.536777,0.07804965,45.82643,71.1,Good,2.54,0.08,52.91,S1 (Low),C2 (Medium),C2-S1,Safe (<1.25),Permissible to Doubtful,Good / Permissible,Safe (<1.0 mg/L),Natural Background (<10 mg/L),Within Drinking Norms,Safe Drinking Water
501005,Madurai,Madurai North,Chithakur,2019-01-07,2019,1,Post-Monsoon,9.948333,78.243611,Well-History,882.0,1580,8.0,0.64,20.0,20,87.48,179.0,9.0,227,47,0.0,445.3,410,3.846054,0.0,48.02394,125.57,Poor,3.84,-0.9,49.43,S1 (Low),C3 (High),C3-S1,Safe (<1.25),Permissible to Doubtful,Good / Permissible,Safe (<1.0 mg/L),Acceptable (10-45 mg/L),Within Drinking Norms,Permissible / Marginal
501007,Madurai,Madurai North,Velliankundram,2019-01-07,2019,1,Post-Monsoon,10.020556,78.178333,Well-History,439.0,770,8.2,0.63,5.0,20,26.73,106.0,3.0,103,56,2.494317,167.4264,160,3.646449,0.0,58.47393,73.38,Good,3.64,-0.37,59.43,S1 (Low),C3 (High),C3-S1,Safe (<1.25),Permissible to Doubtful,Good / Permissible,Safe (<1.0 mg/L),Natural Background (<10 mg/L),Within Drinking Norms,Safe Drinking Water
501011,Madurai,Madurai South,Melakuyilkudi,2019-01-03,2019,1,Post-Monsoon,9.9225,78.036111,Well-History,863.0,1510,8.0,1.57,9.0,40,51.03,207.0,5.0,227,121,0.0,347.7,310,5.115846,0.0,58.74512,124.47,Poor,5.11,-0.5,59.57,S1 (Low),C3 (High),C3-S1,Safe (<1.25),Permissible to Doubtful,Good / Permissible,Dental Fluorosis Risk (1.5-2.0 mg/L),Natural Background (<10 mg/L),Within Drinking Norms,Unsafe for Drinking
501012,Madurai,Madurai South,Vilacherry,2019-01-08,2019,1,Post-Monsoon,9.9,78.059444,Well-History,308.0,580,8.0,0.65,4.0,42,24.3,37.0,5.0,43,17,1.862027,198.088,205,1.124663,0.0,27.59193,63.03,Good,1.12,-0.79,29.77,S1 (Low),C2 (Medium),C2-S1,Safe (<1.25),Good to Permissible,Excellent,Safe (<1.0 mg/L),Natural Background (<10 mg/L),Within Drinking Norms,Permissible / Marginal
501023,Madurai,Peraiyur,Mangalrev,2019-01-03,2019,1,Post-Monsoon,9.786111,77.797222,Well-History,543.0,940,8.0,1.36,9.0,26,30.375,129.0,4.0,113,72,0.0,256.2,190,4.072378,0.4024291,58.99982,89.69,Good,4.07,0.4,60.06,S1 (Low),C3 (High),C3-S1,Safe (<1.25),Permissible to Doubtful,Good / Permissible,Permissible (1.0-1.5 mg/L),Natural Background (<10 mg/L),Within Drinking Norms,Permissible / Marginal
501028,Madurai,Peraiyur,Athanur,2019-01-08,2019,1,Post-Monsoon,9.725,77.895556,Well-History,1302.0,2350,8.0,1.29,12.0,96,77.76,276.0,28.0,418,48,0.0,610.0,560,5.075537,0.0,50.20827,177.25,Poor,5.07,-1.19,53.19,S1 (Low),C4 (Very High),C4-S1,Safe (<1.25),Doubtful to Unsuitable,Marginal / Moderate,Permissible (1.0-1.5 mg/L),Acceptable (10-45 mg/L),Within Drinking Norms,Permissible / Marginal
501030,Madurai,Peraiyur,Mothagam,2019-01-08,2019,1,Post-Monsoon,9.679167,77.808889,Well-History,396.0,700,8.0,1.13,5.0,36,34.02,44.0,24.0,64,60,1.72234,183.2277,230,1.262531,0.0,26.8664,83.24,Good,1.26,-1.54,35.47,S1 (Low),C2 (Medium),C2-S1,Safe (<1.25),Good to Permissible,Excellent,Permissible (1.0-1.5 mg/L),Natural Background (<10 mg/L),Within Drinking Norms,Permissible / Marginal
501032,Madurai,Peraiyur,Salichanthai,2019-01-03,2019,1,Post-Monsoon,9.728333,77.801944,Well-History,3615.0,6370,8.0,0.9,5.0,272,208.98,782.0,23.0,1886,254,0.0,335.5,1540,8.671976,0.0,52.03151,388.59,Unsuitable,8.67,-25.27,52.92,S1 (Low),C4 (Very High),C4-S1,Safe (<1.25),Unsuitable,Unsuitable,Safe (<1.0 mg/L),Natural Background (<10 mg/L),Within Drinking Norms,Unsafe for Drinking
501033,Madurai,Madurai North,Samayanallur,2019-01-04,2019,1,Post-Monsoon,9.980833,78.042222,Well-History,1388.0,2520,7.9,0.86,2.0,36,75.33,396.0,4.0,425,92,0.0,701.5,400,8.61504,3.503181,68.02223,162.66,Poor,8.61,3.5,68.41,S1 (Low),C4 (Very High),C4-S1,Unsuitable (>2.5),Doubtful to Unsuitable,Unsuitable,Safe (<1.0 mg/L),Natural Background (<10 mg/L),Within Drinking Norms,Permissible / Marginal
501035,Madurai,Madurai South,Nedunkulam,2019-01-09,2019,1,Post-Monsoon,9.787222,78.178056,Well-History,484.0,860,8.0,1.64,14.0,28,38.88,90.0,5.0,64,46,2.281088,242.6689,230,2.582259,0.0,45.31336,90.72,Good,2.58,-0.54,46.78,S1 (Low),C3 (High),C3-S1,Safe (<1.25),Permissible to Doubtful,Good / Permissible,Dental Fluorosis Risk (1.5-2.0 mg/L),Acceptable (10-45 mg/L),Within Drinking Norms,Unsafe for Drinking
501036,Madurai,Madurai South,Othai Alangulam,2019-01-09,2019,1,Post-Monsoon,9.809722,78.055,Well-History,394.0,740,8.1,0.87,4.0,32,32.805,69.0,6.0,46,25,3.15705,266.78,215,2.047746,0.1816938,40.27983,75.81,Good,2.05,0.18,42.33,S1 (Low),C2 (Medium),C2-S1,Safe (<1.25),Permissible to Doubtful,Good / Permissible,Safe (<1.0 mg/L),Natural Background (<10 mg/L),Within Drinking Norms,Permissible / Marginal
501037,Madurai,Thirumangalam,Mykudi,2019-01-09,2019,1,Post-Monsoon,9.787778,78.016667,Well-History,1316.0,2340,8.2,0.32,6.0,40,92.34,327.0,15.0,532,94,0.0,378.2,480,6.494013,0.0,58.77078,160.55,Poor,6.49,-3.4,60.34,S1 (Low),C4 (Very High),C4-S1,Safe (<1.25),Doubtful to Unsuitable,Marginal / Moderate,Safe (<1.0 mg/L),Natural Background (<10 mg/L),Within Drinking Norms,Permissible / Marginal
501050,Madurai,Usilampatti,Thumbalapatti,2019-01-10,2019,1,Post-Monsoon,9.869444,77.776111,Well-History,123.0,220,8.0,0.32,4.0,16,12.15,9.0,4.0,11,12,0.6514068,69.29859,90,0.4128516,0.0,17.07973,37.91,Excellent,0.41,-0.64,21.54,S1 (Low),C1 (Low),C1-S1,Safe (<1.25),Excellent to Good,Excellent,Safe (<1.0 mg/L),Natural Background (<10 mg/L),Within Drinking Norms,Safe Drinking Water
501053,Madurai,Vadipatti,Alagapuri,2019-01-04,2019,1,Post-Monsoon,10.056389,78.069722,Well-History,1865.0,3250,8.2,0.47,37.0,144,170.1,258.0,10.0,624,317,0.0,359.9,1060,3.448268,0.0,34.35952,237.59,Very Poor,3.45,-15.29,35.13,S1 (Low),C4 (Very High),C4-S1,Safe (<1.25),Unsuitable,Unsuitable,Safe (<1.0 mg/L),Acceptable (10-45 mg/L),Within Drinking Norms,Unsafe for Drinking
501060,Madurai,Vadipatti,Thiruvalavoinallur,2019-01-04,2019,1,Post-Monsoon,10.008056,78.008611,Well-History,193.0,350,8.2,0.47,5.0,28,15.795,16.0,7.0,28,11,1.613559,108.3072,135,0.5993121,0.0,19.48338,52.05,Good,0.6,-0.87,24.49,S1 (Low),C2 (Medium),C2-S1,Safe (<1.25),Good to Permissible,Excellent,Safe (<1.0 mg/L),Natural Background (<10 mg/L),Within Drinking Norms,Safe Drinking Water
81001B,Madurai,Madurai North,Kochadai,2019-01-03,2019,1,Post-Monsoon,9.943333,78.0775,Well-History,938.0,1640,8.0,0.18,23.0,70,71.685,166.0,5.0,174,74,0.0,549.0,470,3.332003,0.0,43.13216,126.49,Poor,3.33,-0.4,43.88,S1 (Low),C3 (High),C3-S1,Safe (<1.25),Permissible to Doubtful,Good / Permissible,Safe (<1.0 mg/L),Acceptable (10-45 mg/L),Within Drinking Norms,Permissible / Marginal
83005,Madurai,Madurai South,Thiruparankundram,2019-01-09,2019,1,Post-Monsoon,9.879167,78.114444,Original,436.0,820,8.0,1.49,3.0,26,29.16,104.0,4.0,28,23,3.165772,336.7842,185,3.327255,1.928814,54.35174,82.43,Good,3.33,1.93,55.57,S1 (Low),C3 (High),C3-S1,Marginal (1.25-2.5),Permissible to Doubtful,Marginal / Moderate,Permissible (1.0-1.5 mg/L),Natural Background (<10 mg/L),Within Drinking Norms,Permissible / Marginal
83006A,Madurai,Thirumangalam,Sathankudi,2019-01-08,2019,1,Post-Monsoon,9.7891,77.962,Gazetteer,1915.0,3110,8.2,1.08,58.0,56,121.5,363.0,109.0,567,283,0.0,311.1,640,6.243189,0.0,50.33333,258.39,Very Poor,6.24,-7.7,59.21,S1 (Low),C4 (Very High),C4-S1,Safe (<1.25),Unsuitable,Unsuitable,Permissible (1.0-1.5 mg/L),Anthropogenic High (45-100 mg/L),Urban Domestic / Septic Leaching,Unsafe for Drinking
83007B,Madurai,Peraiyur,Chinnakattalai,2019-01-03,2019,1,Post-Monsoon,9.951944,77.800556,Well-History,2349.0,3990,8.0,0.99,9.0,96,160.38,501.0,19.0,908,466,0.0,311.1,900,7.266477,0.0,54.12023,267.1,Very Poor,7.26,-12.89,55.31,S1 (Low),C4 (Very High),C4-S1,Safe (<1.25),Unsuitable,Unsuitable,Safe (<1.0 mg/L),Natural Background (<10 mg/L),Within Drinking Norms,Unsafe for Drinking
83008,Madurai,Peraiyur,Elumalai,2019-01-10,2019,1,Post-Monsoon,9.861111,77.701111,Well-History,600.0,1040,8.2,0.99,22.0,40,52.245,97.0,5.0,117,50,0.0,286.7,315,2.378168,0.0,39.64553,102.3,Poor,2.38,-1.6,40.83,S1 (Low),C3 (High),C3-S1,Safe (<1.25),Permissible to Doubtful,Good / Permissible,Safe (<1.0 mg/L),Acceptable (10-45 mg/L),Within Drinking Norms,Permissible / Marginal
83048,Madurai,Thirumangalam,Puliankulam (M),2019-01-09,2019,1,Post-Monsoon,9.651667,77.909167,Original,479.0,860,8.0,1.75,5.0,18,20.655,138.0,4.0,46,48,2.793273,297.1567,130,5.266766,2.365949,68.97303,85.31,Good,5.26,2.36,70.14,S1 (Low),C3 (High),C3-S1,Marginal (1.25-2.5),Doubtful to Unsuitable,Marginal / Moderate,Dental Fluorosis Risk (1.5-2.0 mg/L),Natural Background (<10 mg/L),Within Drinking Norms,Unsafe for Drinking
83062A,Madurai,Thirumangalam,Kappalur,2019-01-08,2019,1,Post-Monsoon,9.840278,78.016667,Original,394.0,750,8.1,1.39,5.0,20,48.6,55.0,5.0,67,36,2.630753,222.3063,250,1.513476,0.0,31.82383,83.74,Good,1.51,-1.27,33.51,S1 (Low),C3 (High),C3-S1,Safe (<1.25),Permissible to Doubtful,Excellent,Permissible (1.0-1.5 mg/L),Natural Background (<10 mg/L),Within Drinking Norms,Permissible / Marginal
83072A,Madurai,Usilampatti,Valandur,2019-01-04,2019,1,Post-Monsoon,9.949722,77.871944,Well-History,459.0,860,8.0,1.18,6.0,42,52.245,53.0,7.0,74,41,2.513899,267.4361,320,1.289231,0.0,25.96272,89.12,Good,1.29,-1.93,27.97,S1 (Low),C3 (High),C3-S1,Safe (<1.25),Permissible to Doubtful,Good / Permissible,Permissible (1.0-1.5 mg/L),Natural Background (<10 mg/L),Within Drinking Norms,Permissible / Marginal
83080A,Madurai,Vadipatti,Nagari,2019-01-04,2019,1,Post-Monsoon,10.019444,78.016389,Village-Centroid,1369.0,2430,8.1,0.88,4.0,64,87.48,322.0,9.0,510,173,0.0,366.0,520,6.144361,0.0,56.86912,168.98,Poor,6.14,-4.4,57.79,S1 (Low),C4 (Very High),C4-S1,Safe (<1.25),Doubtful to Unsuitable,Marginal / Moderate,Safe (<1.0 mg/L),Natural Background (<10 mg/L),Within Drinking Norms,Permissible / Marginal
83092AY,Madurai,Vadipatti,Nirathan,2019-01-04,2019,1,Post-Monsoon,10.0525,77.975556,Well-History,242.0,430,7.9,1.09,5.0,30,23.085,19.0,6.0,32,25,1.037295,138.923,170,0.6341627,0.0,18.88313,59.3,Good,0.63,-1.09,22.38,S1 (Low),C2 (Medium),C2-S1,Safe (<1.25),Good to Permissible,Excellent,Permissible (1.0-1.5 mg/L),Natural Background (<10 mg/L),Within Drinking Norms,Permissible / Marginal
83099,Madurai,Madurai North,Kadavur,2019-01-07,2019,1,Post-Monsoon,10.075,78.175,Original,641.0,1160,8.1,0.5,16.0,74,74.115,39.0,9.0,145,66,0.0,323.3,490,0.7666811,0.0,14.47651,109.02,Poor,0.77,-4.49,16.43,S1 (Low),C3 (High),C3-S1,Safe (<1.25),Permissible to Doubtful,Good / Permissible,Safe (<1.0 mg/L),Acceptable (10-45 mg/L),Within Drinking Norms,Permissible / Marginal
21019D,Madurai,Melur,Karungalakudi,2019-01-04,2019,1,Post-Monsoon,10.155556,78.369167,Original,251.0,440,8.0,1.1,1.0,16,21.87,35.0,18.0,71,31,0.837656,89.11234,130,1.335731,0.0,33.23392,63.1,Good,1.34,-1.11,43.27,S1 (Low),C2 (Medium),C2-S1,Safe (<1.25),Good to Permissible,Excellent,Permissible (1.0-1.5 mg/L),Natural Background (<10 mg/L),Within Drinking Norms,Permissible / Marginal
21020D,Madurai,Melur,Pallapatti,2019-01-04,2019,1,Post-Monsoon,10.247222,78.386111,Original,478.0,880,7.8,1.28,1.0,22,52.245,67.0,26.0,113,44,1.444342,243.5241,270,1.774096,0.0,32.4668,91.27,Good,1.77,-1.36,39.86,S1 (Low),C3 (High),C3-S1,Safe (<1.25),Permissible to Doubtful,Good / Permissible,Permissible (1.0-1.5 mg/L),Natural Background (<10 mg/L),Within Drinking Norms,Permissible / Marginal
21022D,Madurai,Melur,Pulipatti,2019-01-04,2019,1,Post-Monsoon,10.086111,78.291667,Original,353.0,630,8.0,1.31,1.0,32,17.01,69.0,15.0,67,31,1.768902,188.1811,150,2.451935,0.146817,47.03059,73.47,Good,2.45,0.15,53.03,S1 (Low),C2 (Medium),C2-S1,Safe (<1.25),Permissible to Doubtful,Good / Permissible,Permissible (1.0-1.5 mg/L),Natural Background (<10 mg/L),Within Drinking Norms,Permissible / Marginal
21023D,Madurai,Melur,Uranganpatti,2019-01-03,2019,1,Post-Monsoon,9.998333,78.43,Original,240.0,430,8.1,1.33,3.0,28,17.01,32.0,9.0,43,25,1.402725,118.5343,140,1.177007,0.0,31.49737,64.25,Good,1.18,-0.81,36.7,S1 (Low),C2 (Medium),C2-S1,Safe (<1.25),Good to Permissible,Excellent,Permissible (1.0-1.5 mg/L),Natural Background (<10 mg/L),Within Drinking Norms,Permissible / Marginal
21024D,Madurai,Melur,Thiruvadur,2019-01-03,2019,1,Post-Monsoon,9.956944,78.319444,Original,958.0,1620,8.0,1.2,9.0,40,55.89,163.0,113.0,277,48,0.0,439.2,330,3.904374,0.6037952,42.77455,164.28,Poor,3.9,0.6,60.2,S1 (Low),C3 (High),C3-S1,Safe (<1.25),Permissible to Doubtful,Good / Permissible,Permissible (1.0-1.5 mg/L),Natural Background (<10 mg/L),Within Drinking Norms,Permissible / Marginal
21066,Madurai,Melur,Attukulam,2019-01-03,2019,1,Post-Monsoon,10.0025,78.356667,Village-Centroid,398.0,700,7.8,1.3,4.0,26,19.44,87.0,16.0,46,57,1.267461,213.701,145,3.144194,0.6478786,53.36959,74.47,Good,3.14,0.65,59.13,S1 (Low),C2 (Medium),C2-S1,Safe (<1.25),Permissible to Doubtful,Good / Permissible,Permissible (1.0-1.5 mg/L),Natural Background (<10 mg/L),Within Drinking Norms,Permissible / Marginal
21071,Madurai,Melur,Pottapatty,2019-01-04,2019,1,Post-Monsoon,10.281944,78.370556,Village-Centroid,446.0,800,7.9,1.06,8.0,26,34.02,94.0,4.0,57,24,2.11194,282.8484,205,2.856781,0.6096896,49.3334,77.49,Good,2.86,0.61,50.55,S1 (Low),C3 (High),C3-S1,Safe (<1.25),Permissible to Doubtful,Good / Permissible,Permissible (1.0-1.5 mg/L),Natural Background (<10 mg/L),Within Drinking Norms,Permissible / Marginal
501013,Madurai,Melur,Veppaodappu,2019-01-03,2019,1,Post-Monsoon,9.917222,78.303889,Well-History,579.0,1010,8.1,0.9,11.0,48,41.31,94.0,15.0,202,25,0.0,207.4,290,2.402096,0.0,39.82374,96.59,Good,2.4,-2.4,43.55,S1 (Low),C3 (High),C3-S1,Safe (<1.25),Permissible to Doubtful,Good / Permissible,Safe (<1.0 mg/L),Acceptable (10-45 mg/L),Within Drinking Norms,Permissible / Marginal
501016,Madurai,Melur,Navinipatti,2019-01-03,2019,1,Post-Monsoon,10.043889,78.362778,Well-History,594.0,1040,8.0,0.97,9.0,66,51.03,64.0,19.0,170,59,0.0,250.1,375,1.438254,0.0,25.86572,103.43,Poor,1.44,-3.39,30.37,S1 (Low),C3 (High),C3-S1,Safe (<1.25),Permissible to Doubtful,Good / Permissible,Safe (<1.0 mg/L),Natural Background (<10 mg/L),Within Drinking Norms,Permissible / Marginal
501017,Madurai,Melur,Keelaiyur,2019-01-03,2019,1,Post-Monsoon,10.047222,78.377778,Well-History,536.0,940,8.0,1.3,7.0,44,31.59,99.0,21.0,103,54,0.0,305.0,240,2.781041,0.2040513,44.67694,96.85,Good,2.78,0.2,50.24,S1 (Low),C3 (High),C3-S1,Safe (<1.25),Permissible to Doubtful,Good / Permissible,Permissible (1.0-1.5 mg/L),Natural Background (<10 mg/L),Within Drinking Norms,Permissible / Marginal
501020,Madurai,Melur,Sennagarampatti,2019-01-04,2019,1,Post-Monsoon,10.080556,78.320278,Well-History,442.0,800,8.0,0.77,2.0,20,37.665,85.0,20.0,92,25,2.32765,247.6223,205,2.583099,0.03897278,44.51196,80.3,Good,2.58,0.04,50.66,S1 (Low),C3 (High),C3-S1,Safe (<1.25),Permissible to Doubtful,Good / Permissible,Safe (<1.0 mg/L),Natural Background (<10 mg/L),Within Drinking Norms,Permissible / Marginal
83095,Madurai,Melur,Pulipatti,2019-01-03,2019,1,Post-Monsoon,10.084444,78.288889,Original,3633.0,6200,8.2,0.91,4.0,232,77.76,1035.0,29.0,1843,139,0.0,518.5,900,15.01638,0.0,70.63244,356.65,Unsuitable,15.01,-9.48,71.79,S2 (Medium),C4 (Very High),C4-S2,Safe (<1.25),Unsuitable,Unsuitable,Safe (<1.0 mg/L),Natural Background (<10 mg/L),Within Drinking Norms,Unsafe for Drinking
83096,Madurai,Melur,Thumbalapatti,2019-01-04,2019,1,Post-Monsoon,10.085278,78.359722,Well-History,602.0,1050,8.1,0.77,5.0,38,19.44,143.0,36.0,131,22,0.0,378.2,175,4.704635,2.70312,58.47669,99.04,Good,4.7,2.7,67.12,S1 (Low),C3 (High),C3-S1,Unsuitable (>2.5),Permissible to Doubtful,Unsuitable,Safe (<1.0 mg/L),Natural Background (<10 mg/L),Within Drinking Norms,Permissible / Marginal
21001D,Madurai,Madurai South,Thirupparankundram,2019-07-02,2019,7,Pre-Monsoon,9.881667,78.11,Original,1737.0,3040,8.2,0.94,1.0,96,82.62,442.0,7.0,581,250,0.0,542.9,580,7.986744,0.0,62.03019,202.68,Very Poor,7.98,-2.69,62.6,S1 (Low),C4 (Very High),C4-S1,Safe (<1.25),Unsuitable,Unsuitable,Safe (<1.0 mg/L),Natural Background (<10 mg/L),Within Drinking Norms,Permissible / Marginal
21002D,Madurai,Thirumangalam,Chokkanathapuram,2019-07-05,2019,7,Pre-Monsoon,9.941944,77.969444,Original,952.0,1640,8.2,0.34,16.0,52,43.74,235.0,4.0,390,72,0.0,164.7,310,5.80832,0.0,61.88145,116.96,Poor,5.81,-3.5,62.49,S1 (Low),C3 (High),C3-S1,Safe (<1.25),Doubtful to Unsuitable,Marginal / Moderate,Safe (<1.0 mg/L),Acceptable (10-45 mg/L),Within Drinking Norms,Permissible / Marginal
21004D,Madurai,Thirumangalam,Chinna ulagani,2019-07-01,2019,7,Pre-Monsoon,9.770556,78.053611,Original,919.0,1580,8.2,0.68,12.0,108,34.02,156.0,47.0,277,47,0.0,390.4,410,3.35339,0.0,41.94634,138.86,Poor,3.35,-1.79,49.37,S1 (Low),C3 (High),C3-S1,Safe (<1.25),Permissible to Doubtful,Good / Permissible,Safe (<1.0 mg/L),Acceptable (10-45 mg/L),Within Drinking Norms,Permissible / Marginal
21005D,Madurai,Madurai South,Eliyarpatti,2019-07-01,2019,7,Pre-Monsoon,9.794722,78.095,Original,591.0,1050,8.1,0.54,16.0,110,29.16,60.0,4.0,152,20,0.0,292.8,395,1.314068,0.0,24.61839,95.51,Good,1.31,-3.09,25.58,S1 (Low),C3 (High),C3-S1,Safe (<1.25),Permissible to Doubtful,Good / Permissible,Safe (<1.0 mg/L),Acceptable (10-45 mg/L),Within Drinking Norms,Permissible / Marginal
21006D,Madurai,Peraiyur,Elumalai RF,2019-07-10,2019,7,Pre-Monsoon,9.865278,77.711667,Original,367.0,670,8.1,0.91,4.0,22,38.88,60.0,3.0,71,31,2.338365,197.5987,215,1.780473,0.0,37.3699,72.76,Good,1.78,-0.98,38.46,S1 (Low),C2 (Medium),C2-S1,Safe (<1.25),Good to Permissible,Excellent,Safe (<1.0 mg/L),Natural Background (<10 mg/L),Within Drinking Norms,Permissible / Marginal
21007D,Madurai,Thirumangalam,Kallikudi,2019-07-01,2019,7,Pre-Monsoon,9.685278,77.975556,Original,1967.0,3450,8.2,0.7,40.0,208,208.98,147.0,24.0,695,343,0.0,329.4,1380,1.72197,0.0,18.48834,269.44,Very Poor,1.72,-22.18,20.26,S1 (Low),C4 (Very High),C4-S1,Safe (<1.25),Unsuitable,Unsuitable,Safe (<1.0 mg/L),Acceptable (10-45 mg/L),Within Drinking Norms,Unsafe for Drinking
21009A,Madurai,Thirumangalam,Utchapatti,2019-07-02,2019,7,Pre-Monsoon,9.856667,78.009444,Original,1363.0,2300,8.2,0.89,43.0,124,94.77,198.0,41.0,440,54,0.0,439.2,700,3.256779,0.0,36.41996,192.03,Poor,3.26,-6.79,40.84,S1 (Low),C4 (Very High),C4-S1,Safe (<1.25),Doubtful to Unsuitable,Marginal / Moderate,Safe (<1.0 mg/L),Acceptable (10-45 mg/L),Within Drinking Norms,Unsafe for Drinking
21010D,Madurai,Madurai North,Karupayoorani,2019-07-08,2019,7,Pre-Monsoon,9.930556,78.18,Original,940.0,1670,8.2,0.43,12.0,48,51.03,230.0,7.0,269,75,0.0,414.8,330,5.509522,0.2045236,59.6281,123.26,Poor,5.51,0.2,60.68,S1 (Low),C3 (High),C3-S1,Safe (<1.25),Permissible to Doubtful,Good / Permissible,Safe (<1.0 mg/L),Acceptable (10-45 mg/L),Within Drinking Norms,Permissible / Marginal
21012D,Madurai,Thirumangalam,Kurayur,2019-07-01,2019,7,Pre-Monsoon,9.690556,78.024722,Original,2842.0,4810,8.1,0.32,52.0,144,150.66,672.0,31.0,1021,302,0.0,579.5,980,9.341156,0.0,58.92382,310.0,Unsuitable,9.34,-10.09,60.51,S1 (Low),C4 (Very High),C4-S1,Safe (<1.25),Unsuitable,Unsuitable,Safe (<1.0 mg/L),Anthropogenic High (45-100 mg/L),Urban Domestic / Septic Leaching,Unsafe for Drinking
21013D,Madurai,Vadipatti,Manianji,2019-07-08,2019,7,Pre-Monsoon,10.006389,78.094444,Original,477.0,860,8.1,1.02,5.0,54,34.02,51.0,39.0,67,39,3.274005,276.6631,275,1.338424,0.0,25.46881,97.55,Good,1.34,-0.85,36.91,S1 (Low),C3 (High),C3-S1,Safe (<1.25),Permissible to Doubtful,Good / Permissible,Permissible (1.0-1.5 mg/L),Natural Background (<10 mg/L),Within Drinking Norms,Permissible / Marginal
21015D,Madurai,Peraiyur,Peraiyur,2019-07-05,2019,7,Pre-Monsoon,9.733611,77.791389,Original,723.0,1220,8.2,0.6,17.0,26,43.74,175.0,2.0,188,71,0.0,286.7,245,4.864766,0.0,60.60557,101.49,Poor,4.86,-0.2,61.0,S1 (Low),C3 (High),C3-S1,Safe (<1.25),Doubtful to Unsuitable,Marginal / Moderate,Safe (<1.0 mg/L),Acceptable (10-45 mg/L),Within Drinking Norms,Permissible / Marginal
21016D,Madurai,Peraiyur,Subbulapuram,2019-07-02,2019,7,Pre-Monsoon,9.673889,77.810556,Original,1067.0,1690,8.0,0.13,29.0,48,26.73,258.0,86.0,184,84,0.0,500.2,230,7.403839,3.603929,62.28784,147.35,Poor,7.4,3.6,74.49,S1 (Low),C3 (High),C3-S1,Unsuitable (>2.5),Doubtful to Unsuitable,Unsuitable,Safe (<1.0 mg/L),Acceptable (10-45 mg/L),Within Drinking Norms,Permissible / Marginal
21017D,Madurai,Thirumangalam,Thangalacheri,2019-07-02,2019,7,Pre-Monsoon,9.835833,77.868611,Original,1251.0,2030,8.2,0.8,39.0,64,51.03,290.0,51.0,248,140,0.0,469.7,370,6.560931,0.3059231,59.18933,169.62,Poor,6.56,0.3,65.3,S1 (Low),C3 (High),C3-S1,Safe (<1.25),Doubtful to Unsuitable,Good / Permissible,Safe (<1.0 mg/L),Acceptable (10-45 mg/L),Within Drinking Norms,Permissible / Marginal
21018D,Madurai,Thirumangalam,Peikulam,2019-07-01,2019,7,Pre-Monsoon,9.645278,77.997222,Original,476.0,860,8.2,0.37,5.0,34,47.385,58.0,31.0,96,35,3.668661,246.2521,280,1.508238,0.0,28.30949,90.08,Good,1.51,-1.44,37.2,S1 (Low),C3 (High),C3-S1,Safe (<1.25),Permissible to Doubtful,Good / Permissible,Safe (<1.0 mg/L),Natural Background (<10 mg/L),Within Drinking Norms,Permissible / Marginal
21026D,Madurai,Vadipatti,Senthamangalam,2019-07-08,2019,7,Pre-Monsoon,10.136111,78.145,Original,432.0,760,8.1,1.3,5.0,34,34.02,46.0,51.0,50,28,3.215528,271.7215,225,1.334488,0.06485127,25.6475,98.82,Good,1.33,0.06,42.36,S1 (Low),C3 (High),C3-S1,Safe (<1.25),Permissible to Doubtful,Good / Permissible,Permissible (1.0-1.5 mg/L),Natural Background (<10 mg/L),Within Drinking Norms,Permissible / Marginal
21027D,Madurai,Vadipatti,Thiruvedagam,2019-07-09,2019,7,Pre-Monsoon,10.017778,77.974167,Original,509.0,960,8.1,0.57,2.0,32,63.18,62.0,18.0,96,35,0.0,390.4,340,1.463013,0.0,27.0955,95.18,Good,1.46,-0.4,31.71,S1 (Low),C3 (High),C3-S1,Safe (<1.25),Permissible to Doubtful,Good / Permissible,Safe (<1.0 mg/L),Natural Background (<10 mg/L),Within Drinking Norms,Permissible / Marginal
21028D,Madurai,Usilampatti,Veppanuthu,2019-07-10,2019,7,Pre-Monsoon,9.898889,77.840833,Original,1207.0,2060,8.2,1.16,44.0,60,89.91,230.0,11.0,347,93,0.0,366.0,520,4.388758,0.0,48.3807,165.66,Poor,4.39,-4.4,49.73,S1 (Low),C3 (High),C3-S1,Safe (<1.25),Doubtful to Unsuitable,Good / Permissible,Permissible (1.0-1.5 mg/L),Acceptable (10-45 mg/L),Within Drinking Norms,Permissible / Marginal
21031D,Madurai,Usilampatti,Uthappanaickanur,2019-07-05,2019,7,Pre-Monsoon,10.0325,77.792778,Original,1236.0,2150,8.0,0.38,29.0,88,121.5,152.0,25.0,305,214,0.0,402.6,720,2.464899,0.0,30.5519,172.29,Poor,2.46,-7.79,33.49,S1 (Low),C3 (High),C3-S1,Safe (<1.25),Doubtful to Unsuitable,Good / Permissible,Safe (<1.0 mg/L),Acceptable (10-45 mg/L),Within Drinking Norms,Unsafe for Drinking
21032D,Madurai,Usilampatti,Doddappanaickanur,2019-07-05,2019,7,Pre-Monsoon,9.971667,77.735833,Original,215.0,390,8.0,0.37,1.0,22,14.58,39.0,4.0,32,17,1.210155,128.7399,115,1.582708,0.0,41.4123,46.74,Excellent,1.58,-0.15,43.9,S1 (Low),C2 (Medium),C2-S1,Safe (<1.25),Permissible to Doubtful,Good / Permissible,Safe (<1.0 mg/L),Natural Background (<10 mg/L),Within Drinking Norms,Safe Drinking Water
21033D,Madurai,Usilampatti,Usilampatti,2019-07-05,2019,7,Pre-Monsoon,9.959167,77.790278,Original,1176.0,2040,8.2,1.16,20.0,8,102.06,276.0,5.0,333,159,0.0,402.6,440,5.724123,0.0,57.35743,157.73,Poor,5.72,-2.2,57.95,S1 (Low),C3 (High),C3-S1,Safe (<1.25),Doubtful to Unsuitable,Good / Permissible,Permissible (1.0-1.5 mg/L),Acceptable (10-45 mg/L),Within Drinking Norms,Permissible / Marginal
21035D,Madurai,Madurai North,Madurai North,2019-07-05,2019,7,Pre-Monsoon,9.931667,78.133611,Original,1384.0,2490,8.2,0.9,18.0,36,104.49,327.0,16.0,326,127,0.0,732.0,520,6.239059,1.603609,56.83173,182.15,Poor,6.24,1.6,58.45,S1 (Low),C4 (Very High),C4-S1,Marginal (1.25-2.5),Doubtful to Unsuitable,Marginal / Moderate,Safe (<1.0 mg/L),Acceptable (10-45 mg/L),Within Drinking Norms,Permissible / Marginal
21036D,Madurai,Madurai North,Koolapandi,2019-07-08,2019,7,Pre-Monsoon,10.011111,78.145833,Original,498.0,920,8.1,1.23,5.0,42,51.03,62.0,19.0,85,35,3.507915,296.4291,315,1.520087,0.0,28.4539,98.0,Good,1.52,-1.32,33.57,S1 (Low),C3 (High),C3-S1,Safe (<1.25),Permissible to Doubtful,Good / Permissible,Permissible (1.0-1.5 mg/L),Natural Background (<10 mg/L),Within Drinking Norms,Permissible / Marginal
21037D,Madurai,Thirumangalam,Kandai,2019-07-02,2019,7,Pre-Monsoon,9.870556,77.913333,Original,600.0,1010,8.0,1.63,24.0,42,49.815,62.0,51.0,92,45,0.0,305.0,310,1.532303,0.0,26.44895,121.06,Poor,1.53,-1.2,39.23,S1 (Low),C3 (High),C3-S1,Safe (<1.25),Permissible to Doubtful,Good / Permissible,Dental Fluorosis Risk (1.5-2.0 mg/L),Acceptable (10-45 mg/L),Within Drinking Norms,Unsafe for Drinking
501001,Madurai,Madurai North,Oomachikulam,2019-07-08,2019,7,Pre-Monsoon,10.005,78.148056,Original,391.0,770,8.1,1.51,2.0,32,51.03,44.0,4.0,57,25,3.274005,276.6631,290,1.124254,0.0,24.49845,86.9,Good,1.12,-1.15,25.8,S1 (Low),C3 (High),C3-S1,Safe (<1.25),Permissible to Doubtful,Good / Permissible,Dental Fluorosis Risk (1.5-2.0 mg/L),Natural Background (<10 mg/L),Within Drinking Norms,Unsafe for Drinking
501003,Madurai,Madurai North,Varichiur,2019-07-08,2019,7,Pre-Monsoon,9.913056,78.251111,Original,758.0,1390,8.0,0.71,4.0,40,82.62,129.0,7.0,255,49,0.0,353.8,440,2.675817,0.0,38.47222,114.79,Poor,2.67,-3.0,39.69,S1 (Low),C3 (High),C3-S1,Safe (<1.25),Permissible to Doubtful,Good / Permissible,Safe (<1.0 mg/L),Natural Background (<10 mg/L),Within Drinking Norms,Permissible / Marginal
501004,Madurai,Madurai North,Sakkudi,2019-07-08,2019,7,Pre-Monsoon,9.864167,78.223611,Original,746.0,1310,8.0,0.7,5.0,50,41.31,166.0,17.0,206,35,0.0,414.8,295,4.205932,0.9045485,53.28869,108.02,Poor,4.2,0.9,56.49,S1 (Low),C3 (High),C3-S1,Safe (<1.25),Permissible to Doubtful,Good / Permissible,Safe (<1.0 mg/L),Natural Background (<10 mg/L),Within Drinking Norms,Permissible / Marginal
501005,Madurai,Madurai North,Chithakur,2019-07-08,2019,7,Pre-Monsoon,9.948333,78.243611,Original,854.0,1550,8.0,1.25,7.0,28,53.46,225.0,9.0,191,55,0.0,518.5,290,5.748859,2.702446,61.88953,122.53,Poor,5.75,2.7,63.33,S1 (Low),C3 (High),C3-S1,Unsuitable (>2.5),Doubtful to Unsuitable,Unsuitable,Permissible (1.0-1.5 mg/L),Natural Background (<10 mg/L),Within Drinking Norms,Permissible / Marginal
501007,Madurai,Madurai North,Velliyankundram,2019-07-01,2019,7,Pre-Monsoon,10.020556,78.178333,Original,555.0,1000,8.0,0.77,1.0,38,31.59,124.0,11.0,128,47,0.0,341.6,225,3.597452,1.103404,53.03067,88.24,Good,3.6,1.1,55.78,S1 (Low),C3 (High),C3-S1,Safe (<1.25),Permissible to Doubtful,Good / Permissible,Safe (<1.0 mg/L),Natural Background (<10 mg/L),Within Drinking Norms,Permissible / Marginal
501011,Madurai,Madurai South,Melakuilkudi,2019-07-05,2019,7,Pre-Monsoon,9.9225,78.036111,Original,840.0,1440,8.0,1.42,9.0,46,38.88,212.0,4.0,220,94,0.0,366.0,275,5.563302,0.5042331,62.22839,117.76,Poor,5.56,0.5,62.91,S1 (Low),C3 (High),C3-S1,Safe (<1.25),Doubtful to Unsuitable,Marginal / Moderate,Permissible (1.0-1.5 mg/L),Natural Background (<10 mg/L),Within Drinking Norms,Permissible / Marginal
501012,Madurai,Madurai South,Vilachery,2019-07-02,2019,7,Pre-Monsoon,9.9,78.059444,Original,466.0,850,8.1,1.05,1.0,56,36.45,60.0,5.0,92,64,2.806185,237.1309,290,1.533342,0.0,30.58968,85.91,Good,1.53,-1.81,32.08,S1 (Low),C3 (High),C3-S1,Safe (<1.25),Permissible to Doubtful,Good / Permissible,Permissible (1.0-1.5 mg/L),Natural Background (<10 mg/L),Within Drinking Norms,Permissible / Marginal
501023,Madurai,Peraiyur,Mangalrevu,2019-07-05,2019,7,Pre-Monsoon,9.786111,77.797222,Original,598.0,1050,8.2,0.36,14.0,46,48.6,101.0,4.0,131,47,0.0,317.2,315,2.476337,0.0,40.71455,94.05,Good,2.48,-1.1,41.65,S1 (Low),C3 (High),C3-S1,Safe (<1.25),Permissible to Doubtful,Good / Permissible,Safe (<1.0 mg/L),Acceptable (10-45 mg/L),Within Drinking Norms,Permissible / Marginal
501028,Madurai,Peraiyur,Athanur,2019-07-02,2019,7,Pre-Monsoon,9.725,77.895556,Original,339.0,620,8.1,1.31,3.0,34,9.72,87.0,2.0,25,17,2.92314,247.0139,125,3.387065,1.649704,59.76399,69.17,Good,3.39,1.65,60.56,S1 (Low),C2 (Medium),C2-S1,Marginal (1.25-2.5),Permissible to Doubtful,Marginal / Moderate,Permissible (1.0-1.5 mg/L),Natural Background (<10 mg/L),Within Drinking Norms,Permissible / Marginal
501030,Madurai,Peraiyur,Modhagam,2019-07-02,2019,7,Pre-Monsoon,9.679167,77.808889,Original,1189.0,1880,8.1,0.27,17.0,40,31.59,235.0,182.0,255,102,0.0,536.8,230,6.74331,4.203174,52.49407,191.41,Poor,6.74,4.2,76.39,S1 (Low),C3 (High),C3-S1,Unsuitable (>2.5),Permissible to Doubtful,Unsuitable,Safe (<1.0 mg/L),Acceptable (10-45 mg/L),Within Drinking Norms,Permissible / Marginal
501032,Madurai,Peraiyur,Salisanthai,2019-07-05,2019,7,Pre-Monsoon,9.728333,77.801944,Original,1945.0,3400,8.1,0.33,2.0,168,97.2,419.0,6.0,1035,108,0.0,207.4,820,6.368025,0.0,52.43027,213.18,Very Poor,6.37,-12.98,52.86,S1 (Low),C4 (Very High),C4-S1,Safe (<1.25),Unsuitable,Unsuitable,Safe (<1.0 mg/L),Natural Background (<10 mg/L),Within Drinking Norms,Unsafe for Drinking
501033,Madurai,Madurai North,Samayanallur,2019-07-09,2019,7,Pre-Monsoon,9.980833,78.042222,Original,1176.0,2080,8.2,0.89,5.0,36,55.89,359.0,3.0,312,58,0.0,658.8,320,8.732372,4.402944,70.69733,146.3,Poor,8.73,4.4,71.03,S1 (Low),C3 (High),C3-S1,Unsuitable (>2.5),Doubtful to Unsuitable,Unsuitable,Safe (<1.0 mg/L),Natural Background (<10 mg/L),Within Drinking Norms,Permissible / Marginal
501036,Madurai,Madurai South,Othai Alankulam,2019-07-01,2019,7,Pre-Monsoon,9.809722,78.055,Original,3353.0,6070,8.0,1.09,43.0,328,286.74,478.0,8.0,1843,62,0.0,317.2,2000,4.651286,0.0,34.10706,395.01,Unsuitable,4.65,-34.77,34.43,S1 (Low),C4 (Very High),C4-S1,Safe (<1.25),Unsuitable,Unsuitable,Permissible (1.0-1.5 mg/L),Acceptable (10-45 mg/L),Within Drinking Norms,Unsafe for Drinking
501037,Madurai,Thirumangalam,Mykudi,2019-07-01,2019,7,Pre-Monsoon,9.787778,78.016667,Original,874.0,1450,8.0,0.77,3.0,78,41.31,145.0,48.0,142,214,0.0,384.3,365,3.303143,0.0,42.53903,133.0,Poor,3.3,-0.99,50.81,S1 (Low),C3 (High),C3-S1,Safe (<1.25),Permissible to Doubtful,Good / Permissible,Safe (<1.0 mg/L),Natural Background (<10 mg/L),Within Drinking Norms,Permissible / Marginal
501053,Madurai,Vadipatti,Alagapuri,2019-07-09,2019,7,Pre-Monsoon,10.056389,78.069722,Original,467.0,900,8.0,0.89,2.0,32,59.535,64.0,3.0,50,26,3.398583,361.5514,325,1.544679,0.0,29.75294,86.37,Good,1.54,-0.46,30.56,S1 (Low),C3 (High),C3-S1,Safe (<1.25),Permissible to Doubtful,Good / Permissible,Safe (<1.0 mg/L),Natural Background (<10 mg/L),Within Drinking Norms,Permissible / Marginal
501060,Madurai,Vadipatti,Thiruvalavoyanallur,2019-07-09,2019,7,Pre-Monsoon,10.008056,78.008611,Original,1525.0,2600,8.8,0.62,22.0,164,82.62,271.0,34.0,532,127,18.0,396.5,750,4.306743,0.0,42.64699,208.27,Very Poor,4.3,-7.89,45.78,S1 (Low),C4 (Very High),C4-S1,Safe (<1.25),Doubtful to Unsuitable,Marginal / Moderate,Safe (<1.0 mg/L),Acceptable (10-45 mg/L),Within Drinking Norms,Unsafe for Drinking
81001B,Madurai,Madurai South,Kochadai,2019-07-08,2019,7,Pre-Monsoon,9.943333,78.0775,Original,605.0,1090,8.2,0.22,17.0,26,65.61,97.0,3.0,99,70,0.0,341.6,335,2.305845,0.0,38.3834,96.19,Good,2.3,-1.1,39.07,S1 (Low),C3 (High),C3-S1,Safe (<1.25),Permissible to Doubtful,Good / Permissible,Safe (<1.0 mg/L),Acceptable (10-45 mg/L),Within Drinking Norms,Permissible / Marginal
83005,Madurai,Madurai South,Tiruparankundram,2019-07-02,2019,7,Pre-Monsoon,9.879167,78.113056,Original,1972.0,3430,8.2,0.86,13.0,72,102.06,524.0,9.0,666,230,0.0,622.2,600,9.308407,0.0,65.09536,223.74,Very Poor,9.3,-1.8,65.74,S1 (Low),C4 (Very High),C4-S1,Safe (<1.25),Unsuitable,Unsuitable,Safe (<1.0 mg/L),Acceptable (10-45 mg/L),Within Drinking Norms,Permissible / Marginal
83006 A,Madurai,Thirumangalam,Santhangudi,2019-07-02,2019,7,Pre-Monsoon,9.84,77.937778,Original,1675.0,2890,8.1,1.15,44.0,68,114.21,386.0,1.0,418,149,0.0,683.2,640,6.639026,0.0,56.70927,206.63,Very Poor,6.64,-1.6,56.78,S1 (Low),C4 (Very High),C4-S1,Safe (<1.25),Doubtful to Unsuitable,Marginal / Moderate,Permissible (1.0-1.5 mg/L),Acceptable (10-45 mg/L),Within Drinking Norms,Unsafe for Drinking
83007B,Madurai,Peraiyur,Chinnakattalai,2019-07-05,2019,7,Pre-Monsoon,9.951944,77.800556,Original,2203.0,3780,8.2,0.92,4.0,120,121.5,515.0,10.0,893,331,0.0,390.4,800,7.923361,0.0,57.96887,248.14,Very Poor,7.92,-9.59,58.62,S1 (Low),C4 (Very High),C4-S1,Safe (<1.25),Unsuitable,Unsuitable,Safe (<1.0 mg/L),Natural Background (<10 mg/L),Within Drinking Norms,Unsafe for Drinking
83008,Madurai,Peraiyur,Elumalai,2019-07-10,2019,7,Pre-Monsoon,9.861111,77.701111,Original,648.0,1120,8.0,0.99,24.0,30,59.535,120.0,3.0,135,46,0.0,292.8,320,2.918783,0.0,44.64117,102.4,Poor,2.92,-1.6,45.28,S1 (Low),C3 (High),C3-S1,Safe (<1.25),Permissible to Doubtful,Good / Permissible,Safe (<1.0 mg/L),Acceptable (10-45 mg/L),Within Drinking Norms,Permissible / Marginal
83048,Madurai,Thirumangalam,Puliankulam (M),2019-07-02,2019,7,Pre-Monsoon,9.659167,77.910278,Original,379.0,640,8.0,0.62,5.0,26,10.935,81.0,38.0,28,29,2.187963,232.762,110,3.361362,1.690853,52.64505,73.91,Good,3.36,1.69,67.16,S1 (Low),C2 (Medium),C2-S1,Marginal (1.25-2.5),Permissible to Doubtful,Marginal / Moderate,Safe (<1.0 mg/L),Natural Background (<10 mg/L),Within Drinking Norms,Safe Drinking Water
83062A,Madurai,Thirumangalam,Kappalur,2019-07-02,2019,7,Pre-Monsoon,9.858611,78.023056,Original,996.0,1750,8.1,0.44,14.0,32,63.18,235.0,27.0,277,85,0.0,427.0,340,5.54529,0.203186,57.72363,134.03,Poor,5.54,0.2,61.61,S1 (Low),C3 (High),C3-S1,Safe (<1.25),Permissible to Doubtful,Good / Permissible,Safe (<1.0 mg/L),Acceptable (10-45 mg/L),Within Drinking Norms,Permissible / Marginal
83072A,Madurai,Usilampatti,Valandur,2019-07-09,2019,7,Pre-Monsoon,9.949722,77.871944,Original,562.0,1030,8.1,0.62,2.0,58,36.45,106.0,3.0,142,51,0.0,317.2,295,2.685869,0.0,43.5742,89.67,Good,2.68,-0.7,44.29,S1 (Low),C3 (High),C3-S1,Safe (<1.25),Permissible to Doubtful,Good / Permissible,Safe (<1.0 mg/L),Natural Background (<10 mg/L),Within Drinking Norms,Permissible / Marginal
83080 A,Madurai,Vadipatti,Nagari,2019-07-09,2019,7,Pre-Monsoon,10.019444,78.016389,Original,301.0,560,8.2,0.61,1.0,26,31.59,30.0,18.0,50,27,2.714507,182.2063,195,0.9348369,0.0,23.04586,69.58,Good,0.93,-0.82,31.17,S1 (Low),C2 (Medium),C2-S1,Safe (<1.25),Good to Permissible,Excellent,Safe (<1.0 mg/L),Natural Background (<10 mg/L),Within Drinking Norms,Safe Drinking Water
83092AY,Madurai,Vadipatti,Vadipatti,2019-07-09,2019,7,Pre-Monsoon,10.0525,77.975556,Original,409.0,790,8.0,1.52,1.0,50,47.385,30.0,9.0,53,56,2.420775,257.5292,320,0.7297922,0.0,16.45646,89.29,Good,0.73,-2.09,19.35,S1 (Low),C3 (High),C3-S1,Safe (<1.25),Permissible to Doubtful,Good / Permissible,Dental Fluorosis Risk (1.5-2.0 mg/L),Natural Background (<10 mg/L),Within Drinking Norms,Unsafe for Drinking
Ex-21040,Madurai,Peraiyur,T.kallupatti,2019-07-01,2019,7,Pre-Monsoon,9.715833,77.859444,Original,340.0,640,8.0,1.11,1.0,44,21.87,55.0,3.0,46,23,2.187963,232.762,200,1.692619,0.0,37.00744,69.57,Good,1.69,-0.11,38.18,S1 (Low),C2 (Medium),C2-S1,Safe (<1.25),Good to Permissible,Excellent,Permissible (1.0-1.5 mg/L),Natural Background (<10 mg/L),Within Drinking Norms,Permissible / Marginal
Ex-21041,Madurai,Peraiyur,Sedapatti,2019-07-05,2019,7,Pre-Monsoon,9.826389,77.8,Original,667.0,1180,8.1,1.36,5.0,16,60.75,143.0,2.0,103,142,0.0,359.9,290,3.6534,0.1017719,51.53927,108.72,Poor,3.65,0.1,51.95,S1 (Low),C3 (High),C3-S1,Safe (<1.25),Permissible to Doubtful,Good / Permissible,Permissible (1.0-1.5 mg/L),Natural Background (<10 mg/L),Within Drinking Norms,Permissible / Marginal
HP 21074,Madurai,Madurai North,Chettikulam,2019-07-08,2019,7,Pre-Monsoon,9.995,78.146944,Original,1002.0,1840,8.2,1.0,21.0,40,99.63,184.0,10.0,241,50,0.0,567.3,510,3.544984,0.0,43.37066,149.82,Poor,3.54,-0.9,44.74,S1 (Low),C3 (High),C3-S1,Safe (<1.25),Permissible to Doubtful,Good / Permissible,Permissible (1.0-1.5 mg/L),Acceptable (10-45 mg/L),Within Drinking Norms,Permissible / Marginal
HP 21076,Madurai,Madurai North,Vayalur,2019-07-09,2019,7,Pre-Monsoon,10.018333,78.053889,Original,483.0,920,8.1,0.98,2.0,26,48.6,90.0,4.0,121,27,3.040096,256.897,265,2.405576,0.0,42.03204,86.08,Good,2.4,-0.99,43.12,S1 (Low),C3 (High),C3-S1,Safe (<1.25),Permissible to Doubtful,Good / Permissible,Safe (<1.0 mg/L),Natural Background (<10 mg/L),Within Drinking Norms,Permissible / Marginal
HP 21077,Madurai,Madurai North,Elanthgiyendal,2019-07-02,2019,7,Pre-Monsoon,9.949722,78.230833,Original,487.0,900,8.0,1.05,3.0,24,43.74,97.0,5.0,103,34,2.513899,267.4361,240,2.724378,0.0,46.14177,84.23,Good,2.72,-0.33,47.53,S1 (Low),C3 (High),C3-S1,Safe (<1.25),Permissible to Doubtful,Good / Permissible,Permissible (1.0-1.5 mg/L),Natural Background (<10 mg/L),Within Drinking Norms,Permissible / Marginal
HP 21078,Madurai,Madurai North,Kalikappan,2019-07-08,2019,7,Pre-Monsoon,9.939444,78.193611,Original,504.0,930,8.1,0.85,7.0,34,53.46,74.0,9.0,99,40,0.0,329.4,305,1.843714,0.0,33.72299,92.27,Good,1.84,-0.7,36.12,S1 (Low),C3 (High),C3-S1,Safe (<1.25),Permissible to Doubtful,Good / Permissible,Safe (<1.0 mg/L),Natural Background (<10 mg/L),Within Drinking Norms,Permissible / Marginal
HP 21079,Madurai,Madurai North,Rajakkoor,2019-07-08,2019,7,Pre-Monsoon,9.928611,78.238333,Original,1062.0,1850,8.2,0.76,2.0,16,7.29,405.0,3.0,305,20,0.0,597.8,70,21.0681,8.400355,92.27362,120.13,Poor,21.06,8.4,92.67,S3 (High),C3 (High),C3-S3,Unsuitable (>2.5),Unsuitable,Unsuitable,Safe (<1.0 mg/L),Natural Background (<10 mg/L),Within Drinking Norms,Permissible / Marginal
HP 21080,Madurai,Madurai North,Kalimangalam,2019-07-08,2019,7,Pre-Monsoon,9.878333,78.238889,Original,2676.0,4580,8.8,2.02,2.0,36,17.01,984.0,8.0,879,240,18.0,969.9,160,33.85722,13.30162,92.63912,275.04,Very Poor,33.84,13.3,93.08,S4 (Very High),C4 (Very High),C4-S4,Unsuitable (>2.5),Unsuitable,Unsuitable,Skeletal Fluorosis Risk (>2.0 mg/L),Natural Background (<10 mg/L),Within Drinking Norms,Unsafe for Drinking
HP 21081,Madurai,Madurai North,Elamanur,2019-07-08,2019,7,Pre-Monsoon,9.900556,78.210833,Original,2463.0,4480,8.2,0.18,25.0,200,262.44,304.0,11.0,1191,211,0.0,347.7,1580,3.327904,0.0,29.33209,305.58,Unsuitable,3.33,-25.88,29.94,S1 (Low),C4 (Very High),C4-S1,Safe (<1.25),Unsuitable,Unsuitable,Safe (<1.0 mg/L),Acceptable (10-45 mg/L),Within Drinking Norms,Unsafe for Drinking
HP 21082,Madurai,Madurai South,Nallur,2019-07-01,2019,7,Pre-Monsoon,9.788333,78.133333,Original,383.0,700,8.0,0.34,6.0,60,31.59,37.0,3.0,85,16,1.908589,203.0414,280,0.962341,0.0,22.10753,68.28,Good,0.96,-2.2,23.15,S1 (Low),C2 (Medium),C2-S1,Safe (<1.25),Good to Permissible,Excellent,Safe (<1.0 mg/L),Natural Background (<10 mg/L),Within Drinking Norms,Permissible / Marginal
HP 21083,Madurai,Madurai South,Nilaiyur,2019-07-08,2019,7,Pre-Monsoon,9.855556,78.059167,Original,660.0,1170,8.0,0.63,5.0,56,36.45,138.0,6.0,209,53,0.0,274.5,290,3.526687,0.0,50.23066,95.18,Good,3.53,-1.3,51.5,S1 (Low),C3 (High),C3-S1,Safe (<1.25),Permissible to Doubtful,Good / Permissible,Safe (<1.0 mg/L),Natural Background (<10 mg/L),Within Drinking Norms,Permissible / Marginal
HP 21084,Madurai,Madurai South,Sakkilipatti,2019-07-02,2019,7,Pre-Monsoon,9.901389,78.011111,Original,719.0,1340,8.0,0.83,3.0,54,54.675,143.0,5.0,209,46,0.0,390.4,360,3.279684,0.0,45.93233,107.8,Poor,3.28,-0.8,46.86,S1 (Low),C3 (High),C3-S1,Safe (<1.25),Permissible to Doubtful,Good / Permissible,Safe (<1.0 mg/L),Natural Background (<10 mg/L),Within Drinking Norms,Permissible / Marginal
HP21068,Madurai,Vadipatti,Alanganallur,2019-07-08,2019,7,Pre-Monsoon,10.048333,78.083889,Original,1022.0,1870,8.1,0.4,26.0,152,104.49,58.0,5.0,340,53,0.0,390.4,810,0.886885,0.0,13.39483,152.66,Poor,0.89,-9.79,14.07,S1 (Low),C3 (High),C3-S1,Safe (<1.25),Permissible to Doubtful,Good / Permissible,Safe (<1.0 mg/L),Acceptable (10-45 mg/L),Within Drinking Norms,Unsafe for Drinking
HP21069,Madurai,Vadipatti,Muduvarpatti,2019-07-09,2019,7,Pre-Monsoon,10.080278,78.124722,Original,774.0,1330,8.0,0.37,11.0,80,37.665,120.0,51.0,230,43,0.0,323.3,355,2.771938,0.0,38.33541,119.49,Poor,2.77,-1.79,47.91,S1 (Low),C3 (High),C3-S1,Safe (<1.25),Permissible to Doubtful,Good / Permissible,Safe (<1.0 mg/L),Acceptable (10-45 mg/L),Within Drinking Norms,Permissible / Marginal
MWS21044,Madurai,Usilampatti,Sangampatti,2019-07-05,2019,7,Pre-Monsoon,9.948333,77.898333,Original,960.0,1670,8.0,0.8,6.0,20,65.61,225.0,32.0,255,117,0.0,439.2,320,5.472357,0.8020633,57.56219,134.2,Poor,5.47,0.8,62.36,S1 (Low),C3 (High),C3-S1,Safe (<1.25),Permissible to Doubtful,Good / Permissible,Safe (<1.0 mg/L),Natural Background (<10 mg/L),Within Drinking Norms,Permissible / Marginal
MWS21046,Madurai,Peraiyur,Perunkamanallur,2019-07-05,2019,7,Pre-Monsoon,9.862778,77.818056,Original,677.0,1150,8.1,1.85,14.0,14,32.805,189.0,4.0,181,58,0.0,274.5,170,6.306994,1.101293,70.13663,106.28,Poor,6.3,1.1,71.0,S1 (Low),C3 (High),C3-S1,Safe (<1.25),Doubtful to Unsuitable,Marginal / Moderate,Dental Fluorosis Risk (1.5-2.0 mg/L),Acceptable (10-45 mg/L),Within Drinking Norms,Unsafe for Drinking
MWS21048,Madurai,Peraiyur,Pappinaickenpatti,2019-07-10,2019,7,Pre-Monsoon,9.820278,77.711111,Original,383.0,680,8.1,0.56,1.0,6,13.365,124.0,2.0,43,48,2.68923,227.2478,70,6.448532,2.415322,78.80849,61.63,Good,6.45,2.41,79.55,S1 (Low),C2 (Medium),C2-S1,Marginal (1.25-2.5),Doubtful to Unsuitable,Marginal / Moderate,Safe (<1.0 mg/L),Natural Background (<10 mg/L),Within Drinking Norms,Safe Drinking Water
MWS21050,Madurai,Thirumangalam,Mathipanur,2019-07-10,2019,7,Pre-Monsoon,9.795556,77.8375,Original,191.0,340,8.2,0.38,1.0,28,10.935,28.0,3.0,39,16,1.466766,98.45399,115,1.136429,0.0,33.90847,47.67,Excellent,1.14,-0.63,36.03,S1 (Low),C2 (Medium),C2-S1,Safe (<1.25),Good to Permissible,Excellent,Safe (<1.0 mg/L),Natural Background (<10 mg/L),Within Drinking Norms,Safe Drinking Water
MWS21052,Madurai,Peraiyur,Muthunagayapuram,2019-07-05,2019,7,Pre-Monsoon,9.771389,77.812222,Original,530.0,920,8.0,0.45,14.0,28,38.88,108.0,3.0,131,45,0.0,231.8,230,3.098711,0.0,50.12975,80.54,Good,3.1,-0.8,50.93,S1 (Low),C3 (High),C3-S1,Safe (<1.25),Permissible to Doubtful,Good / Permissible,Safe (<1.0 mg/L),Acceptable (10-45 mg/L),Within Drinking Norms,Permissible / Marginal
MWS21056,Madurai,Usilampatti,Meikkilarpatti,2019-07-05,2019,7,Pre-Monsoon,9.980556,77.802778,Original,993.0,1810,8.2,0.22,8.0,32,109.35,166.0,36.0,355,69,0.0,378.2,530,3.137148,0.0,38.53765,146.77,Poor,3.14,-4.4,43.44,S1 (Low),C3 (High),C3-S1,Safe (<1.25),Permissible to Doubtful,Good / Permissible,Safe (<1.0 mg/L),Natural Background (<10 mg/L),Within Drinking Norms,Permissible / Marginal
MWS21059,Madurai,Vadipatti,Kaupatti,2019-07-09,2019,7,Pre-Monsoon,10.022222,77.92,Original,830.0,1400,8.0,1.21,22.0,48,66.825,129.0,34.0,220,88,0.0,292.8,395,2.824309,0.0,39.03404,132.27,Poor,2.82,-3.1,45.07,S1 (Low),C3 (High),C3-S1,Safe (<1.25),Permissible to Doubtful,Good / Permissible,Permissible (1.0-1.5 mg/L),Acceptable (10-45 mg/L),Within Drinking Norms,Permissible / Marginal
MWS21061,Madurai,Vadipatti,Thathampatti,2019-07-09,2019,7,Pre-Monsoon,10.022222,78.015556,Original,439.0,790,8.1,0.43,4.0,48,21.87,81.0,16.0,78,25,2.92314,247.0139,210,2.432735,0.0,43.34982,76.09,Good,2.43,-0.05,48.37,S1 (Low),C3 (High),C3-S1,Safe (<1.25),Permissible to Doubtful,Good / Permissible,Safe (<1.0 mg/L),Natural Background (<10 mg/L),Within Drinking Norms,Permissible / Marginal
MWS21062,Madurai,Vadipatti,PeriyaIanthaikulam,2019-07-09,2019,7,Pre-Monsoon,10.068333,78.051389,Original,436.0,830,8.0,0.86,2.0,32,58.32,32.0,31.0,35,31,3.165772,336.7842,320,0.7783524,0.0,16.2214,92.62,Good,0.78,-0.77,25.45,S1 (Low),C3 (High),C3-S1,Safe (<1.25),Permissible to Doubtful,Good / Permissible,Safe (<1.0 mg/L),Natural Background (<10 mg/L),Within Drinking Norms,Permissible / Marginal
MWS21063,Madurai,Madurai North,Erukalnatham,2019-07-08,2019,7,Pre-Monsoon,10.014722,78.173889,Original,440.0,840,8.0,0.76,1.0,50,40.095,55.0,10.0,85,36,2.420775,257.5292,290,1.405502,0.0,28.33646,81.21,Good,1.4,-1.49,31.36,S1 (Low),C3 (High),C3-S1,Safe (<1.25),Permissible to Doubtful,Good / Permissible,Safe (<1.0 mg/L),Natural Background (<10 mg/L),Within Drinking Norms,Permissible / Marginal
MWS21065,Madurai,Madurai North,Mangulam,2019-07-08,2019,7,Pre-Monsoon,10.049167,78.25,Original,432.0,780,8.1,0.89,4.0,44,20.655,92.0,3.0,74,35,2.806185,237.1309,195,2.867393,0.08494288,50.18539,75.63,Good,2.87,0.08,51.14,S1 (Low),C3 (High),C3-S1,Safe (<1.25),Permissible to Doubtful,Good / Permissible,Safe (<1.0 mg/L),Natural Background (<10 mg/L),Within Drinking Norms,Safe Drinking Water
21019D,Madurai,Melur,Karungalakudi,2019-07-02,2019,7,Pre-Monsoon,10.158333,78.364167,Original,1182.0,2070,8.2,0.51,16.0,12,121.5,276.0,3.0,440,80,0.0,353.8,530,5.215566,0.0,52.93619,153.4,Poor,5.21,-4.8,53.26,S1 (Low),C3 (High),C3-S1,Safe (<1.25),Doubtful to Unsuitable,Good / Permissible,Safe (<1.0 mg/L),Acceptable (10-45 mg/L),Within Drinking Norms,Permissible / Marginal
21020D,Madurai,Melur,Pallapatti,2019-07-02,2019,7,Pre-Monsoon,10.249444,78.386111,Original,257.0,470,8.0,0.26,0.5,18,17.01,53.0,5.0,71,19,1.11703,118.833,115,2.150702,0.0,48.72636,49.09,Excellent,2.15,-0.31,51.42,S1 (Low),C2 (Medium),C2-S1,Safe (<1.25),Permissible to Doubtful,Good / Permissible,Safe (<1.0 mg/L),Natural Background (<10 mg/L),Within Drinking Norms,Safe Drinking Water
21022D,Madurai,Melur,Pulipatti,2019-07-02,2019,7,Pre-Monsoon,10.083889,78.288611,Original,820.0,1430,8.2,0.92,4.0,68,14.58,221.0,16.0,184,46,0.0,500.2,230,6.343215,3.605619,65.77241,115.48,Poor,6.34,3.6,68.56,S1 (Low),C3 (High),C3-S1,Unsuitable (>2.5),Doubtful to Unsuitable,Unsuitable,Safe (<1.0 mg/L),Natural Background (<10 mg/L),Within Drinking Norms,Permissible / Marginal
21023D,Madurai,Melur,Uranganpatti,2019-07-01,2019,7,Pre-Monsoon,9.992778,78.431111,Original,582.0,1040,8.0,0.85,0.5,34,35.235,133.0,7.0,202,54,0.0,231.8,230,3.816216,0.0,54.78183,88.65,Good,3.81,-0.8,56.46,S1 (Low),C3 (High),C3-S1,Safe (<1.25),Permissible to Doubtful,Good / Permissible,Safe (<1.0 mg/L),Natural Background (<10 mg/L),Within Drinking Norms,Permissible / Marginal
21024D,Madurai,Melur,Thiruvadur,2019-07-01,2019,7,Pre-Monsoon,9.956667,78.3175,Original,1225.0,2010,8.2,0.29,18.0,20,51.03,258.0,168.0,333,41,0.0,549.0,260,6.961666,3.80158,54.17124,193.98,Poor,6.96,3.8,74.9,S1 (Low),C3 (High),C3-S1,Unsuitable (>2.5),Doubtful to Unsuitable,Unsuitable,Safe (<1.0 mg/L),Acceptable (10-45 mg/L),Within Drinking Norms,Permissible / Marginal
501013,Madurai,Melur,Veppaodappu,2019-07-01,2019,7,Pre-Monsoon,9.917222,78.303889,Original,563.0,1010,8.0,0.31,4.0,54,46.17,85.0,13.0,167,35,0.0,292.8,325,2.05182,0.0,35.13239,89.22,Good,2.05,-1.7,38.28,S1 (Low),C3 (High),C3-S1,Safe (<1.25),Permissible to Doubtful,Good / Permissible,Safe (<1.0 mg/L),Natural Background (<10 mg/L),Within Drinking Norms,Permissible / Marginal
501016,Madurai,Melur,Navinipatti,2019-07-01,2019,7,Pre-Monsoon,10.043889,78.362778,Original,585.0,1000,8.2,0.56,6.0,24,29.16,145.0,15.0,191,55,0.0,201.3,180,4.702878,0.0,61.3057,89.06,Good,4.7,-0.3,65.02,S1 (Low),C3 (High),C3-S1,Safe (<1.25),Doubtful to Unsuitable,Marginal / Moderate,Safe (<1.0 mg/L),Natural Background (<10 mg/L),Within Drinking Norms,Permissible / Marginal
501017,Madurai,Melur,Keelayur,2019-07-01,2019,7,Pre-Monsoon,10.047222,78.377778,Original,459.0,850,8.0,0.27,3.0,60,36.45,53.0,10.0,152,24,1.675778,178.2742,300,1.331706,0.0,26.94817,76.21,Good,1.33,-3.02,29.93,S1 (Low),C3 (High),C3-S1,Safe (<1.25),Permissible to Doubtful,Good / Permissible,Safe (<1.0 mg/L),Natural Background (<10 mg/L),Within Drinking Norms,Permissible / Marginal
501020,Madurai,Melur,Sennagarampatti,2019-07-02,2019,7,Pre-Monsoon,10.080556,78.320278,Original,560.0,1030,8.1,0.89,2.0,34,51.03,87.0,28.0,149,36,0.0,329.4,295,2.204061,0.0,36.40018,101.84,Poor,2.2,-0.5,43.28,S1 (Low),C3 (High),C3-S1,Safe (<1.25),Permissible to Doubtful,Good / Permissible,Safe (<1.0 mg/L),Natural Background (<10 mg/L),Within Drinking Norms,Permissible / Marginal
83095,Madurai,Melur,Pulipatti,2019-07-01,2019,7,Pre-Monsoon,10.084722,78.288611,Original,842.0,1390,8.2,0.91,4.0,52,24.3,175.0,78.0,184,122,0.0,384.3,230,5.022168,1.704516,53.59972,137.52,Poor,5.02,1.7,67.64,S1 (Low),C3 (High),C3-S1,Marginal (1.25-2.5),Permissible to Doubtful,Marginal / Moderate,Safe (<1.0 mg/L),Natural Background (<10 mg/L),Within Drinking Norms,Permissible / Marginal
83096,Madurai,Melur,Thumbaipatti,2019-07-02,2019,7,Pre-Monsoon,10.085278,78.359722,Original,656.0,1180,8.1,0.65,3.0,60,32.805,133.0,20.0,181,24,0.0,384.3,285,3.42872,0.6054183,48.24814,102.23,Poor,3.43,0.6,52.5,S1 (Low),C3 (High),C3-S1,Safe (<1.25),Permissible to Doubtful,Good / Permissible,Safe (<1.0 mg/L),Natural Background (<10 mg/L),Within Drinking Norms,Permissible / Marginal
Ex-21071,Madurai,Melur,Pottapatty,2019-07-02,2019,7,Pre-Monsoon,10.281944,78.370556,Original,403.0,710,8.1,1.33,6.0,16,34.02,87.0,2.0,74,35,2.45532,207.4817,180,2.821461,0.0,50.9096,78.01,Good,2.82,-0.12,51.58,S1 (Low),C2 (Medium),C2-S1,Safe (<1.25),Permissible to Doubtful,Good / Permissible,Permissible (1.0-1.5 mg/L),Natural Background (<10 mg/L),Within Drinking Norms,Permissible / Marginal
MWS21066,Madurai,Melur,Attukulam,2019-07-01,2019,7,Pre-Monsoon,10.0025,78.356667,Original,386.0,700,8.1,0.54,2.0,22,40.095,64.0,3.0,96,34,2.22141,187.7156,220,1.877457,0.0,38.35653,69.94,Good,1.88,-1.25,39.4,S1 (Low),C2 (Medium),C2-S1,Safe (<1.25),Good to Permissible,Excellent,Safe (<1.0 mg/L),Natural Background (<10 mg/L),Within Drinking Norms,Permissible / Marginal
21001D,Madurai,Madurai South,Thirupparankundram,2020-01-07,2020,1,Post-Monsoon,9.881667,78.11,Original,763.0,1310,8.0,0.99,14.0,42,44.955,166.0,17.0,220,48,0.0,323.3,290,4.241813,0.0,53.68211,112.19,Poor,4.24,-0.5,56.9,S1 (Low),C3 (High),C3-S1,Safe (<1.25),Permissible to Doubtful,Good / Permissible,Safe (<1.0 mg/L),Acceptable (10-45 mg/L),Within Drinking Norms,Permissible / Marginal
21002D,Madurai,Thirumangalam,Chokkanathapuram,2020-01-02,2020,1,Post-Monsoon,9.941944,77.969444,Original,15.0,260,8.0,0.45,2.0,14,7.29,35.0,3.0,28,11,0.6979691,74.25203,65,1.889377,0.0,52.53884,36.3,Excellent,1.89,-0.06,55.18,S1 (Low),C2 (Medium),C2-S1,Safe (<1.25),Permissible to Doubtful,Good / Permissible,Safe (<1.0 mg/L),Natural Background (<10 mg/L),Within Drinking Norms,Safe Drinking Water
21005D,Madurai,Madurai South,Eliyarpatti,2020-01-07,2020,1,Post-Monsoon,9.794722,78.095,Original,348.0,570,8.0,0.61,11.0,28,19.44,64.0,7.0,64,32,1.303279,138.6467,150,2.27413,0.0,46.7096,62.94,Good,2.27,-0.68,49.7,S1 (Low),C2 (Medium),C2-S1,Safe (<1.25),Permissible to Doubtful,Good / Permissible,Safe (<1.0 mg/L),Acceptable (10-45 mg/L),Within Drinking Norms,Safe Drinking Water
21010D,Madurai,Madurai North,Karupayoorani,2020-01-02,2020,1,Post-Monsoon,9.930556,78.18,Original,567.0,990,8.1,1.1,12.0,16,35.235,145.0,5.0,85,40,0.0,372.1,185,4.63843,2.401314,62.24414,92.31,Good,4.64,2.4,63.49,S1 (Low),C3 (High),C3-S1,Marginal (1.25-2.5),Doubtful to Unsuitable,Marginal / Moderate,Permissible (1.0-1.5 mg/L),Acceptable (10-45 mg/L),Within Drinking Norms,Permissible / Marginal
21013D,Madurai,Vadipatti,Manianji,2020-01-02,2020,1,Post-Monsoon,10.006389,78.094444,Original,123.0,210,8.1,0.33,1.0,18,9.72,12.0,1.0,18,18,0.7594717,64.17758,85,0.5664685,0.0,23.24336,37.84,Excellent,0.57,-0.62,24.37,S1 (Low),C1 (Low),C1-S1,Safe (<1.25),Good to Permissible,Excellent,Safe (<1.0 mg/L),Natural Background (<10 mg/L),Within Drinking Norms,Safe Drinking Water
21026D,Madurai,Vadipatti,Senthamangalam,2020-01-02,2020,1,Post-Monsoon,10.136111,78.145,Original,659.0,1210,8.2,0.89,6.0,52,74.115,87.0,4.0,142,36,0.0,4758.0,435,1.815072,69.29596,30.0808,230.02,Very Poor,1.81,69.28,30.88,S1 (Low),C3 (High),C3-S1,Unsuitable (>2.5),Permissible to Doubtful,Unsuitable,Safe (<1.0 mg/L),Natural Background (<10 mg/L),Within Drinking Norms,Permissible / Marginal
21027D,Madurai,Vadipatti,Thiruvedagam,2020-01-03,2020,1,Post-Monsoon,10.017778,77.974167,Original,558.0,1060,7.8,0.67,3.0,18,65.61,99.0,10.0,110,39,0.0,402.6,315,2.426844,0.3019522,39.65536,91.33,Good,2.43,0.3,42.0,S1 (Low),C3 (High),C3-S1,Safe (<1.25),Permissible to Doubtful,Good / Permissible,Safe (<1.0 mg/L),Natural Background (<10 mg/L),Within Drinking Norms,Permissible / Marginal
21028D,Madurai,Usilampatti,Veppanuthu,2020-01-03,2020,1,Post-Monsoon,9.898889,77.840833,Original,522.0,980,8.0,1.22,6.0,48,49.815,78.0,2.0,131,31,0.0,305.0,325,1.882773,0.0,34.13781,93.63,Good,1.88,-1.5,34.64,S1 (Low),C3 (High),C3-S1,Safe (<1.25),Permissible to Doubtful,Good / Permissible,Permissible (1.0-1.5 mg/L),Natural Background (<10 mg/L),Within Drinking Norms,Permissible / Marginal
21031D,Madurai,Usilampatti,Uthappanaickanur,2020-01-02,2020,1,Post-Monsoon,10.0325,77.792778,Original,1663.0,2800,8.2,0.75,39.0,100,128.79,304.0,13.0,404,276,0.0,524.6,780,4.736456,0.0,45.372,212.76,Very Poor,4.73,-6.99,46.5,S1 (Low),C4 (Very High),C4-S1,Safe (<1.25),Doubtful to Unsuitable,Marginal / Moderate,Safe (<1.0 mg/L),Acceptable (10-45 mg/L),Within Drinking Norms,Unsafe for Drinking
21032D,Madurai,Usilampatti,Doddappanaickanur,2020-01-02,2020,1,Post-Monsoon,9.971667,77.735833,Original,534.0,960,8.1,0.35,10.0,52,36.45,92.0,3.0,67,47,0.0,390.4,280,2.392703,0.8047084,41.37075,85.69,Good,2.39,0.8,42.15,S1 (Low),C3 (High),C3-S1,Safe (<1.25),Permissible to Doubtful,Good / Permissible,Safe (<1.0 mg/L),Acceptable (10-45 mg/L),Within Drinking Norms,Permissible / Marginal
21035D,Madurai,Madurai North,Madurai North,2020-01-07,2020,1,Post-Monsoon,9.931667,78.133611,Original,3312.0,5600,8.1,0.63,5.0,360,48.6,828.0,8.0,1375,346,0.0,646.6,1100,10.86786,0.0,61.8984,333.23,Unsuitable,10.86,-11.37,62.24,S2 (Medium),C4 (Very High),C4-S2,Safe (<1.25),Unsuitable,Unsuitable,Safe (<1.0 mg/L),Natural Background (<10 mg/L),Within Drinking Norms,Unsafe for Drinking
21036D,Madurai,Madurai North,Koolapandi,2020-01-02,2020,1,Post-Monsoon,10.011111,78.145833,Original,404.0,760,8.2,1.32,4.0,32,40.095,62.0,4.0,53,35,3.88885,261.0319,245,1.723606,0.0,35.04475,84.62,Good,1.72,-0.49,36.36,S1 (Low),C3 (High),C3-S1,Safe (<1.25),Permissible to Doubtful,Good / Permissible,Permissible (1.0-1.5 mg/L),Natural Background (<10 mg/L),Within Drinking Norms,Permissible / Marginal
21068,Madurai,Vadipatti,Alanganallur,2020-01-02,2020,1,Post-Monsoon,10.048333,78.083889,Well-History,1623.0,2610,8.2,0.32,59.0,100,70.47,327.0,80.0,347,151,0.0,573.4,540,6.123933,0.0,52.56521,212.98,Very Poor,6.12,-1.39,60.12,S1 (Low),C4 (Very High),C4-S1,Safe (<1.25),Doubtful to Unsuitable,Marginal / Moderate,Safe (<1.0 mg/L),Anthropogenic High (45-100 mg/L),Agricultural Fertilizer Runoff,Unsafe for Drinking
21069,Madurai,Vadipatti,Maduvarpatti,2020-01-02,2020,1,Post-Monsoon,10.080139,78.124722,Well-History,1978.0,3330,8.1,0.51,67.0,240,145.8,258.0,6.0,440,230,0.0,719.8,1200,3.241323,0.0,31.7459,253.45,Very Poor,3.24,-12.18,32.17,S1 (Low),C4 (Very High),C4-S1,Safe (<1.25),Unsuitable,Unsuitable,Safe (<1.0 mg/L),Anthropogenic High (45-100 mg/L),Agricultural Fertilizer Runoff,Unsafe for Drinking
501001,Madurai,Madurai North,Oomachikulam,2020-01-02,2020,1,Post-Monsoon,10.005,78.148056,Original,575.0,980,8.2,1.32,21.0,54,30.375,110.0,5.0,103,41,0.0,280.6,260,2.968973,0.0,47.34086,99.7,Good,2.97,-0.6,48.59,S1 (Low),C3 (High),C3-S1,Safe (<1.25),Permissible to Doubtful,Good / Permissible,Permissible (1.0-1.5 mg/L),Acceptable (10-45 mg/L),Within Drinking Norms,Permissible / Marginal
501003,Madurai,Madurai North,Varichiur,2020-01-02,2020,1,Post-Monsoon,9.913056,78.251111,Original,1570.0,2730,8.1,0.73,14.0,4,77.76,460.0,34.0,425,178,0.0,658.8,330,11.01594,4.200279,72.82102,186.3,Poor,11.01,4.2,75.97,S2 (Medium),C4 (Very High),C4-S2,Unsuitable (>2.5),Doubtful to Unsuitable,Unsuitable,Safe (<1.0 mg/L),Acceptable (10-45 mg/L),Within Drinking Norms,Permissible / Marginal
501004,Madurai,Madurai North,Sakkudi,2020-01-02,2020,1,Post-Monsoon,9.864167,78.223611,Original,833.0,1520,8.2,0.52,2.0,80,75.33,122.0,7.0,227,71,0.0,481.9,510,2.350868,0.0,33.8505,126.07,Poor,2.35,-2.29,34.98,S1 (Low),C3 (High),C3-S1,Safe (<1.25),Permissible to Doubtful,Good / Permissible,Safe (<1.0 mg/L),Natural Background (<10 mg/L),Within Drinking Norms,Permissible / Marginal
501005,Madurai,Madurai North,Chithakur,2020-01-02,2020,1,Post-Monsoon,9.948333,78.243611,Original,535.0,890,8.0,0.89,17.0,32,21.87,129.0,9.0,99,27,0.0,280.6,170,4.305738,1.202801,60.74046,84.24,Good,4.3,1.2,63.22,S1 (Low),C3 (High),C3-S1,Safe (<1.25),Doubtful to Unsuitable,Marginal / Moderate,Safe (<1.0 mg/L),Acceptable (10-45 mg/L),Within Drinking Norms,Permissible / Marginal
501006,Madurai,Madurai North,Poigaikaraipatti,2020-01-02,2020,1,Post-Monsoon,10.047222,78.202778,Original,916.0,1600,8.0,0.78,12.0,84,60.75,166.0,5.0,305,76,0.0,329.4,460,3.368266,0.0,43.65671,125.93,Poor,3.37,-3.79,44.42,S1 (Low),C3 (High),C3-S1,Safe (<1.25),Permissible to Doubtful,Good / Permissible,Safe (<1.0 mg/L),Acceptable (10-45 mg/L),Within Drinking Norms,Permissible / Marginal
501007,Madurai,Madurai North,Velliyankundram,2020-01-02,2020,1,Post-Monsoon,10.020556,78.178333,Original,664.0,1210,8.1,0.72,4.0,42,44.955,150.0,6.0,138,59,0.0,414.8,290,3.832964,1.003852,52.30859,101.31,Poor,3.83,1.0,53.53,S1 (Low),C3 (High),C3-S1,Safe (<1.25),Permissible to Doubtful,Good / Permissible,Safe (<1.0 mg/L),Natural Background (<10 mg/L),Within Drinking Norms,Permissible / Marginal
501011,Madurai,Madurai South,Melakuilkudi,2020-01-06,2020,1,Post-Monsoon,9.9225,78.036111,Original,1155.0,2010,8.2,1.53,2.0,88,36.45,304.0,3.0,355,116,0.0,488.0,370,6.878609,0.6079122,63.90817,150.46,Poor,6.88,0.61,64.27,S1 (Low),C3 (High),C3-S1,Safe (<1.25),Doubtful to Unsuitable,Marginal / Moderate,Dental Fluorosis Risk (1.5-2.0 mg/L),Natural Background (<10 mg/L),Within Drinking Norms,Unsafe for Drinking
501012,Madurai,Madurai South,Vilachery,2020-01-07,2020,1,Post-Monsoon,9.9,78.059444,Original,300.0,540,8.0,0.79,5.0,28,25.515,46.0,2.0,35,27,1.768902,188.1811,175,1.513196,0.0,36.05882,61.68,Good,1.51,-0.35,36.97,S1 (Low),C2 (Medium),C2-S1,Safe (<1.25),Good to Permissible,Excellent,Safe (<1.0 mg/L),Natural Background (<10 mg/L),Within Drinking Norms,Safe Drinking Water
501020,Madurai,Melur,Sennagarampatti,2020-01-03,2020,1,Post-Monsoon,10.080556,78.320278,Original,693.0,1250,8.0,0.58,10.0,30,57.105,152.0,3.0,170,65,0.0,347.7,310,3.756307,0.0,51.3144,100.58,Poor,3.75,-0.5,51.9,S1 (Low),C3 (High),C3-S1,Safe (<1.25),Permissible to Doubtful,Good / Permissible,Safe (<1.0 mg/L),Acceptable (10-45 mg/L),Within Drinking Norms,Permissible / Marginal
501033,Madurai,Madurai North,Samayanallur,2020-01-03,2020,1,Post-Monsoon,9.980833,78.042222,Original,1588.0,2800,8.2,0.91,10.0,20,77.76,478.0,3.0,475,168,0.0,646.6,370,10.8115,3.201823,73.55943,182.27,Poor,10.81,3.2,73.82,S2 (Medium),C4 (Very High),C4-S2,Unsuitable (>2.5),Doubtful to Unsuitable,Unsuitable,Safe (<1.0 mg/L),Acceptable (10-45 mg/L),Within Drinking Norms,Permissible / Marginal
501036,Madurai,Madurai South,Othai Alankulam,2020-01-07,2020,1,Post-Monsoon,9.809722,78.055,Original,4509.0,8400,8.2,0.93,7.0,440,400.95,690.0,3.0,2482,110,0.0,707.6,2750,5.725839,0.0,35.29253,524.81,Unsuitable,5.72,-43.36,35.37,S1 (Low),C4 (Very High),C4-S1,Safe (<1.25),Unsuitable,Unsuitable,Safe (<1.0 mg/L),Natural Background (<10 mg/L),Within Drinking Norms,Unsafe for Drinking
501054,Madurai,Vadipatti,Manickampatti,2020-01-02,2020,1,Post-Monsoon,10.104444,78.125278,Original,481.0,950,8.0,0.47,1.0,16,63.18,83.0,2.0,82,27,3.072647,326.8773,300,2.084855,0.0,37.37807,81.33,Good,2.08,-0.54,37.89,S1 (Low),C3 (High),C3-S1,Safe (<1.25),Permissible to Doubtful,Good / Permissible,Safe (<1.0 mg/L),Natural Background (<10 mg/L),Within Drinking Norms,Permissible / Marginal
501060,Madurai,Vadipatti,Thiruvalavoyanallur,2020-01-03,2020,1,Post-Monsoon,10.008056,78.008611,Original,2586.0,4220,8.0,0.65,51.0,112,121.5,644.0,5.0,837,379,0.0,524.6,780,10.03413,0.0,64.06115,272.53,Very Poor,10.03,-6.99,64.34,S2 (Medium),C4 (Very High),C4-S2,Safe (<1.25),Unsuitable,Unsuitable,Safe (<1.0 mg/L),Anthropogenic High (45-100 mg/L),Urban Domestic / Septic Leaching,Unsafe for Drinking
81001B,Madurai,Madurai South,Kochadai,2020-01-02,2020,1,Post-Monsoon,9.943333,78.0775,Original,409.0,700,8.1,0.22,13.0,30,26.73,81.0,2.0,50,35,2.45532,207.4817,185,2.591538,0.0,48.45586,66.5,Good,2.59,-0.21,49.15,S1 (Low),C2 (Medium),C2-S1,Safe (<1.25),Permissible to Doubtful,Good / Permissible,Safe (<1.0 mg/L),Acceptable (10-45 mg/L),Within Drinking Norms,Safe Drinking Water
83005,Madurai,Madurai South,Tiruparankundram,2020-01-07,2020,1,Post-Monsoon,9.879167,78.113056,Original,1311.0,2340,8.2,1.32,3.0,124,80.19,239.0,20.0,440,156,0.0,481.9,640,4.111453,0.0,43.87511,181.38,Poor,4.11,-4.89,46.02,S1 (Low),C4 (Very High),C4-S1,Safe (<1.25),Doubtful to Unsuitable,Marginal / Moderate,Permissible (1.0-1.5 mg/L),Natural Background (<10 mg/L),Within Drinking Norms,Unsafe for Drinking
83062A,Madurai,Thirumangalam,Kappalur,2020-01-06,2020,1,Post-Monsoon,9.858611,78.023056,Original,1209.0,2130,7.9,0.93,2.0,24,87.48,322.0,4.0,362,173,0.0,451.4,420,6.83586,0.0,62.23666,149.21,Poor,6.83,-1.0,62.68,S1 (Low),C3 (High),C3-S1,Safe (<1.25),Doubtful to Unsuitable,Marginal / Moderate,Safe (<1.0 mg/L),Natural Background (<10 mg/L),Within Drinking Norms,Permissible / Marginal
83072A,Madurai,Usilampatti,Valandur,2020-01-03,2020,1,Post-Monsoon,9.949722,77.871944,Original,819.0,1540,8.2,1.21,3.0,16,51.03,244.0,1.0,113,28,0.0,707.6,250,6.714104,6.60086,67.8754,120.91,Poor,6.71,6.6,68.03,S1 (Low),C3 (High),C3-S1,Unsuitable (>2.5),Doubtful to Unsuitable,Unsuitable,Permissible (1.0-1.5 mg/L),Natural Background (<10 mg/L),Within Drinking Norms,Permissible / Marginal
83080A,Madurai,Vadipatti,Nagari,2020-01-03,2020,1,Post-Monsoon,10.019444,78.016389,Village-Centroid,278.0,520,7.7,0.76,3.0,30,23.085,41.0,4.0,18,22,0.9845866,208.9904,170,1.368456,0.06167725,33.76071,54.85,Good,1.37,0.06,35.69,S1 (Low),C2 (Medium),C2-S1,Safe (<1.25),Good to Permissible,Excellent,Safe (<1.0 mg/L),Natural Background (<10 mg/L),Within Drinking Norms,Safe Drinking Water
83092AY,Madurai,Vadipatti,Vadipatti,2020-01-03,2020,1,Post-Monsoon,10.0525,77.975556,Original,164.0,290,7.9,1.03,2.0,24,14.58,15.0,2.0,21,9,0.814954,109.1453,120,0.595928,0.0,21.03978,47.78,Excellent,0.6,-0.58,22.68,S1 (Low),C2 (Medium),C2-S1,Safe (<1.25),Good to Permissible,Excellent,Permissible (1.0-1.5 mg/L),Natural Background (<10 mg/L),Within Drinking Norms,Permissible / Marginal
83099,Madurai,Madurai North,Kadavur,2020-01-02,2020,1,Post-Monsoon,10.076944,78.175,Original,1161.0,2010,8.1,0.61,8.0,16,4.86,442.0,2.0,298,34,0.0,658.8,60,24.83711,9.600183,93.89732,124.53,Poor,24.83,9.6,94.14,S3 (High),C3 (High),C3-S3,Unsuitable (>2.5),Unsuitable,Unsuitable,Safe (<1.0 mg/L),Natural Background (<10 mg/L),Within Drinking Norms,Permissible / Marginal
21004D,Madurai,Thirumangalam,Chinna ulagani,2020-01-07,2020,1,Post-Monsoon,9.770556,78.053611,Original,982.0,1770,8.0,0.52,7.0,96,63.18,156.0,43.0,298,58,0.0,475.8,500,3.036165,0.0,37.96099,144.45,Poor,3.03,-2.19,44.1,S1 (Low),C3 (High),C3-S1,Safe (<1.25),Permissible to Doubtful,Good / Permissible,Safe (<1.0 mg/L),Natural Background (<10 mg/L),Within Drinking Norms,Permissible / Marginal
21006D,Madurai,Peraiyur,Elumalai RF,2020-01-03,2020,1,Post-Monsoon,9.865278,77.711667,Original,643.0,1090,8.2,0.21,14.0,16,24.3,198.0,2.0,142,42,0.0,317.2,140,7.281412,2.401247,75.14143,85.21,Good,7.28,2.4,75.58,S1 (Low),C3 (High),C3-S1,Marginal (1.25-2.5),Doubtful to Unsuitable,Marginal / Moderate,Safe (<1.0 mg/L),Acceptable (10-45 mg/L),Within Drinking Norms,Permissible / Marginal
21007D,Madurai,Thirumangalam,Kallikudi,2020-01-07,2020,1,Post-Monsoon,9.685278,77.975556,Original,1973.0,3460,8.1,0.64,37.0,232,208.98,156.0,5.0,723,384,0.0,201.3,1440,1.788961,0.0,19.01374,262.26,Very Poor,1.79,-25.48,19.36,S1 (Low),C4 (Very High),C4-S1,Safe (<1.25),Unsuitable,Unsuitable,Safe (<1.0 mg/L),Acceptable (10-45 mg/L),Within Drinking Norms,Unsafe for Drinking
21012D,Madurai,Thirumangalam,Kurayur,2020-01-07,2020,1,Post-Monsoon,9.690556,78.024722,Original,444.0,800,8.0,0.27,4.0,24,51.03,64.0,10.0,74,42,2.467337,262.4827,270,1.694686,0.0,32.99773,75.94,Good,1.69,-1.01,36.02,S1 (Low),C3 (High),C3-S1,Safe (<1.25),Permissible to Doubtful,Good / Permissible,Safe (<1.0 mg/L),Natural Background (<10 mg/L),Within Drinking Norms,Permissible / Marginal
21015D,Madurai,Peraiyur,Peraiyur,2020-01-02,2020,1,Post-Monsoon,9.733611,77.791389,Original,114.0,200,8.0,1.2,2.0,16,9.72,9.0,2.0,25,15,0.4185952,44.53141,80,0.4379159,0.0,19.18117,45.15,Excellent,0.44,-0.85,21.68,S1 (Low),C1 (Low),C1-S1,Safe (<1.25),Excellent to Good,Excellent,Permissible (1.0-1.5 mg/L),Natural Background (<10 mg/L),Within Drinking Norms,Permissible / Marginal
21016D,Madurai,Peraiyur,Subbulapuram,2020-01-06,2020,1,Post-Monsoon,9.673889,77.810556,Original,945.0,1540,8.0,0.22,31.0,16,36.45,276.0,10.0,177,84,0.0,414.8,190,8.712025,3.001242,74.75781,112.5,Poor,8.71,3.0,76.34,S1 (Low),C3 (High),C3-S1,Unsuitable (>2.5),Doubtful to Unsuitable,Unsuitable,Safe (<1.0 mg/L),Acceptable (10-45 mg/L),Within Drinking Norms,Permissible / Marginal
21017D,Madurai,Thirumangalam,Thangalacheri,2020-01-06,2020,1,Post-Monsoon,9.835833,77.868611,Original,1510.0,2440,8.1,0.62,44.0,80,85.05,322.0,19.0,454,226,0.0,256.2,550,5.97472,0.0,54.96266,182.38,Poor,5.97,-6.79,56.86,S1 (Low),C4 (Very High),C4-S1,Safe (<1.25),Doubtful to Unsuitable,Marginal / Moderate,Safe (<1.0 mg/L),Acceptable (10-45 mg/L),Within Drinking Norms,Permissible / Marginal
21018D,Madurai,Thirumangalam,Peikulam,2020-01-07,2020,1,Post-Monsoon,9.645278,77.997222,Original,1149.0,2020,8.1,0.17,10.0,32,82.62,276.0,13.0,404,119,0.0,353.8,420,5.859545,0.0,57.90334,141.27,Poor,5.86,-2.6,59.49,S1 (Low),C3 (High),C3-S1,Safe (<1.25),Doubtful to Unsuitable,Good / Permissible,Safe (<1.0 mg/L),Acceptable (10-45 mg/L),Within Drinking Norms,Permissible / Marginal
21037D,Madurai,Thirumangalam,Kandai,2020-01-06,2020,1,Post-Monsoon,9.870556,77.913333,Original,581.0,1060,8.0,0.65,12.0,26,58.32,101.0,5.0,110,46,0.0,359.9,305,2.516281,0.0,41.37675,93.81,Good,2.51,-0.2,42.57,S1 (Low),C3 (High),C3-S1,Safe (<1.25),Permissible to Doubtful,Good / Permissible,Safe (<1.0 mg/L),Acceptable (10-45 mg/L),Within Drinking Norms,Permissible / Marginal
501009,Madurai,Thirumangalam,Maravankulam,2020-01-06,2020,1,Post-Monsoon,9.831389,78.003056,Original,407.0,740,8.0,0.49,6.0,48,25.515,64.0,5.0,78,35,1.862027,198.088,225,1.856924,0.0,37.58526,69.68,Good,1.86,-1.19,39.3,S1 (Low),C2 (Medium),C2-S1,Safe (<1.25),Good to Permissible,Excellent,Safe (<1.0 mg/L),Natural Background (<10 mg/L),Within Drinking Norms,Permissible / Marginal
501023,Madurai,Peraiyur,Mangalrevu,2020-01-02,2020,1,Post-Monsoon,9.786111,77.797222,Original,141.0,240,8.1,0.38,0.1,20,8.505,20.0,2.0,25,17,0.8764267,74.06062,85,0.9441611,0.0,33.21611,39.91,Excellent,0.94,-0.46,35.16,S1 (Low),C1 (Low),C1-S1,Safe (<1.25),Good to Permissible,Excellent,Safe (<1.0 mg/L),Natural Background (<10 mg/L),Within Drinking Norms,Safe Drinking Water
501030,Madurai,Peraiyur,Modhagam,2020-01-06,2020,1,Post-Monsoon,9.679167,77.808889,Original,2529.0,4030,8.1,0.28,42.0,40,145.8,414.0,344.0,780,312,0.0,610.0,700,6.807901,0.0,44.13715,376.84,Unsuitable,6.8,-4.0,65.69,S1 (Low),C4 (Very High),C4-S1,Safe (<1.25),Unsuitable,Unsuitable,Safe (<1.0 mg/L),Acceptable (10-45 mg/L),Within Drinking Norms,Unsafe for Drinking
501032,Madurai,Peraiyur,Salisanthai,2020-01-06,2020,1,Post-Monsoon,9.728333,77.801944,Original,688.0,1200,8.1,0.67,11.0,42,44.955,136.0,31.0,174,36,0.0,341.6,290,3.475221,0.0,47.31097,109.63,Poor,3.47,-0.2,53.64,S1 (Low),C3 (High),C3-S1,Safe (<1.25),Permissible to Doubtful,Good / Permissible,Safe (<1.0 mg/L),Acceptable (10-45 mg/L),Within Drinking Norms,Permissible / Marginal
501037,Madurai,Thirumangalam,Mykudi,2020-01-06,2020,1,Post-Monsoon,9.787778,78.016667,Original,3791.0,6520,8.0,1.2,4.0,96,208.98,1.35,6.0,1900,355,0.0,341.6,1100,0.01771035,0.0,0.2645176,344.98,Unsuitable,0.02,-16.39,0.96,S1 (Low),C4 (Very High),C4-S1,Safe (<1.25),Unsuitable,Unsuitable,Permissible (1.0-1.5 mg/L),Natural Background (<10 mg/L),Within Drinking Norms,Unsafe for Drinking
83006A,Madurai,Thirumangalam,Sathankudi,2020-01-06,2020,1,Post-Monsoon,9.7891,77.962,Gazetteer,1668.0,2790,8.2,0.97,30.0,40,104.49,377.0,74.0,482,144,0.0,622.2,530,7.124956,0.0,56.77061,221.4,Very Poor,7.12,-0.4,63.31,S1 (Low),C4 (Very High),C4-S1,Safe (<1.25),Doubtful to Unsuitable,Marginal / Moderate,Safe (<1.0 mg/L),Acceptable (10-45 mg/L),Within Drinking Norms,Permissible / Marginal
83007B,Madurai,Peraiyur,Chinnakattalai,2020-01-02,2020,1,Post-Monsoon,9.951944,77.800556,Original,2674.0,4660,8.2,1.21,10.0,120,179.82,593.0,20.0,978,480,0.0,518.5,1040,8.001169,0.0,54.77472,309.07,Unsuitable,8.0,-12.29,55.85,S1 (Low),C4 (Very High),C4-S1,Safe (<1.25),Unsuitable,Unsuitable,Permissible (1.0-1.5 mg/L),Acceptable (10-45 mg/L),Within Drinking Norms,Unsafe for Drinking
83008,Madurai,Peraiyur,Elumalai,2020-01-03,2020,1,Post-Monsoon,9.861111,77.701111,Original,573.0,980,7.9,0.88,18.0,16,51.03,120.0,3.0,110,45,0.0,292.8,250,3.302018,0.0,50.70603,89.46,Good,3.3,-0.2,51.44,S1 (Low),C3 (High),C3-S1,Safe (<1.25),Permissible to Doubtful,Good / Permissible,Safe (<1.0 mg/L),Acceptable (10-45 mg/L),Within Drinking Norms,Permissible / Marginal
83048,Madurai,Thirumangalam,Puliankulam (M),2020-01-07,2020,1,Post-Monsoon,9.659167,77.910278,Original,856.0,1500,8.2,1.64,18.0,36,70.47,173.0,4.0,227,96,0.0,335.5,380,3.861453,0.0,49.43301,132.77,Poor,3.86,-2.1,50.09,S1 (Low),C3 (High),C3-S1,Safe (<1.25),Permissible to Doubtful,Good / Permissible,Dental Fluorosis Risk (1.5-2.0 mg/L),Acceptable (10-45 mg/L),Within Drinking Norms,Unsafe for Drinking
21019D,Madurai,Melur,Karungalakudi,2020-01-06,2020,1,Post-Monsoon,10.158333,78.364167,Original,908.0,1530,8.1,1.3,19.0,38,38.88,242.0,7.0,284,74,0.0,274.5,255,6.594648,0.0,66.61785,122.54,Poor,6.59,-0.6,67.74,S1 (Low),C3 (High),C3-S1,Safe (<1.25),Doubtful to Unsuitable,Marginal / Moderate,Permissible (1.0-1.5 mg/L),Acceptable (10-45 mg/L),Within Drinking Norms,Permissible / Marginal
21020D,Madurai,Melur,Pallapatti,2020-01-06,2020,1,Post-Monsoon,10.249444,78.386111,Original,319.0,580,8.0,0.88,0.1,26,20.655,64.0,4.0,78,29,1.442966,153.507,150,2.274066,0.0,47.31744,62.32,Good,2.27,-0.43,49.04,S1 (Low),C2 (Medium),C2-S1,Safe (<1.25),Permissible to Doubtful,Good / Permissible,Safe (<1.0 mg/L),Natural Background (<10 mg/L),Within Drinking Norms,Safe Drinking Water
21022D,Madurai,Melur,Pulipatti,2020-01-06,2020,1,Post-Monsoon,10.083889,78.288611,Original,321.0,590,8.2,0.84,0.1,28,20.655,67.0,4.0,64,26,2.64111,177.2796,155,2.341986,0.0,47.66943,66.12,Good,2.34,-0.1,49.33,S1 (Low),C2 (Medium),C2-S1,Safe (<1.25),Permissible to Doubtful,Good / Permissible,Safe (<1.0 mg/L),Natural Background (<10 mg/L),Within Drinking Norms,Safe Drinking Water
21023D,Madurai,Melur,Uranganpatti,2020-01-03,2020,1,Post-Monsoon,9.992778,78.431111,Original,963.0,1700,8.2,1.29,18.0,76,72.9,166.0,18.0,262,67,0.0,445.3,490,3.263337,0.0,41.3254,147.63,Poor,3.26,-2.49,43.95,S1 (Low),C3 (High),C3-S1,Safe (<1.25),Permissible to Doubtful,Good / Permissible,Permissible (1.0-1.5 mg/L),Acceptable (10-45 mg/L),Within Drinking Norms,Permissible / Marginal
21024D,Madurai,Melur,Thiruvadur,2020-01-03,2020,1,Post-Monsoon,9.956667,78.3175,Original,1445.0,2390,8.1,0.78,20.0,20,58.32,345.0,156.0,376,110,0.0,585.6,290,8.814403,3.801625,60.52605,213.28,Very Poor,8.81,3.8,76.61,S1 (Low),C4 (Very High),C4-S1,Unsuitable (>2.5),Doubtful to Unsuitable,Unsuitable,Safe (<1.0 mg/L),Acceptable (10-45 mg/L),Within Drinking Norms,Permissible / Marginal
501013,Madurai,Melur,Veppaodappu,2020-01-03,2020,1,Post-Monsoon,9.917222,78.303889,Original,989.0,1730,8.2,0.55,24.0,104,72.9,145.0,6.0,447,23,0.0,170.8,560,2.666576,0.0,35.73553,136.15,Poor,2.67,-8.39,36.59,S1 (Low),C3 (High),C3-S1,Safe (<1.25),Permissible to Doubtful,Good / Permissible,Safe (<1.0 mg/L),Acceptable (10-45 mg/L),Within Drinking Norms,Permissible / Marginal
501016,Madurai,Melur,Navinipatti,2020-01-03,2020,1,Post-Monsoon,10.043889,78.362778,Original,619.0,1060,8.2,0.65,9.0,52,38.88,117.0,8.0,174,53,0.0,274.5,290,2.98993,0.0,45.89741,96.96,Good,2.99,-1.3,47.73,S1 (Low),C3 (High),C3-S1,Safe (<1.25),Permissible to Doubtful,Good / Permissible,Safe (<1.0 mg/L),Natural Background (<10 mg/L),Within Drinking Norms,Permissible / Marginal
501017,Madurai,Melur,Keelayur,2020-01-03,2020,1,Post-Monsoon,10.047222,78.377778,Original,423.0,760,8.0,1.1,1.0,26,26.73,97.0,7.0,110,35,1.768902,188.1811,175,3.190793,0.0,53.43964,75.44,Good,3.19,-0.35,55.69,S1 (Low),C3 (High),C3-S1,Safe (<1.25),Permissible to Doubtful,Good / Permissible,Permissible (1.0-1.5 mg/L),Natural Background (<10 mg/L),Within Drinking Norms,Permissible / Marginal
83095,Madurai,Melur,Pulipatti,2020-01-03,2020,1,Post-Monsoon,10.084722,78.288611,Original,243.0,440,8.0,0.93,3.0,18,18.225,46.0,2.0,40,25,1.163592,123.7864,120,1.827319,0.0,44.9635,55.07,Good,1.83,-0.33,46.1,S1 (Low),C2 (Medium),C2-S1,Safe (<1.25),Permissible to Doubtful,Good / Permissible,Safe (<1.0 mg/L),Natural Background (<10 mg/L),Within Drinking Norms,Safe Drinking Water
83096,Madurai,Melur,Thumbaipatti,2020-01-06,2020,1,Post-Monsoon,10.085278,78.359722,Original,719.0,1250,8.2,0.68,4.0,44,30.375,179.0,19.0,223,31,0.0,353.8,235,5.081601,1.103926,60.04368,105.6,Poor,5.08,1.1,63.78,S1 (Low),C3 (High),C3-S1,Safe (<1.25),Doubtful to Unsuitable,Marginal / Moderate,Safe (<1.0 mg/L),Natural Background (<10 mg/L),Within Drinking Norms,Permissible / Marginal
21035D,Madurai,Madurai North,Madurai North,2020-01-07,2020,1,Post-Monsoon,9.931667,78.133611,Original,464.0,840,8.0,1.18,1.0,16,26.73,129.0,4.0,99,35,2.281088,242.6689,150,4.583017,1.055663,64.41107,77.92,Good,4.58,1.05,65.57,S1 (Low),C3 (High),C3-S1,Safe (<1.25),Doubtful to Unsuitable,Marginal / Moderate,Permissible (1.0-1.5 mg/L),Natural Background (<10 mg/L),Within Drinking Norms,Permissible / Marginal
83005,Madurai,Madurai South,Tiruparankundram,2020-01-07,2020,1,Post-Monsoon,9.879167,78.113056,Original,1311.0,2340,8.2,1.32,3.0,88,102.06,239.0,20.0,440,156,0.0,481.9,640,4.110964,0.0,43.86948,182.48,Poor,4.11,-4.89,46.02,S1 (Low),C4 (Very High),C4-S1,Safe (<1.25),Doubtful to Unsuitable,Marginal / Moderate,Permissible (1.0-1.5 mg/L),Natural Background (<10 mg/L),Within Drinking Norms,Unsafe for Drinking
21009A,Madurai,Thirumangalam,Utchapatti,2020-01-06,2020,1,Post-Monsoon,9.856667,78.009444,Original,1477.0,2670,8.2,0.63,32.0,92,148.23,235.0,6.0,553,103,0.0,396.5,840,3.528079,0.0,37.6302,196.33,Poor,3.53,-10.29,38.18,S1 (Low),C4 (Very High),C4-S1,Safe (<1.25),Doubtful to Unsuitable,Marginal / Moderate,Safe (<1.0 mg/L),Acceptable (10-45 mg/L),Within Drinking Norms,Unsafe for Drinking
501053,Madurai,Vadipatti,Alagapuri,2020-01-03,2020,1,Post-Monsoon,10.056389,78.069722,Original,193.0,340,8.0,0.39,3.0,22,12.15,32.0,1.0,21,23,1.023905,108.9261,105,1.359118,0.0,39.59715,43.77,Excellent,1.36,-0.28,40.31,S1 (Low),C2 (Medium),C2-S1,Safe (<1.25),Good to Permissible,Excellent,Safe (<1.0 mg/L),Natural Background (<10 mg/L),Within Drinking Norms,Safe Drinking Water
HP 21074,Madurai,Madurai North,Chettikulam,2020-01-02,2020,1,Post-Monsoon,9.995,78.146944,Original,1008.0,1830,8.0,0.9,23.0,16,97.2,221.0,6.0,241,58,0.0,536.8,440,4.583622,0.002008973,51.78488,140.82,Poor,4.58,-0.0,52.6,S1 (Low),C3 (High),C3-S1,Safe (<1.25),Permissible to Doubtful,Good / Permissible,Safe (<1.0 mg/L),Acceptable (10-45 mg/L),Within Drinking Norms,Permissible / Marginal
HP 21076,Madurai,Madurai North,Vayalur,2020-01-02,2020,1,Post-Monsoon,10.018333,78.053889,Original,336.0,640,8.0,1.2,3.0,14,32.805,69.0,4.0,28,24,2.32765,247.6223,170,2.302553,0.7383216,46.16187,70.62,Good,2.3,0.74,47.72,S1 (Low),C2 (Medium),C2-S1,Safe (<1.25),Permissible to Doubtful,Good / Permissible,Permissible (1.0-1.5 mg/L),Natural Background (<10 mg/L),Within Drinking Norms,Permissible / Marginal
HP 21077,Madurai,Madurai North,Elanthgiyendal,2020-01-02,2020,1,Post-Monsoon,9.949722,78.230833,Original,464.0,840,8.0,1.2,1.0,16,26.73,129.0,4.0,99,35,2.281088,242.6689,150,4.583017,1.055663,64.41107,78.14,Good,4.58,1.05,65.57,S1 (Low),C3 (High),C3-S1,Safe (<1.25),Doubtful to Unsuitable,Marginal / Moderate,Permissible (1.0-1.5 mg/L),Natural Background (<10 mg/L),Within Drinking Norms,Permissible / Marginal
HP 21078,Madurai,Madurai North,Kalikappan,2020-01-02,2020,1,Post-Monsoon,9.939444,78.193611,Original,379.0,710,8.1,0.8,3.0,18,36.45,81.0,2.0,43,25,3.040096,256.897,195,2.523841,0.4145339,47.15257,71.71,Good,2.52,0.41,47.82,S1 (Low),C2 (Medium),C2-S1,Safe (<1.25),Permissible to Doubtful,Good / Permissible,Safe (<1.0 mg/L),Natural Background (<10 mg/L),Within Drinking Norms,Safe Drinking Water
HP 21079,Madurai,Madurai North,Rajakkoor,2020-01-02,2020,1,Post-Monsoon,9.928611,78.238333,Original,468.0,840,8.2,0.7,7.0,32,27.945,106.0,3.0,64,25,4.255833,285.6649,195,3.303306,0.9277859,53.71342,79.0,Good,3.3,0.93,54.59,S1 (Low),C3 (High),C3-S1,Safe (<1.25),Permissible to Doubtful,Good / Permissible,Safe (<1.0 mg/L),Natural Background (<10 mg/L),Within Drinking Norms,Safe Drinking Water
HP 21080,Madurai,Madurai North,Kalimangalam,2020-01-02,2020,1,Post-Monsoon,9.878333,78.238889,Original,3022.0,5070,8.8,1.9,3.0,8,19.44,1150.0,5.0,993,264,18.0,1104.1,100,50.03579,16.69871,95.92169,296.35,Very Poor,50.01,16.69,96.16,S4 (Very High),C4 (Very High),C4-S4,Unsuitable (>2.5),Unsuitable,Unsuitable,Dental Fluorosis Risk (1.5-2.0 mg/L),Natural Background (<10 mg/L),Within Drinking Norms,Unsafe for Drinking
HP 21081,Madurai,Madurai North,Elamanur,2020-01-02,2020,1,Post-Monsoon,9.900556,78.210833,Original,1417.0,2430,8.1,0.3,25.0,84,72.9,322.0,21.0,440,127,0.0,481.9,510,6.204853,0.0,56.62709,171.18,Poor,6.2,-2.29,58.79,S1 (Low),C4 (Very High),C4-S1,Safe (<1.25),Doubtful to Unsuitable,Marginal / Moderate,Safe (<1.0 mg/L),Acceptable (10-45 mg/L),Within Drinking Norms,Permissible / Marginal
HP 21082,Madurai,Madurai South,Nallur,2020-01-02,2020,1,Post-Monsoon,9.788333,78.133333,Original,439.0,830,8.0,0.5,5.0,78,38.88,30.0,2.0,78,16,2.653586,282.2964,355,0.6929762,0.0,15.44653,78.62,Good,0.69,-2.38,16.05,S1 (Low),C3 (High),C3-S1,Safe (<1.25),Permissible to Doubtful,Good / Permissible,Safe (<1.0 mg/L),Natural Background (<10 mg/L),Within Drinking Norms,Permissible / Marginal
HP 21083,Madurai,Madurai South,Nilaiyur,2020-01-02,2020,1,Post-Monsoon,9.855556,78.059167,Original,2047.0,3610,8.2,0.7,2.0,32,106.92,598.0,5.0,638,254,0.0,805.2,520,11.40947,2.803114,71.19704,225.04,Very Poor,11.4,2.8,71.53,S2 (Medium),C4 (Very High),C4-S2,Unsuitable (>2.5),Unsuitable,Unsuitable,Safe (<1.0 mg/L),Natural Background (<10 mg/L),Within Drinking Norms,Unsafe for Drinking
HP 21084,Madurai,Madurai South,Sakkilipatti,2020-01-02,2020,1,Post-Monsoon,9.901389,78.011111,Original,1848.0,3140,8.2,1.0,1.0,48,87.48,552.0,3.0,596,259,0.0,591.7,480,10.96276,0.1047605,71.28767,205.86,Very Poor,10.96,0.1,71.5,S2 (Medium),C4 (Very High),C4-S2,Safe (<1.25),Unsuitable,Unsuitable,Permissible (1.0-1.5 mg/L),Natural Background (<10 mg/L),Within Drinking Norms,Permissible / Marginal
MWS21043,Madurai,Usilampatti,Pullaneri,2020-01-02,2020,1,Post-Monsoon,9.9325,77.946667,Original,1978.0,3510,8.2,0.7,1.0,152,126.36,405.0,9.0,709,254,0.0,640.5,900,5.874871,0.0,49.16672,237.17,Very Poor,5.87,-7.49,49.8,S1 (Low),C4 (Very High),C4-S1,Safe (<1.25),Unsuitable,Unsuitable,Safe (<1.0 mg/L),Natural Background (<10 mg/L),Within Drinking Norms,Unsafe for Drinking
MWS21046,Madurai,Peraiyur,Perunkamanallur,2020-01-02,2020,1,Post-Monsoon,9.862778,77.818056,Original,541.0,940,7.8,1.82,17.0,24,47.385,101.0,5.0,103,46,0.0,280.6,255,2.751992,0.0,45.67713,96.42,Good,2.75,-0.5,46.99,S1 (Low),C3 (High),C3-S1,Safe (<1.25),Permissible to Doubtful,Good / Permissible,Dental Fluorosis Risk (1.5-2.0 mg/L),Acceptable (10-45 mg/L),Within Drinking Norms,Unsafe for Drinking
MWS21048,Madurai,Peraiyur,Pappinaickenpatti,2020-01-02,2020,1,Post-Monsoon,9.820278,77.711111,Original,131.0,230,8.0,0.25,1.0,18,13.365,10.0,2.0,28,17,0.6048445,64.34515,100,0.4351859,0.0,17.50971,37.15,Excellent,0.43,-0.92,19.56,S1 (Low),C1 (Low),C1-S1,Safe (<1.25),Excellent to Good,Excellent,Safe (<1.0 mg/L),Natural Background (<10 mg/L),Within Drinking Norms,Safe Drinking Water
MWS21050,Madurai,Thirumangalam,Mathipanur,2020-01-02,2020,1,Post-Monsoon,9.795556,77.8375,Original,574.0,1030,8.0,0.33,7.0,22,35.235,147.0,1.0,99,61,0.0,353.8,200,4.522857,1.801922,61.38158,81.61,Good,4.52,1.8,61.61,S1 (Low),C3 (High),C3-S1,Marginal (1.25-2.5),Doubtful to Unsuitable,Marginal / Moderate,Safe (<1.0 mg/L),Natural Background (<10 mg/L),Within Drinking Norms,Permissible / Marginal
MWS21052,Madurai,Peraiyur,Muthunagayapuram,2020-01-02,2020,1,Post-Monsoon,9.771389,77.812222,Original,1515.0,2450,8.2,0.58,43.0,64,7.29,281.0,141.0,376,132,0.0,512.4,190,8.874593,4.605091,62.28846,203.79,Very Poor,8.87,4.6,80.66,S1 (Low),C4 (Very High),C4-S1,Unsuitable (>2.5),Doubtful to Unsuitable,Unsuitable,Safe (<1.0 mg/L),Acceptable (10-45 mg/L),Within Drinking Norms,Permissible / Marginal
MWS21056,Madurai,Usilampatti,Meikkilarpatti,2020-01-02,2020,1,Post-Monsoon,9.980556,77.802778,Original,1196.0,2090,8.1,0.57,38.0,136,133.65,99.0,7.0,312,54,0.0,512.4,890,1.444076,0.0,19.33647,174.76,Poor,1.44,-9.39,20.13,S1 (Low),C3 (High),C3-S1,Safe (<1.25),Doubtful to Unsuitable,Good / Permissible,Safe (<1.0 mg/L),Acceptable (10-45 mg/L),Within Drinking Norms,Unsafe for Drinking
MWS21059,Madurai,Vadipatti,Kaupatti,2020-01-02,2020,1,Post-Monsoon,10.022222,77.92,Original,619.0,1060,8.2,0.6,9.0,52,38.88,117.0,8.0,174,53,0.0,274.5,290,2.98993,0.0,45.89741,96.41,Good,2.99,-1.3,47.73,S1 (Low),C3 (High),C3-S1,Safe (<1.25),Permissible to Doubtful,Good / Permissible,Safe (<1.0 mg/L),Natural Background (<10 mg/L),Within Drinking Norms,Permissible / Marginal
MWS21061,Madurai,Vadipatti,Thathampatti,2020-01-02,2020,1,Post-Monsoon,10.022222,78.015556,Original,399.0,730,7.8,0.52,6.0,46,27.945,60.0,12.0,50,11,1.591743,268.3767,230,1.721791,0.0,34.74274,69.13,Good,1.72,-0.14,38.82,S1 (Low),C2 (Medium),C2-S1,Safe (<1.25),Good to Permissible,Excellent,Safe (<1.0 mg/L),Natural Background (<10 mg/L),Within Drinking Norms,Permissible / Marginal
MWS21062,Madurai,Vadipatti,PeriyaIanthaikulam,2020-01-02,2020,1,Post-Monsoon,10.068333,78.051389,Original,422.0,800,7.9,0.89,4.0,20,53.46,53.0,14.0,35,34,2.371337,317.589,270,1.403368,0.0,28.60034,81.91,Good,1.4,-0.11,33.03,S1 (Low),C3 (High),C3-S1,Safe (<1.25),Permissible to Doubtful,Good / Permissible,Safe (<1.0 mg/L),Natural Background (<10 mg/L),Within Drinking Norms,Permissible / Marginal
MWS21063,Madurai,Madurai North,Erukalnatham,2020-01-02,2020,1,Post-Monsoon,10.014722,78.173889,Original,487.0,900,8.0,0.7,1.0,44,37.665,87.0,7.0,78,41,2.886398,307.0636,265,2.325725,0.0,40.87359,82.1,Good,2.32,-0.17,42.79,S1 (Low),C3 (High),C3-S1,Safe (<1.25),Permissible to Doubtful,Good / Permissible,Safe (<1.0 mg/L),Natural Background (<10 mg/L),Within Drinking Norms,Permissible / Marginal
MWS21065,Madurai,Madurai North,Mangulam,2020-01-02,2020,1,Post-Monsoon,10.049167,78.25,Original,342.0,640,8.1,0.7,1.0,22,31.59,64.0,2.0,50,35,2.513798,212.4233,185,2.047447,0.0,42.61609,66.48,Good,2.05,-0.13,43.39,S1 (Low),C2 (Medium),C2-S1,Safe (<1.25),Permissible to Doubtful,Good / Permissible,Safe (<1.0 mg/L),Natural Background (<10 mg/L),Within Drinking Norms,Safe Drinking Water
MWS21066,Madurai,Melur,Attukulam,2020-01-06,2020,1,Post-Monsoon,10.0025,78.356667,Original,229.0,410,8.0,0.8,0.1,12,15.795,51.0,4.0,43,21,1.210155,128.7399,95,2.276847,0.2519564,52.57715,51.64,Good,2.28,0.25,54.99,S1 (Low),C2 (Medium),C2-S1,Safe (<1.25),Permissible to Doubtful,Good / Permissible,Safe (<1.0 mg/L),Natural Background (<10 mg/L),Within Drinking Norms,Safe Drinking Water
Ex-21040,Madurai,Peraiyur,T.kallupatti,2020-01-06,2020,1,Post-Monsoon,9.715833,77.859444,Original,320.0,580,8.0,1.3,5.0,22,169.128,53.0,4.0,53,25,1.675778,178.2742,751,0.8413802,0.0,13.23197,109.48,Poor,0.84,-12.04,13.81,S1 (Low),C2 (Medium),C2-S1,Safe (<1.25),Good to Permissible,Excellent,Permissible (1.0-1.5 mg/L),Natural Background (<10 mg/L),Within Drinking Norms,Unsafe for Drinking
Ex-21041,Madurai,Peraiyur,Sedapatti,2020-01-02,2020,1,Post-Monsoon,9.826389,77.8,Original,127.0,220,8.1,0.3,4.0,22,10.935,5.0,2.0,21,12,0.7009942,59.23606,100,0.2176113,0.0,9.596305,39.18,Excellent,0.22,-1.0,11.85,S1 (Low),C1 (Low),C1-S1,Safe (<1.25),Excellent to Good,Excellent,Safe (<1.0 mg/L),Natural Background (<10 mg/L),Within Drinking Norms,Safe Drinking Water
Ex-21071,Madurai,Melur,Pottapatty,2020-01-06,2020,1,Post-Monsoon,10.281944,78.370556,Original,595.0,1080,8.1,1.2,7.0,34,59.535,106.0,1.0,149,59,0.0,305.0,330,2.538943,0.0,41.04973,101.31,Poor,2.54,-1.6,41.26,S1 (Low),C3 (High),C3-S1,Safe (<1.25),Permissible to Doubtful,Good / Permissible,Permissible (1.0-1.5 mg/L),Natural Background (<10 mg/L),Within Drinking Norms,Permissible / Marginal
21001D,Madurai,Madurai South,Thirupparankundram,2020-07-10,2020,7,Pre-Monsoon,9.881667,78.11,Original,1672.0,2880,8.1,0.16,3.0,32,72.9,497.0,5.0,503,288,0.0,524.6,380,11.09306,1.00314,73.67719,177.69,Poor,11.09,1.0,74.1,S2 (Medium),C4 (Very High),C4-S2,Safe (<1.25),Doubtful to Unsuitable,Marginal / Moderate,Safe (<1.0 mg/L),Natural Background (<10 mg/L),Within Drinking Norms,Permissible / Marginal
21002D,Madurai,Thirumangalam,Chokkanathapuram,2020-07-01,2020,7,Pre-Monsoon,9.941944,77.969444,Original,1165.0,2040,8.2,0.68,21.0,192,41.31,170.0,3.0,425,66,0.0,353.8,650,2.902506,0.0,36.15508,154.02,Poor,2.9,-7.18,36.52,S1 (Low),C3 (High),C3-S1,Safe (<1.25),Doubtful to Unsuitable,Good / Permissible,Safe (<1.0 mg/L),Acceptable (10-45 mg/L),Within Drinking Norms,Unsafe for Drinking
21004D,Madurai,Thirumangalam,Chinna ulagani,2020-07-10,2020,7,Pre-Monsoon,9.770556,78.053611,Original,3383.0,5940,8.1,1.42,6.0,184,174.96,828.0,6.0,1673,341,0.0,292.8,1180,10.48919,0.0,60.27876,356.14,Unsuitable,10.48,-18.78,60.52,S2 (Medium),C4 (Very High),C4-S2,Safe (<1.25),Unsuitable,Unsuitable,Permissible (1.0-1.5 mg/L),Natural Background (<10 mg/L),Within Drinking Norms,Unsafe for Drinking
21005D,Madurai,Madurai South,Eliyarpatti,2020-07-10,2020,7,Pre-Monsoon,9.794722,78.095,Original,350.0,630,8.0,0.5,4.0,30,23.085,69.0,3.0,78,30,1.536091,163.4139,170,2.303012,0.0,46.35386,61.72,Good,2.3,-0.67,47.53,S1 (Low),C2 (Medium),C2-S1,Safe (<1.25),Permissible to Doubtful,Good / Permissible,Safe (<1.0 mg/L),Natural Background (<10 mg/L),Within Drinking Norms,Safe Drinking Water
21006D,Madurai,Peraiyur,Elumalai RF,2020-07-01,2020,7,Pre-Monsoon,9.865278,77.711667,Original,364.0,650,8.0,0.77,3.0,26,25.515,74.0,3.0,78,35,1.629215,173.3208,170,2.469774,0.0,48.09483,65.8,Good,2.47,-0.5,49.23,S1 (Low),C2 (Medium),C2-S1,Safe (<1.25),Permissible to Doubtful,Good / Permissible,Safe (<1.0 mg/L),Natural Background (<10 mg/L),Within Drinking Norms,Safe Drinking Water
21007D,Madurai,Thirumangalam,Kallikudi,2020-07-10,2020,7,Pre-Monsoon,9.685278,77.975556,Original,1995.0,3510,8.0,0.75,17.0,168,213.84,219.0,9.0,723,442,0.0,286.7,1300,2.643021,0.0,26.65604,258.6,Very Poor,2.64,-21.28,27.29,S1 (Low),C4 (Very High),C4-S1,Safe (<1.25),Unsuitable,Unsuitable,Safe (<1.0 mg/L),Acceptable (10-45 mg/L),Within Drinking Norms,Unsafe for Drinking
21009A,Madurai,Thirumangalam,Utchapatti,2020-07-11,2020,7,Pre-Monsoon,9.856667,78.009444,Original,1409.0,2450,8.0,1.05,28.0,104,97.2,276.0,8.0,454,125,0.0,439.2,660,4.675104,0.0,47.26798,181.09,Poor,4.67,-5.99,48.06,S1 (Low),C4 (Very High),C4-S1,Safe (<1.25),Doubtful to Unsuitable,Marginal / Moderate,Permissible (1.0-1.5 mg/L),Acceptable (10-45 mg/L),Within Drinking Norms,Unsafe for Drinking
21010D,Madurai,Madurai North,Karupayoorani,2020-07-06,2020,7,Pre-Monsoon,9.930556,78.18,Original,1253.0,2100,8.2,1.18,13.0,48,43.74,350.0,34.0,326,139,0.0,512.4,300,8.793542,2.404191,68.92353,162.84,Poor,8.79,2.4,72.85,S1 (Low),C3 (High),C3-S1,Marginal (1.25-2.5),Doubtful to Unsuitable,Marginal / Moderate,Permissible (1.0-1.5 mg/L),Acceptable (10-45 mg/L),Within Drinking Norms,Permissible / Marginal
21012D,Madurai,Thirumangalam,Kurayur,2020-07-10,2020,7,Pre-Monsoon,9.690556,78.024722,Original,2685.0,4650,8.1,0.35,8.0,104,174.96,644.0,5.0,1021,470,0.0,457.5,980,8.951169,0.0,58.69244,288.88,Very Poor,8.95,-12.09,58.95,S1 (Low),C4 (Very High),C4-S1,Safe (<1.25),Unsuitable,Unsuitable,Safe (<1.0 mg/L),Natural Background (<10 mg/L),Within Drinking Norms,Unsafe for Drinking
21013D,Madurai,Vadipatti,Manianji,2020-07-06,2020,7,Pre-Monsoon,10.006389,78.094444,Original,528.0,950,8.1,0.7,6.0,40,37.665,104.0,2.0,85,48,0.0,366.0,255,2.83411,0.9036437,46.77897,86.87,Good,2.83,0.9,47.29,S1 (Low),C3 (High),C3-S1,Safe (<1.25),Permissible to Doubtful,Good / Permissible,Safe (<1.0 mg/L),Natural Background (<10 mg/L),Within Drinking Norms,Permissible / Marginal
21015D,Madurai,Peraiyur,Peraiyur,2020-07-02,2020,7,Pre-Monsoon,9.733611,77.791389,Original,809.0,1390,8.2,0.7,22.0,62,53.46,152.0,2.0,191,94,0.0,317.2,375,3.415775,0.0,46.70549,116.83,Poor,3.41,-2.3,47.05,S1 (Low),C3 (High),C3-S1,Safe (<1.25),Permissible to Doubtful,Good / Permissible,Safe (<1.0 mg/L),Acceptable (10-45 mg/L),Within Drinking Norms,Permissible / Marginal
21016D,Madurai,Peraiyur,Subbulapuram,2020-07-11,2020,7,Pre-Monsoon,9.673889,77.810556,Original,326.0,610,8.0,0.5,1.0,20,31.59,60.0,2.0,39,36,2.001714,212.9483,180,1.945927,0.0,41.70044,61.12,Good,1.94,-0.04,42.5,S1 (Low),C2 (Medium),C2-S1,Safe (<1.25),Permissible to Doubtful,Good / Permissible,Safe (<1.0 mg/L),Natural Background (<10 mg/L),Within Drinking Norms,Safe Drinking Water
21017D,Madurai,Thirumangalam,Thangalacheri,2020-07-11,2020,7,Pre-Monsoon,9.835833,77.868611,Original,1905.0,3140,8.2,0.39,42.0,80,102.06,432.0,17.0,581,365,0.0,280.6,620,7.54946,0.0,59.4341,216.19,Very Poor,7.55,-7.79,60.8,S1 (Low),C4 (Very High),C4-S1,Safe (<1.25),Unsuitable,Unsuitable,Safe (<1.0 mg/L),Acceptable (10-45 mg/L),Within Drinking Norms,Unsafe for Drinking
21018D,Madurai,Thirumangalam,Peikulam,2020-07-10,2020,7,Pre-Monsoon,9.645278,77.997222,Original,398.0,710,8.2,0.29,8.0,24,35.235,64.0,12.0,71,36,2.8613,192.0594,205,1.945002,0.0,38.72963,72.58,Good,1.94,-0.85,42.99,S1 (Low),C2 (Medium),C2-S1,Safe (<1.25),Good to Permissible,Excellent,Safe (<1.0 mg/L),Natural Background (<10 mg/L),Within Drinking Norms,Permissible / Marginal
21026D,Madurai,Vadipatti,Senthamangalam,2020-07-06,2020,7,Pre-Monsoon,10.136111,78.145,Original,914.0,1610,8.2,0.6,33.0,72,85.05,129.0,4.0,213,71,0.0,390.4,530,2.438294,0.0,34.41341,135.36,Poor,2.44,-4.19,35.03,S1 (Low),C3 (High),C3-S1,Safe (<1.25),Permissible to Doubtful,Good / Permissible,Safe (<1.0 mg/L),Acceptable (10-45 mg/L),Within Drinking Norms,Permissible / Marginal
21027D,Madurai,Vadipatti,Thiruvedagam,2020-07-08,2020,7,Pre-Monsoon,10.017778,77.974167,Original,759.0,1390,8.0,0.94,7.0,58,71.685,120.0,6.0,145,69,0.0,512.4,440,2.489347,0.0,36.84554,119.17,Poor,2.49,-0.4,37.92,S1 (Low),C3 (High),C3-S1,Safe (<1.25),Permissible to Doubtful,Good / Permissible,Safe (<1.0 mg/L),Natural Background (<10 mg/L),Within Drinking Norms,Permissible / Marginal
21028D,Madurai,Usilampatti,Veppanuthu,2020-07-02,2020,7,Pre-Monsoon,9.898889,77.840833,Original,1492.0,2530,8.2,1.18,33.0,56,87.48,350.0,9.0,404,221,0.0,433.1,500,6.810757,0.0,59.8256,186.11,Poor,6.81,-2.9,60.72,S1 (Low),C4 (Very High),C4-S1,Safe (<1.25),Doubtful to Unsuitable,Marginal / Moderate,Permissible (1.0-1.5 mg/L),Acceptable (10-45 mg/L),Within Drinking Norms,Permissible / Marginal
21031D,Madurai,Usilampatti,Uthappanaickanur,2020-07-02,2020,7,Pre-Monsoon,10.0325,77.792778,Original,1029.0,1740,8.1,0.81,24.0,48,92.34,175.0,13.0,255,208,0.0,262.3,500,3.405263,0.0,42.43438,145.02,Poor,3.4,-5.7,44.27,S1 (Low),C3 (High),C3-S1,Safe (<1.25),Permissible to Doubtful,Good / Permissible,Safe (<1.0 mg/L),Acceptable (10-45 mg/L),Within Drinking Norms,Permissible / Marginal
21032D,Madurai,Usilampatti,Doddappanaickanur,2020-07-02,2020,7,Pre-Monsoon,9.971667,77.735833,Original,1150.0,1890,8.0,0.72,27.0,200,60.75,44.0,80.0,206,270,0.0,341.6,750,0.6993209,0.0,10.10501,184.17,Poor,0.7,-9.38,20.9,S1 (Low),C3 (High),C3-S1,Safe (<1.25),Permissible to Doubtful,Good / Permissible,Safe (<1.0 mg/L),Acceptable (10-45 mg/L),Within Drinking Norms,Unsafe for Drinking
21035D,Madurai,Madurai North,Madurai North,2020-07-11,2020,7,Pre-Monsoon,9.931667,78.133611,Original,2889.0,4830,8.1,0.56,2.0,336,36.45,672.0,9.0,1212,418,0.0,396.5,990,9.297645,0.0,59.37742,293.49,Very Poor,9.29,-13.27,59.84,S1 (Low),C4 (Very High),C4-S1,Safe (<1.25),Unsuitable,Unsuitable,Safe (<1.0 mg/L),Natural Background (<10 mg/L),Within Drinking Norms,Unsafe for Drinking
21036D,Madurai,Madurai North,Koolapandi,2020-07-06,2020,7,Pre-Monsoon,10.011111,78.145833,Original,473.0,870,8.1,1.2,5.0,36,49.815,69.0,4.0,74,47,3.274005,276.6631,295,1.748073,0.0,33.35042,89.7,Good,1.75,-1.25,34.47,S1 (Low),C3 (High),C3-S1,Safe (<1.25),Permissible to Doubtful,Good / Permissible,Permissible (1.0-1.5 mg/L),Natural Background (<10 mg/L),Within Drinking Norms,Permissible / Marginal
21037D,Madurai,Thirumangalam,Kandai,2020-07-11,2020,7,Pre-Monsoon,9.870556,77.913333,Original,477.0,860,8.0,1.2,6.0,10,31.59,124.0,5.0,71,43,2.513899,267.4361,155,4.333358,1.368903,62.57119,80.92,Good,4.33,1.37,64.04,S1 (Low),C3 (High),C3-S1,Marginal (1.25-2.5),Doubtful to Unsuitable,Marginal / Moderate,Permissible (1.0-1.5 mg/L),Natural Background (<10 mg/L),Within Drinking Norms,Permissible / Marginal
501001,Madurai,Madurai North,Oomachikulam,2020-07-06,2020,7,Pre-Monsoon,10.005,78.148056,Original,375.0,710,8.2,1.33,2.0,36,36.45,55.0,2.0,53,25,3.815454,256.1053,240,1.544914,0.0,33.04606,80.98,Good,1.54,-0.47,33.74,S1 (Low),C2 (Medium),C2-S1,Safe (<1.25),Good to Permissible,Excellent,Permissible (1.0-1.5 mg/L),Natural Background (<10 mg/L),Within Drinking Norms,Permissible / Marginal
501003,Madurai,Madurai North,Varichiur,2020-07-06,2020,7,Pre-Monsoon,9.913056,78.251111,Original,780.0,1400,8.1,0.72,3.0,58,57.105,150.0,5.0,287,71,0.0,274.5,380,3.348491,0.0,45.79959,111.95,Poor,3.35,-3.1,46.68,S1 (Low),C3 (High),C3-S1,Safe (<1.25),Permissible to Doubtful,Good / Permissible,Safe (<1.0 mg/L),Natural Background (<10 mg/L),Within Drinking Norms,Permissible / Marginal
501004,Madurai,Madurai North,Sakkudi,2020-07-06,2020,7,Pre-Monsoon,9.864167,78.223611,Original,815.0,1460,8.0,0.3,8.0,60,41.31,189.0,12.0,223,45,0.0,414.8,320,4.597995,0.4054966,55.095,108.87,Poor,4.6,0.4,57.14,S1 (Low),C3 (High),C3-S1,Safe (<1.25),Permissible to Doubtful,Good / Permissible,Safe (<1.0 mg/L),Natural Background (<10 mg/L),Within Drinking Norms,Permissible / Marginal
501005,Madurai,Madurai North,Chithakur,2020-07-06,2020,7,Pre-Monsoon,9.948333,78.243611,Original,994.0,1760,8.0,1.0,4.0,36,48.6,281.0,0.1,244,91,0.0,555.1,290,7.180105,3.303043,67.82488,126.95,Poor,7.18,3.3,67.83,S1 (Low),C3 (High),C3-S1,Unsuitable (>2.5),Doubtful to Unsuitable,Unsuitable,Permissible (1.0-1.5 mg/L),Natural Background (<10 mg/L),Within Drinking Norms,Permissible / Marginal
501006,Madurai,Madurai North,Poigaikaraipatti,2020-07-06,2020,7,Pre-Monsoon,10.047222,78.202778,Original,1219.0,2170,8.2,0.66,13.0,160,65.61,196.0,5.0,411,96,0.0,451.4,670,3.295699,0.0,38.68709,162.16,Poor,3.29,-5.99,39.26,S1 (Low),C3 (High),C3-S1,Safe (<1.25),Doubtful to Unsuitable,Good / Permissible,Safe (<1.0 mg/L),Acceptable (10-45 mg/L),Within Drinking Norms,Unsafe for Drinking
501007,Madurai,Madurai North,Velliyankundram,2020-07-06,2020,7,Pre-Monsoon,10.020556,78.178333,Original,622.0,1090,8.0,0.33,1.0,28,38.88,159.0,7.0,138,71,0.0,347.7,230,4.561992,1.102566,59.15335,87.75,Good,4.56,1.1,60.67,S1 (Low),C3 (High),C3-S1,Safe (<1.25),Permissible to Doubtful,Good / Permissible,Safe (<1.0 mg/L),Natural Background (<10 mg/L),Within Drinking Norms,Permissible / Marginal
501011,Madurai,Madurai South,Melakuilkudi,2020-07-02,2020,7,Pre-Monsoon,9.9225,78.036111,Original,691.0,1206,8.0,0.65,2.0,30,54.675,152.0,2.0,167,89,0.0,378.2,300,3.818425,0.2029576,52.22863,99.57,Good,3.82,0.2,52.62,S1 (Low),C3 (High),C3-S1,Safe (<1.25),Permissible to Doubtful,Good / Permissible,Safe (<1.0 mg/L),Natural Background (<10 mg/L),Within Drinking Norms,Permissible / Marginal
501012,Madurai,Madurai South,Vilachery,2020-07-11,2020,7,Pre-Monsoon,9.9,78.059444,Original,424.0,810,8.1,0.95,3.0,18,54.675,67.0,4.0,60,50,3.040096,256.897,270,1.774041,0.0,34.63671,82.6,Good,1.77,-1.09,35.84,S1 (Low),C3 (High),C3-S1,Safe (<1.25),Permissible to Doubtful,Good / Permissible,Safe (<1.0 mg/L),Natural Background (<10 mg/L),Within Drinking Norms,Permissible / Marginal
501023,Madurai,Peraiyur,Mangalrevu,2020-07-02,2020,7,Pre-Monsoon,9.786111,77.797222,Original,490.0,860,8.2,1.15,6.0,12,25.515,143.0,1.0,92,47,3.375075,226.5457,135,5.35501,1.127449,69.54429,81.53,Good,5.35,1.13,69.82,S1 (Low),C3 (High),C3-S1,Safe (<1.25),Doubtful to Unsuitable,Marginal / Moderate,Permissible (1.0-1.5 mg/L),Natural Background (<10 mg/L),Within Drinking Norms,Permissible / Marginal
501032,Madurai,Peraiyur,Salisanthai,2020-07-11,2020,7,Pre-Monsoon,9.728333,77.801944,Original,2436.0,3860,8.1,0.05,26.0,16,140.94,386.0,391.0,666,456,0.0,524.6,620,6.74411,0.0,42.84644,378.95,Unsuitable,6.74,-3.8,68.36,S1 (Low),C4 (Very High),C4-S1,Safe (<1.25),Unsuitable,Unsuitable,Safe (<1.0 mg/L),Acceptable (10-45 mg/L),Within Drinking Norms,Unsafe for Drinking
501033,Madurai,Madurai North,Samayanallur,2020-07-08,2020,7,Pre-Monsoon,9.980833,78.042222,Original,1419.0,2590,8.8,0.7,2.0,88,51.03,386.0,3.0,376,125,18.0,725.9,430,8.101222,3.907648,65.95308,179.0,Poor,8.1,3.9,66.24,S1 (Low),C4 (Very High),C4-S1,Unsuitable (>2.5),Doubtful to Unsuitable,Unsuitable,Safe (<1.0 mg/L),Natural Background (<10 mg/L),Within Drinking Norms,Unsafe for Drinking
501050,Madurai,Usilampatti,Thumalapatti,2020-07-02,2020,7,Pre-Monsoon,9.869444,77.776111,Original,649.0,1210,8.1,1.34,6.0,40,54.675,129.0,4.0,110,48,0.0,475.8,325,3.113655,1.303696,45.96027,109.84,Poor,3.11,1.3,46.78,S1 (Low),C3 (High),C3-S1,Marginal (1.25-2.5),Permissible to Doubtful,Marginal / Moderate,Permissible (1.0-1.5 mg/L),Natural Background (<10 mg/L),Within Drinking Norms,Permissible / Marginal
501060,Madurai,Vadipatti,Thiruvalavoyanallur,2020-07-08,2020,7,Pre-Monsoon,10.008056,78.008611,Original,743.0,1360,8.0,0.91,2.0,16,61.965,179.0,4.0,188,85,0.0,402.6,295,4.534206,0.7017009,56.47885,108.21,Poor,4.53,0.7,57.21,S1 (Low),C3 (High),C3-S1,Safe (<1.25),Permissible to Doubtful,Good / Permissible,Safe (<1.0 mg/L),Natural Background (<10 mg/L),Within Drinking Norms,Permissible / Marginal
81001B,Madurai,Madurai South,Kochadai,2020-07-01,2020,7,Pre-Monsoon,9.943333,78.0775,Original,371.0,640,8.0,0.16,8.0,32,19.44,76.0,2.0,74,34,1.489528,158.4605,160,2.61485,0.0,50.44269,58.56,Good,2.61,-0.55,51.21,S1 (Low),C2 (Medium),C2-S1,Safe (<1.25),Permissible to Doubtful,Good / Permissible,Safe (<1.0 mg/L),Natural Background (<10 mg/L),Within Drinking Norms,Safe Drinking Water
83005,Madurai,Madurai South,Tiruparankundram,2020-07-10,2020,7,Pre-Monsoon,9.879167,78.113056,Original,2002.0,3480,8.2,0.74,14.0,24,121.5,557.0,5.0,652,274,0.0,610.0,560,10.24024,0.0,68.14905,223.48,Very Poor,10.23,-1.2,68.5,S2 (Medium),C4 (Very High),C4-S2,Safe (<1.25),Unsuitable,Unsuitable,Safe (<1.0 mg/L),Acceptable (10-45 mg/L),Within Drinking Norms,Unsafe for Drinking
83006 A,Madurai,Thirumangalam,Santhangudi,2020-07-11,2020,7,Pre-Monsoon,9.84,77.937778,Original,1599.0,2690,8.1,1.07,29.0,24,99.63,368.0,68.0,432,206,0.0,549.0,470,7.385081,0.0,58.97464,211.0,Very Poor,7.38,-0.4,65.37,S1 (Low),C4 (Very High),C4-S1,Safe (<1.25),Doubtful to Unsuitable,Marginal / Moderate,Permissible (1.0-1.5 mg/L),Acceptable (10-45 mg/L),Within Drinking Norms,Permissible / Marginal
83007B,Madurai,Peraiyur,Chinnakattalai,2020-07-02,2020,7,Pre-Monsoon,9.951944,77.800556,Original,2513.0,4330,8.2,1.11,10.0,80,174.96,570.0,8.0,978,514,0.0,286.7,920,8.176553,0.0,57.14436,283.35,Very Poor,8.17,-13.69,57.6,S1 (Low),C4 (Very High),C4-S1,Safe (<1.25),Unsuitable,Unsuitable,Permissible (1.0-1.5 mg/L),Acceptable (10-45 mg/L),Within Drinking Norms,Unsafe for Drinking
83008,Madurai,Peraiyur,Elumalai,2020-07-01,2020,7,Pre-Monsoon,9.861111,77.701111,Original,352.0,590,8.0,0.54,14.0,22,24.3,67.0,2.0,74,28,1.11703,118.833,155,2.341794,0.0,48.06762,61.56,Good,2.34,-1.11,48.9,S1 (Low),C2 (Medium),C2-S1,Safe (<1.25),Permissible to Doubtful,Good / Permissible,Safe (<1.0 mg/L),Acceptable (10-45 mg/L),Within Drinking Norms,Safe Drinking Water
83072A,Madurai,Usilampatti,Valandur,2020-07-08,2020,7,Pre-Monsoon,9.949722,77.871944,Original,888.0,1580,8.8,1.45,7.0,24,53.46,248.0,2.0,135,91,18.0,573.4,280,6.448532,4.401949,65.63525,139.29,Poor,6.45,4.4,65.93,S1 (Low),C3 (High),C3-S1,Unsuitable (>2.5),Doubtful to Unsuitable,Unsuitable,Permissible (1.0-1.5 mg/L),Natural Background (<10 mg/L),Within Drinking Norms,Unsafe for Drinking
83092AY,Madurai,Vadipatti,Vadipatti,2020-07-08,2020,7,Pre-Monsoon,10.0525,77.975556,Original,618.0,1090,8.0,0.48,14.0,72,43.74,85.0,6.0,103,70,0.0,347.7,360,1.949669,0.0,33.48031,96.38,Good,1.95,-1.49,34.86,S1 (Low),C3 (High),C3-S1,Safe (<1.25),Permissible to Doubtful,Good / Permissible,Safe (<1.0 mg/L),Acceptable (10-45 mg/L),Within Drinking Norms,Permissible / Marginal
Ex-21040,Madurai,Peraiyur,T.kallupatti,2020-07-11,2020,7,Pre-Monsoon,9.715833,77.859444,Original,277.0,520,8.0,0.99,3.0,28,25.515,39.0,3.0,35,25,1.629215,173.3208,175,1.282927,0.0,32.18955,62.3,Good,1.28,-0.6,33.63,S1 (Low),C2 (Medium),C2-S1,Safe (<1.25),Good to Permissible,Excellent,Safe (<1.0 mg/L),Natural Background (<10 mg/L),Within Drinking Norms,Safe Drinking Water
Ex-21041,Madurai,Peraiyur,Sedapatti,2020-07-02,2020,7,Pre-Monsoon,9.826389,77.8,Original,875.0,1490,8.1,1.46,24.0,52,55.89,189.0,1.0,149,119,0.0,402.6,360,4.334637,0.0,53.24252,129.1,Poor,4.33,-0.6,53.39,S1 (Low),C3 (High),C3-S1,Safe (<1.25),Permissible to Doubtful,Good / Permissible,Permissible (1.0-1.5 mg/L),Acceptable (10-45 mg/L),Within Drinking Norms,Permissible / Marginal
HP 21074,Madurai,Madurai North,Chettikulam,2020-07-06,2020,7,Pre-Monsoon,9.995,78.146944,Original,1742.0,2980,8.8,0.46,51.0,32,167.67,368.0,4.0,425,130,18.0,744.2,770,5.769658,0.0,50.81049,227.33,Very Poor,5.77,-2.6,51.12,S1 (Low),C4 (Very High),C4-S1,Safe (<1.25),Doubtful to Unsuitable,Marginal / Moderate,Safe (<1.0 mg/L),Anthropogenic High (45-100 mg/L),Urban Domestic / Septic Leaching,Unsafe for Drinking
HP 21076,Madurai,Madurai North,Vayalur,2020-07-08,2020,7,Pre-Monsoon,10.018333,78.053889,Original,280.0,540,8.1,0.77,3.0,24,27.945,44.0,0.1,32,20,2.279887,192.6572,175,1.447335,0.0,35.35275,61.38,Good,1.45,-0.26,35.39,S1 (Low),C2 (Medium),C2-S1,Safe (<1.25),Good to Permissible,Excellent,Safe (<1.0 mg/L),Natural Background (<10 mg/L),Within Drinking Norms,Safe Drinking Water
HP 21077,Madurai,Madurai North,Elanthgiyendal,2020-07-06,2020,7,Pre-Monsoon,9.949722,78.230833,Original,866.0,1510,8.2,0.83,1.0,20,24.3,290.0,5.0,255,22,0.0,488.0,150,10.30349,5.001259,80.1423,110.36,Poor,10.3,5.0,80.95,S2 (Medium),C3 (High),C3-S2,Unsuitable (>2.5),Unsuitable,Unsuitable,Safe (<1.0 mg/L),Natural Background (<10 mg/L),Within Drinking Norms,Permissible / Marginal
HP 21078,Madurai,Madurai North,Kalikappan,2020-07-06,2020,7,Pre-Monsoon,9.939444,78.193611,Original,646.0,1110,8.1,0.65,16.0,60,30.375,133.0,7.0,142,56,0.0,292.8,275,3.490561,0.0,50.49023,96.76,Good,3.49,-0.7,52.04,S1 (Low),C3 (High),C3-S1,Safe (<1.25),Permissible to Doubtful,Good / Permissible,Safe (<1.0 mg/L),Acceptable (10-45 mg/L),Within Drinking Norms,Permissible / Marginal
HP 21079,Madurai,Madurai North,Rajakkoor,2020-07-06,2020,7,Pre-Monsoon,9.928611,78.238333,Original,1187.0,2090,8.2,0.89,2.0,12,14.58,460.0,2.0,298,32,0.0,719.8,90,21.09932,9.999837,91.53759,133.84,Poor,21.09,10.0,91.77,S3 (High),C3 (High),C3-S3,Unsuitable (>2.5),Unsuitable,Unsuitable,Safe (<1.0 mg/L),Natural Background (<10 mg/L),Within Drinking Norms,Permissible / Marginal
HP 21080,Madurai,Madurai North,Kalimangalam,2020-07-06,2020,7,Pre-Monsoon,9.878333,78.238889,Original,3022.0,5150,8.8,2.13,3.0,40,24.3,1081.0,6.0,993,302,18.0,1091.9,200,33.26625,14.50186,91.89125,305.23,Unsuitable,33.25,14.5,92.19,S4 (Very High),C4 (Very High),C4-S4,Unsuitable (>2.5),Unsuitable,Unsuitable,Skeletal Fluorosis Risk (>2.0 mg/L),Natural Background (<10 mg/L),Within Drinking Norms,Unsafe for Drinking
HP 21081,Madurai,Madurai North,Elamanur,2020-07-06,2020,7,Pre-Monsoon,9.900556,78.210833,Original,1465.0,2400,8.1,0.57,16.0,84,75.33,336.0,25.0,454,149,0.0,536.8,520,6.412028,0.0,56.98958,178.17,Poor,6.41,-1.59,59.47,S1 (Low),C4 (Very High),C4-S1,Safe (<1.25),Doubtful to Unsuitable,Marginal / Moderate,Safe (<1.0 mg/L),Acceptable (10-45 mg/L),Within Drinking Norms,Permissible / Marginal
HP 21082,Madurai,Madurai South,Nallur,2020-07-10,2020,7,Pre-Monsoon,9.788333,78.133333,Original,384.0,690,8.2,0.32,6.0,38,26.73,67.0,2.0,92,22,2.567714,172.353,205,2.036468,0.0,41.27117,67.24,Good,2.04,-1.19,41.98,S1 (Low),C2 (Medium),C2-S1,Safe (<1.25),Permissible to Doubtful,Good / Permissible,Safe (<1.0 mg/L),Natural Background (<10 mg/L),Within Drinking Norms,Permissible / Marginal
HP 21083,Madurai,Madurai South,Nilaiyur,2020-07-11,2020,7,Pre-Monsoon,9.855556,78.059167,Original,1590.0,2680,8.2,0.55,27.0,124,80.19,322.0,32.0,404,252,0.0,512.4,640,5.53928,0.0,50.72592,200.33,Very Poor,5.54,-4.39,53.68,S1 (Low),C4 (Very High),C4-S1,Safe (<1.25),Doubtful to Unsuitable,Marginal / Moderate,Safe (<1.0 mg/L),Acceptable (10-45 mg/L),Within Drinking Norms,Unsafe for Drinking
HP 21084,Madurai,Madurai South,Sakkilipatti,2020-07-11,2020,7,Pre-Monsoon,9.901389,78.011111,Original,719.0,1290,8.1,1.3,4.0,36,49.815,170.0,3.0,234,59,0.0,292.8,295,4.306847,0.0,55.31946,109.24,Poor,4.3,-1.1,55.88,S1 (Low),C3 (High),C3-S1,Safe (<1.25),Permissible to Doubtful,Good / Permissible,Permissible (1.0-1.5 mg/L),Natural Background (<10 mg/L),Within Drinking Norms,Permissible / Marginal
HP21068,Madurai,Vadipatti,Alanganallur,2020-07-06,2020,7,Pre-Monsoon,10.048333,78.083889,Original,861.0,1470,8.0,0.45,22.0,96,70.47,122.0,4.0,269,60,0.0,280.6,530,2.306204,0.0,33.16955,121.62,Poor,2.31,-5.99,33.8,S1 (Low),C3 (High),C3-S1,Safe (<1.25),Permissible to Doubtful,Good / Permissible,Safe (<1.0 mg/L),Acceptable (10-45 mg/L),Within Drinking Norms,Permissible / Marginal
HP21069,Madurai,Vadipatti,Muduvarpatti,2020-07-06,2020,7,Pre-Monsoon,10.080278,78.124722,Original,942.0,1630,8.2,0.48,32.0,88,70.47,143.0,4.0,241,69,0.0,366.0,510,2.755617,0.0,37.66838,133.22,Poor,2.75,-4.19,38.28,S1 (Low),C3 (High),C3-S1,Safe (<1.25),Permissible to Doubtful,Good / Permissible,Safe (<1.0 mg/L),Acceptable (10-45 mg/L),Within Drinking Norms,Permissible / Marginal
MWS21046,Madurai,Peraiyur,Perunkamanallur,2020-07-02,2020,7,Pre-Monsoon,9.862778,77.818056,Original,661.0,1120,8.1,1.45,17.0,16,35.235,175.0,3.0,131,66,0.0,317.2,185,5.598105,1.501432,66.85062,102.2,Poor,5.6,1.5,67.51,S1 (Low),C3 (High),C3-S1,Marginal (1.25-2.5),Doubtful to Unsuitable,Marginal / Moderate,Permissible (1.0-1.5 mg/L),Acceptable (10-45 mg/L),Within Drinking Norms,Permissible / Marginal
MWS21048,Madurai,Peraiyur,Pappinaickenpatti,2020-07-02,2020,7,Pre-Monsoon,9.820278,77.711111,Original,924.0,1680,8.1,0.73,8.0,44,75.33,156.0,65.0,269,38,0.0,488.0,420,3.312117,0.0,40.28831,149.32,Poor,3.31,-0.4,50.15,S1 (Low),C3 (High),C3-S1,Safe (<1.25),Permissible to Doubtful,Good / Permissible,Safe (<1.0 mg/L),Natural Background (<10 mg/L),Within Drinking Norms,Permissible / Marginal
MWS21050,Madurai,Thirumangalam,Mathipanur,2020-07-02,2020,7,Pre-Monsoon,9.795556,77.8375,Original,958.0,1690,8.2,0.58,15.0,40,82.62,189.0,3.0,191,181,0.0,408.7,440,3.920382,0.0,48.09712,133.79,Poor,3.92,-2.1,48.53,S1 (Low),C3 (High),C3-S1,Safe (<1.25),Permissible to Doubtful,Good / Permissible,Safe (<1.0 mg/L),Acceptable (10-45 mg/L),Within Drinking Norms,Permissible / Marginal
MWS21052,Madurai,Peraiyur,Muthunagayapuram,2020-07-02,2020,7,Pre-Monsoon,9.771389,77.812222,Original,557.0,1000,8.0,0.56,12.0,26,54.675,97.0,11.0,85,52,0.0,353.8,290,2.478361,0.002630358,40.9748,92.05,Good,2.48,0.0,43.69,S1 (Low),C3 (High),C3-S1,Safe (<1.25),Permissible to Doubtful,Good / Permissible,Safe (<1.0 mg/L),Acceptable (10-45 mg/L),Within Drinking Norms,Permissible / Marginal
MWS21056,Madurai,Usilampatti,Meikkilarpatti,2020-07-02,2020,7,Pre-Monsoon,9.980556,77.802778,Original,949.0,1740,8.2,0.42,4.0,48,97.2,166.0,3.0,312,115,0.0,384.3,520,3.167384,0.0,40.81478,133.85,Poor,3.17,-4.1,41.23,S1 (Low),C3 (High),C3-S1,Safe (<1.25),Permissible to Doubtful,Good / Permissible,Safe (<1.0 mg/L),Natural Background (<10 mg/L),Within Drinking Norms,Permissible / Marginal
MWS21059,Madurai,Vadipatti,Kaupatti,2020-07-08,2020,7,Pre-Monsoon,10.022222,77.92,Original,934.0,1650,8.2,1.04,8.0,48,60.75,214.0,5.0,284,110,0.0,353.8,370,4.841072,0.0,55.30627,130.47,Poor,4.84,-1.6,56.05,S1 (Low),C3 (High),C3-S1,Safe (<1.25),Permissible to Doubtful,Good / Permissible,Permissible (1.0-1.5 mg/L),Natural Background (<10 mg/L),Within Drinking Norms,Permissible / Marginal
MWS21061,Madurai,Vadipatti,Thathampatti,2020-07-08,2020,7,Pre-Monsoon,10.022222,78.015556,Original,522.0,930,8.1,0.66,3.0,52,25.515,99.0,13.0,99,54,0.0,329.4,235,2.810697,0.7046545,46.13819,87.1,Good,2.81,0.7,49.69,S1 (Low),C3 (High),C3-S1,Safe (<1.25),Permissible to Doubtful,Good / Permissible,Safe (<1.0 mg/L),Natural Background (<10 mg/L),Within Drinking Norms,Permissible / Marginal
MWS21062,Madurai,Vadipatti,PeriyaIanthaikulam,2020-07-06,2020,7,Pre-Monsoon,10.068333,78.051389,Original,395.0,750,8.0,0.87,5.0,18,51.03,55.0,2.0,46,41,2.420775,257.5292,255,1.498535,0.0,31.725,76.13,Good,1.5,-0.8,32.39,S1 (Low),C3 (High),C3-S1,Safe (<1.25),Permissible to Doubtful,Excellent,Safe (<1.0 mg/L),Natural Background (<10 mg/L),Within Drinking Norms,Permissible / Marginal
MWS21063,Madurai,Madurai North,Erukalnatham,2020-07-06,2020,7,Pre-Monsoon,10.014722,78.173889,Original,855.0,1480,8.2,0.43,26.0,80,61.965,136.0,5.0,223,71,0.0,329.4,455,2.774624,0.0,39.08622,122.65,Poor,2.77,-3.69,39.92,S1 (Low),C3 (High),C3-S1,Safe (<1.25),Permissible to Doubtful,Good / Permissible,Safe (<1.0 mg/L),Acceptable (10-45 mg/L),Within Drinking Norms,Permissible / Marginal
MWS21065,Madurai,Madurai North,Mangulam,2020-07-06,2020,7,Pre-Monsoon,10.049167,78.25,Original,410.0,710,8.0,1.15,4.0,56,9.72,83.0,0.1,89,46,1.629215,173.3208,180,2.693005,0.0,50.09167,71.78,Good,2.69,-0.7,50.12,S1 (Low),C2 (Medium),C2-S1,Safe (<1.25),Permissible to Doubtful,Good / Permissible,Permissible (1.0-1.5 mg/L),Natural Background (<10 mg/L),Within Drinking Norms,Permissible / Marginal
21019D,Madurai,Melur,Karungalakudi,2020-07-02,2020,7,Pre-Monsoon,10.158333,78.364167,Original,732.0,1310,8.1,0.91,3.0,84,25.515,161.0,4.0,181,66,0.0,390.4,315,3.948435,0.1075576,52.27363,106.73,Poor,3.95,0.11,53.03,S1 (Low),C3 (High),C3-S1,Safe (<1.25),Permissible to Doubtful,Good / Permissible,Safe (<1.0 mg/L),Natural Background (<10 mg/L),Within Drinking Norms,Permissible / Marginal
21020D,Madurai,Melur,Pallapatti,2020-07-02,2020,7,Pre-Monsoon,10.249444,78.386111,Original,400.0,690,8.0,0.39,10.0,64,21.87,46.0,3.0,50,56,1.768902,188.1811,250,1.266288,0.0,28.29638,68.62,Good,1.27,-1.85,29.37,S1 (Low),C2 (Medium),C2-S1,Safe (<1.25),Good to Permissible,Excellent,Safe (<1.0 mg/L),Acceptable (10-45 mg/L),Within Drinking Norms,Permissible / Marginal
21022D,Madurai,Melur,Pulipatti,2020-07-02,2020,7,Pre-Monsoon,10.083889,78.288611,Original,667.0,1210,8.0,0.43,9.0,62,43.74,124.0,3.0,117,66,0.0,420.9,335,2.948348,0.2057144,44.34217,98.06,Good,2.95,0.2,44.96,S1 (Low),C3 (High),C3-S1,Safe (<1.25),Permissible to Doubtful,Good / Permissible,Safe (<1.0 mg/L),Natural Background (<10 mg/L),Within Drinking Norms,Permissible / Marginal
21023D,Madurai,Melur,Uranganpatti,2020-07-01,2020,7,Pre-Monsoon,9.992778,78.431111,Original,217.0,400,8.0,0.11,2.0,20,14.58,41.0,3.0,35,12,1.303279,138.6467,110,1.701234,0.1181848,43.9479,43.8,Excellent,1.7,0.12,45.83,S1 (Low),C2 (Medium),C2-S1,Safe (<1.25),Permissible to Doubtful,Good / Permissible,Safe (<1.0 mg/L),Natural Background (<10 mg/L),Within Drinking Norms,Safe Drinking Water
21024D,Madurai,Melur,Thiruvadur,2020-07-01,2020,7,Pre-Monsoon,9.956667,78.3175,Original,580.0,1070,8.2,0.64,6.0,52,58.32,74.0,6.0,152,60,0.0,305.0,370,1.674054,0.0,29.897,99.29,Good,1.67,-2.4,31.31,S1 (Low),C3 (High),C3-S1,Safe (<1.25),Permissible to Doubtful,Good / Permissible,Safe (<1.0 mg/L),Natural Background (<10 mg/L),Within Drinking Norms,Permissible / Marginal
501013,Madurai,Melur,Veppaodappu,2020-07-01,2020,7,Pre-Monsoon,9.917222,78.303889,Original,659.0,1180,8.1,0.43,10.0,42,58.32,120.0,2.0,128,75,0.0,378.2,345,2.811208,0.0,42.90443,99.88,Good,2.81,-0.7,43.31,S1 (Low),C3 (High),C3-S1,Safe (<1.25),Permissible to Doubtful,Good / Permissible,Safe (<1.0 mg/L),Acceptable (10-45 mg/L),Within Drinking Norms,Permissible / Marginal
501014,Madurai,Melur,Ambalakkaranpatti,2020-07-03,2020,7,Pre-Monsoon,9.972222,78.394722,Well-History,1854.0,3140,8.1,0.69,48.0,136,121.5,345.0,20.0,638,173,0.0,414.8,840,5.180094,0.0,46.45558,226.49,Very Poor,5.18,-9.99,48.03,S1 (Low),C4 (Very High),C4-S1,Safe (<1.25),Unsuitable,Unsuitable,Safe (<1.0 mg/L),Anthropogenic High (45-100 mg/L),Urban Domestic / Septic Leaching,Unsafe for Drinking
501016,Madurai,Melur,Navinipatti,2020-07-02,2020,7,Pre-Monsoon,10.043889,78.362778,Original,332.0,590,8.0,0.28,0.1,28,17.01,74.0,4.0,74,29,1.582653,168.3673,140,2.721829,0.01545644,52.61071,55.94,Good,2.72,0.01,54.27,S1 (Low),C2 (Medium),C2-S1,Safe (<1.25),Permissible to Doubtful,Good / Permissible,Safe (<1.0 mg/L),Natural Background (<10 mg/L),Within Drinking Norms,Safe Drinking Water
501017,Madurai,Melur,Keelayur,2020-07-01,2020,7,Pre-Monsoon,10.047222,78.377778,Original,684.0,1170,8.1,0.33,12.0,62,49.815,115.0,6.0,184,74,0.0,280.6,360,2.637632,0.0,40.50722,100.22,Poor,2.64,-2.6,41.74,S1 (Low),C3 (High),C3-S1,Safe (<1.25),Permissible to Doubtful,Good / Permissible,Safe (<1.0 mg/L),Acceptable (10-45 mg/L),Within Drinking Norms,Permissible / Marginal
501020,Madurai,Melur,Sennagarampatti,2020-07-02,2020,7,Pre-Monsoon,10.080556,78.320278,Original,907.0,1610,8.2,0.18,2.0,56,38.88,235.0,18.0,220,24,0.0,610.0,300,5.904568,4.004657,61.29599,120.24,Poor,5.9,4.0,64.05,S1 (Low),C3 (High),C3-S1,Unsuitable (>2.5),Doubtful to Unsuitable,Unsuitable,Safe (<1.0 mg/L),Natural Background (<10 mg/L),Within Drinking Norms,Permissible / Marginal
83095,Madurai,Melur,Pulipatti,2020-07-01,2020,7,Pre-Monsoon,10.084722,78.288611,Original,361.0,660,8.1,0.43,1.0,30,26.73,67.0,4.0,71,28,2.45532,207.4817,185,2.143618,0.0,43.41109,64.85,Good,2.14,-0.21,44.92,S1 (Low),C2 (Medium),C2-S1,Safe (<1.25),Permissible to Doubtful,Good / Permissible,Safe (<1.0 mg/L),Natural Background (<10 mg/L),Within Drinking Norms,Safe Drinking Water
83096,Madurai,Melur,Thumbaipatti,2020-07-02,2020,7,Pre-Monsoon,10.085278,78.359722,Original,455.0,840,8.0,0.91,2.0,60,20.655,90.0,4.0,57,17,2.979523,316.9705,235,2.555363,0.6009125,44.9404,78.32,Good,2.55,0.6,46.1,S1 (Low),C3 (High),C3-S1,Safe (<1.25),Permissible to Doubtful,Good / Permissible,Safe (<1.0 mg/L),Natural Background (<10 mg/L),Within Drinking Norms,Permissible / Marginal
Ex-21071,Madurai,Melur,Pottapatty,2020-07-01,2020,7,Pre-Monsoon,10.281944,78.370556,Original,1158.0,2030,8.2,0.82,27.0,124,80.19,184.0,5.0,475,48,0.0,244.0,640,3.165303,0.0,38.26096,156.92,Poor,3.16,-8.79,38.86,S1 (Low),C3 (High),C3-S1,Safe (<1.25),Doubtful to Unsuitable,Good / Permissible,Safe (<1.0 mg/L),Acceptable (10-45 mg/L),Within Drinking Norms,Unsafe for Drinking
MWS21066,Madurai,Melur,Attukulam,2020-07-01,2020,7,Pre-Monsoon,10.0025,78.356667,Original,898.0,1550,8.2,0.86,20.0,68,46.17,191.0,5.0,234,99,0.0,335.5,360,4.380918,0.0,53.15887,125.05,Poor,4.38,-1.7,53.96,S1 (Low),C3 (High),C3-S1,Safe (<1.25),Permissible to Doubtful,Good / Permissible,Safe (<1.0 mg/L),Acceptable (10-45 mg/L),Within Drinking Norms,Permissible / Marginal
21001D,Madurai,Madurai South,Thirupparankundram,2021-01-12,2021,1,Post-Monsoon,9.881667,78.11,Original,1777.0,3120,8.2,0.73,1.0,72,97.2,488.0,7.0,709,53,0.0,695.4,580,8.817172,0.0,64.32878,203.28,Very Poor,8.81,-0.2,64.86,S1 (Low),C4 (Very High),C4-S1,Safe (<1.25),Unsuitable,Unsuitable,Safe (<1.0 mg/L),Natural Background (<10 mg/L),Within Drinking Norms,Permissible / Marginal
21002D,Madurai,Thirumangalam,Chokkanathapuram,2021-01-09,2021,1,Post-Monsoon,9.941944,77.969444,Original,753.0,1350,8.0,0.53,9.0,52,46.17,168.0,2.0,241,26,0.0,353.8,320,4.086891,0.0,53.13439,102.8,Poor,4.08,-0.6,53.49,S1 (Low),C3 (High),C3-S1,Safe (<1.25),Permissible to Doubtful,Good / Permissible,Safe (<1.0 mg/L),Natural Background (<10 mg/L),Within Drinking Norms,Permissible / Marginal
21004D,Madurai,Thirumangalam,Chinna ulagani,2021-01-12,2021,1,Post-Monsoon,9.770556,78.053611,Original,705.0,1270,8.2,0.77,8.0,114,35.235,92.0,5.0,216,47,0.0,317.2,430,1.931108,0.0,31.46482,110.33,Poor,1.93,-3.39,32.46,S1 (Low),C3 (High),C3-S1,Safe (<1.25),Permissible to Doubtful,Good / Permissible,Safe (<1.0 mg/L),Natural Background (<10 mg/L),Within Drinking Norms,Permissible / Marginal
21005D,Madurai,Madurai South,Eliyarpatti,2021-01-12,2021,1,Post-Monsoon,9.794722,78.095,Original,334.0,610,8.1,0.54,4.0,48,26.73,37.0,3.0,43,36,2.338365,197.5987,230,1.061791,0.0,25.62291,66.16,Good,1.06,-1.28,26.84,S1 (Low),C2 (Medium),C2-S1,Safe (<1.25),Good to Permissible,Excellent,Safe (<1.0 mg/L),Natural Background (<10 mg/L),Within Drinking Norms,Permissible / Marginal
21006D,Madurai,Peraiyur,Elumalai RF,2021-01-08,2021,1,Post-Monsoon,9.865278,77.711667,Original,378.0,690,8.0,0.78,4.0,34,31.59,60.0,7.0,57,40,2.001714,212.9483,215,1.780683,0.0,36.83564,71.58,Good,1.78,-0.74,39.35,S1 (Low),C2 (Medium),C2-S1,Safe (<1.25),Good to Permissible,Excellent,Safe (<1.0 mg/L),Natural Background (<10 mg/L),Within Drinking Norms,Permissible / Marginal
21007D,Madurai,Thirumangalam,Kallikudi,2021-01-12,2021,1,Post-Monsoon,9.685278,77.975556,Original,2040.0,3620,8.2,0.68,32.0,200,172.53,276.0,2.0,681,298,0.0,512.4,1210,3.45285,0.0,33.13222,258.12,Very Poor,3.45,-15.78,33.26,S1 (Low),C4 (Very High),C4-S1,Safe (<1.25),Unsuitable,Unsuitable,Safe (<1.0 mg/L),Acceptable (10-45 mg/L),Within Drinking Norms,Unsafe for Drinking
21009A,Madurai,Thirumangalam,Utchapatti,2021-01-11,2021,1,Post-Monsoon,9.856667,78.009444,Original,1575.0,2720,8.0,0.66,37.0,172,82.62,285.0,10.0,432,106,0.0,634.4,770,4.470068,0.0,44.21924,196.35,Poor,4.47,-4.99,45.12,S1 (Low),C4 (Very High),C4-S1,Safe (<1.25),Doubtful to Unsuitable,Marginal / Moderate,Safe (<1.0 mg/L),Acceptable (10-45 mg/L),Within Drinking Norms,Unsafe for Drinking
21010D,Madurai,Madurai North,Karupayoorani,2021-01-06,2021,1,Post-Monsoon,9.930556,78.18,Original,442.0,820,8.1,0.65,0.05,42,32.805,78.0,6.0,103,38,2.68923,227.2478,240,2.191085,0.0,40.67272,77.15,Good,2.19,-0.98,42.5,S1 (Low),C3 (High),C3-S1,Safe (<1.25),Permissible to Doubtful,Good / Permissible,Safe (<1.0 mg/L),Natural Background (<10 mg/L),Within Drinking Norms,Permissible / Marginal
21012D,Madurai,Thirumangalam,Kurayur,2021-01-12,2021,1,Post-Monsoon,9.690556,78.024722,Original,158.0,2200,8.0,0.25,1.0,24,9.72,1.0,2.0,28,37,0.837656,89.11234,100,0.04352411,0.0,2.079024,62.18,Good,0.04,-0.51,4.52,S1 (Low),C3 (High),C3-S1,Safe (<1.25),Doubtful to Unsuitable,Good / Permissible,Safe (<1.0 mg/L),Natural Background (<10 mg/L),Within Drinking Norms,Safe Drinking Water
21013D,Madurai,Vadipatti,Manianji,2021-01-05,2021,1,Post-Monsoon,10.006389,78.094444,Original,468.0,890,8.0,0.83,4.0,34,35.235,97.0,4.0,71,19,2.93296,312.017,230,2.783255,0.6159483,47.31309,79.81,Good,2.78,0.61,48.45,S1 (Low),C3 (High),C3-S1,Safe (<1.25),Permissible to Doubtful,Good / Permissible,Safe (<1.0 mg/L),Natural Background (<10 mg/L),Within Drinking Norms,Permissible / Marginal
21015D,Madurai,Peraiyur,Peraiyur,2021-01-08,2021,1,Post-Monsoon,9.733611,77.791389,Original,529.0,900,8.0,0.31,18.0,42,36.45,99.0,2.0,99,17,0.0,305.0,255,2.6979,0.0,45.55531,80.25,Good,2.7,-0.1,46.08,S1 (Low),C3 (High),C3-S1,Safe (<1.25),Permissible to Doubtful,Good / Permissible,Safe (<1.0 mg/L),Acceptable (10-45 mg/L),Within Drinking Norms,Permissible / Marginal
21016D,Madurai,Peraiyur,Subbulapuram,2021-01-11,2021,1,Post-Monsoon,9.673889,77.810556,Original,445.0,820,8.2,0.23,4.0,72,21.87,64.0,4.0,92,31,3.448472,231.4723,270,1.695323,0.0,33.62555,74.76,Good,1.69,-1.48,34.85,S1 (Low),C3 (High),C3-S1,Safe (<1.25),Permissible to Doubtful,Good / Permissible,Safe (<1.0 mg/L),Natural Background (<10 mg/L),Within Drinking Norms,Permissible / Marginal
21017D,Madurai,Thirumangalam,Thangalacheri,2021-01-11,2021,1,Post-Monsoon,9.835833,77.868611,Original,1354.0,2330,8.2,0.57,19.0,136,55.89,281.0,4.0,326,202,0.0,524.6,570,5.122684,0.0,51.54852,168.25,Poor,5.12,-2.79,51.97,S1 (Low),C4 (Very High),C4-S1,Safe (<1.25),Doubtful to Unsuitable,Marginal / Moderate,Safe (<1.0 mg/L),Acceptable (10-45 mg/L),Within Drinking Norms,Permissible / Marginal
21018D,Madurai,Thirumangalam,Peikulam,2021-01-12,2021,1,Post-Monsoon,9.645278,77.997222,Original,416.0,780,8.1,0.36,2.0,44,41.31,53.0,7.0,85,16,3.040096,256.897,280,1.378322,0.0,28.53345,74.96,Good,1.38,-1.28,30.74,S1 (Low),C3 (High),C3-S1,Safe (<1.25),Permissible to Doubtful,Good / Permissible,Safe (<1.0 mg/L),Natural Background (<10 mg/L),Within Drinking Norms,Permissible / Marginal
21026D,Madurai,Vadipatti,Senthamangalam,2021-01-06,2021,1,Post-Monsoon,10.136111,78.145,Original,526.0,930,8.1,1.01,11.0,54,29.16,92.0,5.0,92,36,0.0,329.4,255,2.507389,0.3049058,43.38417,90.2,Good,2.51,0.3,44.76,S1 (Low),C3 (High),C3-S1,Safe (<1.25),Permissible to Doubtful,Good / Permissible,Permissible (1.0-1.5 mg/L),Acceptable (10-45 mg/L),Within Drinking Norms,Permissible / Marginal
21027D,Madurai,Vadipatti,Thiruvedagam,2021-01-05,2021,1,Post-Monsoon,10.017778,77.974167,Original,532.0,1000,8.0,0.73,1.0,36,46.17,94.0,18.0,82,42,0.0,414.8,280,2.444423,1.203303,40.30349,93.3,Good,2.44,1.2,44.83,S1 (Low),C3 (High),C3-S1,Safe (<1.25),Permissible to Doubtful,Good / Permissible,Safe (<1.0 mg/L),Natural Background (<10 mg/L),Within Drinking Norms,Permissible / Marginal
21028D,Madurai,Usilampatti,Veppanuthu,2021-01-08,2021,1,Post-Monsoon,9.898889,77.840833,Original,107.0,180,8.2,0.29,0.05,12,4.86,20.0,1.0,21,10,0.8795946,59.04116,50,1.231048,0.0,45.92449,35.83,Excellent,1.23,-0.0,47.26,S1 (Low),C1 (Low),C1-S1,Safe (<1.25),Permissible to Doubtful,Good / Permissible,Safe (<1.0 mg/L),Natural Background (<10 mg/L),Within Drinking Norms,Safe Drinking Water
21031D,Madurai,Usilampatti,Uthappanaickanur,2021-01-09,2021,1,Post-Monsoon,10.0325,77.792778,Original,929.0,1600,8.0,0.92,20.0,64,85.05,124.0,21.0,170,173,0.0,402.6,510,2.389248,0.0,33.45282,141.07,Poor,2.39,-3.6,36.77,S1 (Low),C3 (High),C3-S1,Safe (<1.25),Permissible to Doubtful,Good / Permissible,Safe (<1.0 mg/L),Acceptable (10-45 mg/L),Within Drinking Norms,Permissible / Marginal
21035D,Madurai,Madurai North,Madurai North,2021-01-11,2021,1,Post-Monsoon,9.931667,78.133611,Original,1670.0,2940,8.5,0.46,21.0,68,97.2,414.0,14.0,383,216,12.0,744.2,570,7.545394,1.206494,60.51485,205.48,Very Poor,7.54,1.2,61.71,S1 (Low),C4 (Very High),C4-S1,Safe (<1.25),Doubtful to Unsuitable,Marginal / Moderate,Safe (<1.0 mg/L),Acceptable (10-45 mg/L),Within Drinking Norms,Permissible / Marginal
21036D,Madurai,Madurai North,Koolapandi,2021-01-06,2021,1,Post-Monsoon,10.011111,78.145833,Original,369.0,710,8.0,0.95,1.0,34,38.88,48.0,7.0,50,40,2.234525,237.7155,245,1.334428,0.0,29.14801,74.94,Good,1.33,-0.93,31.64,S1 (Low),C2 (Medium),C2-S1,Safe (<1.25),Good to Permissible,Excellent,Safe (<1.0 mg/L),Natural Background (<10 mg/L),Within Drinking Norms,Permissible / Marginal
21037D,Madurai,Thirumangalam,Kandai,2021-01-11,2021,1,Post-Monsoon,9.870556,77.913333,Original,831.0,1320,8.0,1.16,50.0,60,55.89,99.0,63.0,96,47,0.0,378.2,380,2.210028,0.0,31.87236,143.24,Poor,2.21,-1.4,43.79,S1 (Low),C3 (High),C3-S1,Safe (<1.25),Permissible to Doubtful,Good / Permissible,Permissible (1.0-1.5 mg/L),Anthropogenic High (45-100 mg/L),Agricultural Fertilizer Runoff,Unsafe for Drinking
21068,Madurai,Vadipatti,Alanganallur,2021-01-06,2021,1,Post-Monsoon,10.048333,78.083889,Original,998.0,1750,8.1,0.22,11.0,140,70.47,115.0,2.0,369,134,0.0,237.9,640,1.978419,0.0,28.04106,134.57,Poor,1.98,-8.89,28.32,S1 (Low),C3 (High),C3-S1,Safe (<1.25),Permissible to Doubtful,Good / Permissible,Safe (<1.0 mg/L),Acceptable (10-45 mg/L),Within Drinking Norms,Unsafe for Drinking
21069,Madurai,Vadipatti,Maduvarpatti,2021-01-06,2021,1,Post-Monsoon,10.08,78.124722,Original,1711.0,2920,8.0,0.5,56.0,156,121.5,258.0,10.0,461,206,0.0,500.2,890,3.763528,0.0,38.35228,214.12,Very Poor,3.76,-9.59,39.21,S1 (Low),C4 (Very High),C4-S1,Safe (<1.25),Doubtful to Unsuitable,Marginal / Moderate,Safe (<1.0 mg/L),Anthropogenic High (45-100 mg/L),Agricultural Fertilizer Runoff,Unsafe for Drinking
501001,Madurai,Madurai North,Oomachikulam,2021-01-06,2021,1,Post-Monsoon,10.005,78.148056,Original,323.0,620,8.0,0.93,2.0,24,41.31,39.0,3.0,39,41,1.908589,203.0414,230,1.118938,0.0,26.63049,69.16,Good,1.12,-1.21,27.82,S1 (Low),C2 (Medium),C2-S1,Safe (<1.25),Good to Permissible,Excellent,Safe (<1.0 mg/L),Natural Background (<10 mg/L),Within Drinking Norms,Permissible / Marginal
501003,Madurai,Madurai North,Varichiur,2021-01-06,2021,1,Post-Monsoon,9.913056,78.251111,Original,831.0,1510,8.0,0.45,1.0,96,43.74,152.0,8.0,227,86,0.0,427.0,420,3.228036,0.0,43.47925,115.13,Poor,3.23,-1.39,44.81,S1 (Low),C3 (High),C3-S1,Safe (<1.25),Permissible to Doubtful,Good / Permissible,Safe (<1.0 mg/L),Natural Background (<10 mg/L),Within Drinking Norms,Permissible / Marginal
501004,Madurai,Madurai North,Sakkudi,2021-01-06,2021,1,Post-Monsoon,9.864167,78.223611,Original,784.0,1350,8.0,0.17,14.0,48,32.805,182.0,20.0,163,82,0.0,384.3,255,4.960022,1.20428,58.5415,104.72,Poor,4.96,1.2,62.31,S1 (Low),C3 (High),C3-S1,Safe (<1.25),Permissible to Doubtful,Good / Permissible,Safe (<1.0 mg/L),Acceptable (10-45 mg/L),Within Drinking Norms,Permissible / Marginal
501005,Madurai,Madurai North,Chithakur,2021-01-06,2021,1,Post-Monsoon,9.948333,78.243611,Original,966.0,1710,8.8,0.61,1.0,64,43.74,253.0,3.0,199,77,18.0,603.9,340,5.971225,3.705511,61.56645,137.14,Poor,5.97,3.7,61.98,S1 (Low),C3 (High),C3-S1,Unsuitable (>2.5),Doubtful to Unsuitable,Unsuitable,Safe (<1.0 mg/L),Natural Background (<10 mg/L),Within Drinking Norms,Unsafe for Drinking
501006,Madurai,Madurai North,Poigaikaraipatti,2021-01-06,2021,1,Post-Monsoon,10.047222,78.202778,Original,1158.0,2070,8.0,0.44,9.0,164,46.17,198.0,7.0,298,74,0.0,664.9,600,3.51844,0.0,41.45572,150.31,Poor,3.52,-1.09,42.31,S1 (Low),C3 (High),C3-S1,Safe (<1.25),Doubtful to Unsuitable,Good / Permissible,Safe (<1.0 mg/L),Natural Background (<10 mg/L),Within Drinking Norms,Permissible / Marginal
501007,Madurai,Madurai North,Velliyankundram,2021-01-06,2021,1,Post-Monsoon,10.020556,78.178333,Original,758.0,1390,8.1,0.2,2.0,54,53.46,163.0,7.0,188,53,0.0,457.5,355,3.764633,0.405042,49.36327,106.44,Poor,3.76,0.4,50.6,S1 (Low),C3 (High),C3-S1,Safe (<1.25),Permissible to Doubtful,Good / Permissible,Safe (<1.0 mg/L),Natural Background (<10 mg/L),Within Drinking Norms,Permissible / Marginal
501011,Madurai,Madurai South,Melakuilkudi,2021-01-09,2021,1,Post-Monsoon,9.9225,78.036111,Original,628.0,1120,8.1,1.17,4.0,32,36.45,154.0,2.0,89,106,0.0,384.3,230,4.418695,1.702825,59.03886,99.19,Good,4.42,1.7,59.48,S1 (Low),C3 (High),C3-S1,Marginal (1.25-2.5),Permissible to Doubtful,Marginal / Moderate,Permissible (1.0-1.5 mg/L),Natural Background (<10 mg/L),Within Drinking Norms,Permissible / Marginal
501012,Madurai,Madurai South,Vilachery,2021-01-11,2021,1,Post-Monsoon,9.9,78.059444,Original,332.0,630,8.0,0.75,1.0,46,27.945,37.0,5.0,43,37,2.048276,217.9017,230,1.061771,0.0,25.41524,67.56,Good,1.06,-0.96,27.43,S1 (Low),C2 (Medium),C2-S1,Safe (<1.25),Good to Permissible,Excellent,Safe (<1.0 mg/L),Natural Background (<10 mg/L),Within Drinking Norms,Permissible / Marginal
501023,Madurai,Peraiyur,Mangalrevu,2021-01-08,2021,1,Post-Monsoon,9.786111,77.797222,Original,421.0,780,8.1,0.99,6.0,18,36.45,90.0,2.0,57,18,3.274005,276.6631,195,2.804267,0.7463226,49.7835,77.22,Good,2.8,0.74,50.42,S1 (Low),C3 (High),C3-S1,Safe (<1.25),Permissible to Doubtful,Good / Permissible,Safe (<1.0 mg/L),Natural Background (<10 mg/L),Within Drinking Norms,Safe Drinking Water
501030,Madurai,Peraiyur,Modhagam,2021-01-11,2021,1,Post-Monsoon,9.679167,77.808889,Original,2682.0,4470,8.1,0.07,39.0,96,136.08,598.0,149.0,851,283,0.0,786.9,800,9.199746,0.0,56.78006,326.95,Unsuitable,9.2,-3.09,65.09,S1 (Low),C4 (Very High),C4-S1,Safe (<1.25),Unsuitable,Unsuitable,Safe (<1.0 mg/L),Acceptable (10-45 mg/L),Within Drinking Norms,Unsafe for Drinking
501032,Madurai,Peraiyur,Salisanthai,2021-01-08,2021,1,Post-Monsoon,9.728333,77.801944,Original,2865.0,5130,8.0,0.08,6.0,184,189.54,644.0,7.0,1418,134,0.0,524.6,1240,7.958309,0.0,52.88276,307.09,Unsuitable,7.95,-16.18,53.21,S1 (Low),C4 (Very High),C4-S1,Safe (<1.25),Unsuitable,Unsuitable,Safe (<1.0 mg/L),Natural Background (<10 mg/L),Within Drinking Norms,Unsafe for Drinking
501033,Madurai,Madurai North,Samayanallur,2021-01-05,2021,1,Post-Monsoon,9.980833,78.042222,Original,1580.0,2780,8.5,0.67,3.0,36,65.61,474.0,4.0,418,173,12.0,768.6,360,10.86997,5.802872,73.85771,183.88,Poor,10.86,5.8,74.21,S2 (Medium),C4 (Very High),C4-S2,Unsuitable (>2.5),Doubtful to Unsuitable,Unsuitable,Safe (<1.0 mg/L),Natural Background (<10 mg/L),Within Drinking Norms,Permissible / Marginal
501036,Madurai,Madurai South,Othai Alankulam,2021-01-12,2021,1,Post-Monsoon,9.809722,78.055,Original,4603.0,8380,8.2,1.13,49.0,392,354.78,805.0,9.0,2340,154,0.0,658.8,2440,7.091825,0.0,41.68389,522.13,Unsuitable,7.09,-37.96,41.95,S1 (Low),C4 (Very High),C4-S1,Safe (<1.25),Unsuitable,Unsuitable,Permissible (1.0-1.5 mg/L),Anthropogenic High (45-100 mg/L),Urban Domestic / Septic Leaching,Unsafe for Drinking
501050,Madurai,Usilampatti,Thumalapatti,2021-01-08,2021,1,Post-Monsoon,9.869444,77.776111,Original,254.0,480,8.0,0.8,1.0,26,27.945,32.0,2.0,43,7,1.675778,178.2742,180,1.037901,0.0,27.61675,58.06,Good,1.04,-0.62,28.62,S1 (Low),C2 (Medium),C2-S1,Safe (<1.25),Good to Permissible,Excellent,Safe (<1.0 mg/L),Natural Background (<10 mg/L),Within Drinking Norms,Safe Drinking Water
501053,Madurai,Vadipatti,Alagapuri,2021-01-06,2021,1,Post-Monsoon,10.056389,78.069722,Original,411.0,800,8.0,0.92,3.0,28,53.46,55.0,3.0,53,20,2.793273,297.1567,290,1.405277,0.0,28.94387,79.97,Good,1.4,-0.83,29.86,S1 (Low),C3 (High),C3-S1,Safe (<1.25),Permissible to Doubtful,Good / Permissible,Safe (<1.0 mg/L),Natural Background (<10 mg/L),Within Drinking Norms,Permissible / Marginal
501054,Madurai,Vadipatti,Manickampatti,2021-01-06,2021,1,Post-Monsoon,10.104444,78.125278,Original,2031.0,3550,8.2,0.59,41.0,112,179.82,368.0,5.0,709,182,0.0,585.6,1020,5.013696,0.0,43.82947,249.61,Very Poor,5.01,-10.79,44.17,S1 (Low),C4 (Very High),C4-S1,Safe (<1.25),Unsuitable,Unsuitable,Safe (<1.0 mg/L),Acceptable (10-45 mg/L),Within Drinking Norms,Unsafe for Drinking
501060,Madurai,Vadipatti,Thiruvalavoyanallur,2021-01-06,2021,1,Post-Monsoon,10.008056,78.008611,Original,961.0,1690,8.2,0.96,8.0,60,68.04,205.0,5.0,227,139,0.0,445.3,430,4.30187,0.0,50.55549,136.41,Poor,4.3,-1.3,51.27,S1 (Low),C3 (High),C3-S1,Safe (<1.25),Permissible to Doubtful,Good / Permissible,Safe (<1.0 mg/L),Natural Background (<10 mg/L),Within Drinking Norms,Permissible / Marginal
81001B,Madurai,Madurai South,Kochadai,2021-01-09,2021,1,Post-Monsoon,9.943333,78.0775,Original,382.0,710,8.1,0.14,0.05,24,26.73,85.0,3.0,60,38,2.747708,232.1893,170,2.836832,0.5002021,51.55684,62.65,Good,2.84,0.5,52.61,S1 (Low),C2 (Medium),C2-S1,Safe (<1.25),Permissible to Doubtful,Good / Permissible,Safe (<1.0 mg/L),Natural Background (<10 mg/L),Within Drinking Norms,Safe Drinking Water
83005,Madurai,Madurai South,Tiruparankundram,2021-01-12,2021,1,Post-Monsoon,9.879167,78.113056,Original,2001.0,3560,8.0,0.62,9.0,64,106.92,552.0,8.0,709,173,0.0,695.4,600,9.805526,0.0,66.31423,220.14,Very Poor,9.8,-0.6,66.87,S1 (Low),C4 (Very High),C4-S1,Safe (<1.25),Unsuitable,Unsuitable,Safe (<1.0 mg/L),Natural Background (<10 mg/L),Within Drinking Norms,Unsafe for Drinking
83006 A,Madurai,Thirumangalam,Santhangudi,2021-01-11,2021,1,Post-Monsoon,9.84,77.937778,Original,1695.0,2930,8.2,1.01,33.0,64,102.06,382.0,68.0,411,134,0.0,774.7,580,6.901765,1.106132,55.48403,227.34,Very Poor,6.9,1.1,61.28,S1 (Low),C4 (Very High),C4-S1,Safe (<1.25),Doubtful to Unsuitable,Marginal / Moderate,Permissible (1.0-1.5 mg/L),Acceptable (10-45 mg/L),Within Drinking Norms,Permissible / Marginal
83007B,Madurai,Peraiyur,Chinnakattalai,2021-01-08,2021,1,Post-Monsoon,9.951944,77.800556,Original,2834.0,4950,8.1,0.89,13.0,88,165.24,736.0,11.0,1205,350,0.0,439.2,900,10.6747,0.0,63.66626,302.29,Unsuitable,10.67,-10.79,64.21,S2 (Medium),C4 (Very High),C4-S2,Safe (<1.25),Unsuitable,Unsuitable,Safe (<1.0 mg/L),Acceptable (10-45 mg/L),Within Drinking Norms,Unsafe for Drinking
83008,Madurai,Peraiyur,Elumalai,2021-01-08,2021,1,Post-Monsoon,9.861111,77.701111,Original,693.0,1210,8.2,1.12,22.0,44,54.675,133.0,3.0,117,39,0.0,408.7,335,3.161982,0.004219498,46.07202,112.39,Poor,3.16,0.0,46.67,S1 (Low),C3 (High),C3-S1,Safe (<1.25),Permissible to Doubtful,Good / Permissible,Permissible (1.0-1.5 mg/L),Acceptable (10-45 mg/L),Within Drinking Norms,Permissible / Marginal
83048,Madurai,Thirumangalam,Puliankulam (M),2021-01-12,2021,1,Post-Monsoon,9.659167,77.910278,Original,449.0,810,8.0,0.05,5.0,78,19.44,51.0,22.0,57,22,2.700149,287.2498,275,1.338671,0.0,26.81355,76.01,Good,1.34,-0.69,33.61,S1 (Low),C3 (High),C3-S1,Safe (<1.25),Permissible to Doubtful,Good / Permissible,Safe (<1.0 mg/L),Natural Background (<10 mg/L),Within Drinking Norms,Permissible / Marginal
83062A,Madurai,Thirumangalam,Kappalur,2021-01-11,2021,1,Post-Monsoon,9.858611,78.023056,Original,1072.0,1970,8.1,0.29,7.0,76,94.77,189.0,11.0,319,77,0.0,549.0,580,3.414897,0.0,40.91378,146.86,Poor,3.41,-2.6,42.3,S1 (Low),C3 (High),C3-S1,Safe (<1.25),Permissible to Doubtful,Good / Permissible,Safe (<1.0 mg/L),Natural Background (<10 mg/L),Within Drinking Norms,Permissible / Marginal
83072A,Madurai,Usilampatti,Valandur,2021-01-05,2021,1,Post-Monsoon,9.949722,77.871944,Original,789.0,1470,8.0,1.51,2.0,44,51.03,196.0,2.0,135,35,0.0,634.4,320,4.767787,4.003673,56.94447,120.6,Poor,4.77,4.0,57.27,S1 (Low),C3 (High),C3-S1,Unsuitable (>2.5),Permissible to Doubtful,Unsuitable,Dental Fluorosis Risk (1.5-2.0 mg/L),Natural Background (<10 mg/L),Within Drinking Norms,Unsafe for Drinking
83080 A,Madurai,Vadipatti,Nagari,2021-01-06,2021,1,Post-Monsoon,10.019444,78.016389,Original,1234.0,2250,8.8,1.15,4.0,44,60.75,359.0,4.0,337,41,18.0,701.5,360,8.233129,4.903693,68.15261,166.89,Poor,8.23,4.9,68.59,S1 (Low),C4 (Very High),C4-S1,Unsuitable (>2.5),Doubtful to Unsuitable,Unsuitable,Permissible (1.0-1.5 mg/L),Natural Background (<10 mg/L),Within Drinking Norms,Unsafe for Drinking
83092AY,Madurai,Vadipatti,Vadipatti,2021-01-05,2021,1,Post-Monsoon,10.0525,77.975556,Original,617.0,1130,8.0,0.34,3.0,68,46.17,55.0,72.0,78,26,0.0,518.5,360,1.261521,1.306115,20.93672,118.17,Poor,1.26,1.3,37.04,S1 (Low),C3 (High),C3-S1,Marginal (1.25-2.5),Permissible to Doubtful,Marginal / Moderate,Safe (<1.0 mg/L),Natural Background (<10 mg/L),Within Drinking Norms,Permissible / Marginal
83099,Madurai,Madurai North,Kadavur,2021-01-06,2021,1,Post-Monsoon,10.076944,78.175,Original,1150.0,2030,8.2,0.24,38.0,144,82.62,143.0,13.0,234,40,0.0,646.6,700,2.352261,0.0,30.28666,162.37,Poor,2.35,-3.39,31.9,S1 (Low),C3 (High),C3-S1,Safe (<1.25),Doubtful to Unsuitable,Good / Permissible,Safe (<1.0 mg/L),Acceptable (10-45 mg/L),Within Drinking Norms,Unsafe for Drinking
Ex-21039,Madurai,Usilampatti,K.Nattarpatti,2021-01-05,2021,1,Post-Monsoon,9.968889,77.863611,Original,442.0,880,8.1,1.56,1.0,40,58.32,46.0,2.0,57,26,3.975736,335.9613,340,1.085515,0.0,22.6159,93.86,Good,1.08,-1.16,23.18,S1 (Low),C3 (High),C3-S1,Safe (<1.25),Permissible to Doubtful,Good / Permissible,Dental Fluorosis Risk (1.5-2.0 mg/L),Natural Background (<10 mg/L),Within Drinking Norms,Unsafe for Drinking
Ex-21040,Madurai,Peraiyur,T.kallupatti,2021-01-11,2021,1,Post-Monsoon,9.715833,77.859444,Original,288.0,570,8.1,0.18,1.0,38,29.16,32.0,4.0,25,10,2.747708,232.1893,215,0.9497352,0.0,24.03955,58.7,Good,0.95,-0.4,25.8,S1 (Low),C2 (Medium),C2-S1,Safe (<1.25),Good to Permissible,Excellent,Safe (<1.0 mg/L),Natural Background (<10 mg/L),Within Drinking Norms,Permissible / Marginal
HP 21074,Madurai,Madurai North,Chettikulam,2021-01-06,2021,1,Post-Monsoon,9.995,78.146944,Original,1277.0,2330,8.2,0.52,20.0,44,119.07,267.0,9.0,326,62,0.0,719.8,600,4.742556,0.0,48.7202,171.64,Poor,4.74,-0.2,49.67,S1 (Low),C4 (Very High),C4-S1,Safe (<1.25),Doubtful to Unsuitable,Marginal / Moderate,Safe (<1.0 mg/L),Acceptable (10-45 mg/L),Within Drinking Norms,Permissible / Marginal
HP 21076,Madurai,Madurai North,Vayalur,2021-01-05,2021,1,Post-Monsoon,10.018333,78.053889,Original,389.0,740,8.0,0.67,3.0,16,41.31,74.0,8.0,39,28,2.607024,277.343,210,2.221782,0.4351274,42.23498,72.74,Good,2.22,0.43,44.91,S1 (Low),C2 (Medium),C2-S1,Safe (<1.25),Permissible to Doubtful,Good / Permissible,Safe (<1.0 mg/L),Natural Background (<10 mg/L),Within Drinking Norms,Permissible / Marginal
HP 21077,Madurai,Madurai North,Elanthgiyendal,2021-01-06,2021,1,Post-Monsoon,9.949722,78.230833,Original,586.0,1050,8.0,0.47,5.0,58,29.16,120.0,6.0,103,41,0.0,414.8,265,3.208255,1.505101,48.93243,88.42,Good,3.21,1.5,50.36,S1 (Low),C3 (High),C3-S1,Marginal (1.25-2.5),Permissible to Doubtful,Marginal / Moderate,Safe (<1.0 mg/L),Natural Background (<10 mg/L),Within Drinking Norms,Permissible / Marginal
HP 21078,Madurai,Madurai North,Kalikappan,2021-01-06,2021,1,Post-Monsoon,9.939444,78.193611,Original,809.0,1470,8.1,0.31,13.0,68,60.75,143.0,9.0,213,31,0.0,451.4,420,3.036474,0.0,41.90667,116.13,Poor,3.04,-1.0,43.44,S1 (Low),C3 (High),C3-S1,Safe (<1.25),Permissible to Doubtful,Good / Permissible,Safe (<1.0 mg/L),Acceptable (10-45 mg/L),Within Drinking Norms,Permissible / Marginal
HP 21079,Madurai,Madurai North,Rajakkoor,2021-01-06,2021,1,Post-Monsoon,9.928611,78.238333,Original,1211.0,2090,8.7,0.47,0.05,16,26.73,432.0,3.0,298,86,18.0,658.8,150,15.34778,8.400554,85.93798,142.33,Poor,15.34,8.4,86.28,S2 (Medium),C3 (High),C3-S2,Unsuitable (>2.5),Unsuitable,Unsuitable,Safe (<1.0 mg/L),Natural Background (<10 mg/L),Within Drinking Norms,Unsafe for Drinking
HP 21080,Madurai,Madurai North,Kalimangalam,2021-01-06,2021,1,Post-Monsoon,9.878333,78.238889,Original,2244.0,3760,8.8,1.77,1.0,16,43.74,782.0,15.0,681,278,18.0,811.3,220,22.93885,9.500513,87.6757,245.41,Very Poor,22.93,9.5,88.66,S3 (High),C4 (Very High),C4-S3,Unsuitable (>2.5),Unsuitable,Unsuitable,Dental Fluorosis Risk (1.5-2.0 mg/L),Natural Background (<10 mg/L),Within Drinking Norms,Unsafe for Drinking
HP 21081,Madurai,Madurai North,Elamanur,2021-01-06,2021,1,Post-Monsoon,9.900556,78.210833,Original,1469.0,2560,8.1,0.52,12.0,96,82.62,304.0,38.0,461,110,0.0,646.6,580,5.493145,0.0,51.28341,187.6,Poor,5.49,-0.99,55.04,S1 (Low),C4 (Very High),C4-S1,Safe (<1.25),Doubtful to Unsuitable,Marginal / Moderate,Safe (<1.0 mg/L),Acceptable (10-45 mg/L),Within Drinking Norms,Permissible / Marginal
HP 21082,Madurai,Madurai South,Nallur,2021-01-12,2021,1,Post-Monsoon,9.788333,78.133333,Original,628.0,1100,8.0,0.41,16.0,70,37.665,106.0,5.0,138,31,0.0,341.6,330,2.539529,0.0,40.69013,93.78,Good,2.54,-0.99,41.81,S1 (Low),C3 (High),C3-S1,Safe (<1.25),Permissible to Doubtful,Good / Permissible,Safe (<1.0 mg/L),Acceptable (10-45 mg/L),Within Drinking Norms,Permissible / Marginal
HP 21083,Madurai,Madurai South,Nilaiyur,2021-01-11,2021,1,Post-Monsoon,9.855556,78.059167,Original,1644.0,2870,8.2,0.62,10.0,164,97.2,290.0,27.0,447,250,0.0,646.6,810,4.434564,0.0,42.7782,212.72,Very Poor,4.43,-5.59,45.11,S1 (Low),C4 (Very High),C4-S1,Safe (<1.25),Doubtful to Unsuitable,Marginal / Moderate,Safe (<1.0 mg/L),Acceptable (10-45 mg/L),Within Drinking Norms,Unsafe for Drinking
HP 21084,Madurai,Madurai South,Sakkilipatti,2021-01-11,2021,1,Post-Monsoon,9.901389,78.011111,Original,892.0,1630,8.0,0.74,6.0,104,60.75,149.0,6.0,227,82,0.0,481.9,510,2.871428,0.0,38.52383,128.84,Poor,2.87,-2.29,39.42,S1 (Low),C3 (High),C3-S1,Safe (<1.25),Permissible to Doubtful,Good / Permissible,Safe (<1.0 mg/L),Natural Background (<10 mg/L),Within Drinking Norms,Permissible / Marginal
MWS21043,Madurai,Usilampatti,Pullaneri,2021-01-09,2021,1,Post-Monsoon,9.9325,77.946667,Original,1704.0,3060,8.1,0.36,8.0,136,126.36,304.0,12.0,638,235,0.0,439.2,860,4.511065,0.0,43.05126,209.15,Very Poor,4.51,-9.99,44.04,S1 (Low),C4 (Very High),C4-S1,Safe (<1.25),Unsuitable,Unsuitable,Safe (<1.0 mg/L),Natural Background (<10 mg/L),Within Drinking Norms,Unsafe for Drinking
MWS21046,Madurai,Peraiyur,Perunkamanallur,2021-01-08,2021,1,Post-Monsoon,9.862778,77.818056,Original,1024.0,1880,8.2,1.51,4.0,60,53.46,267.0,4.0,241,40,0.0,683.2,370,6.040443,3.805126,60.77506,145.2,Poor,6.04,3.8,61.3,S1 (Low),C3 (High),C3-S1,Unsuitable (>2.5),Doubtful to Unsuitable,Unsuitable,Dental Fluorosis Risk (1.5-2.0 mg/L),Natural Background (<10 mg/L),Within Drinking Norms,Unsafe for Drinking
MWS21048,Madurai,Peraiyur,Pappinaickenpatti,2021-01-08,2021,1,Post-Monsoon,9.820278,77.711111,Original,2397.0,4060,8.0,0.16,38.0,64,97.2,690.0,18.0,709,278,0.0,744.2,560,12.68731,1.006115,72.03314,248.44,Very Poor,12.68,1.0,73.13,S2 (Medium),C4 (Very High),C4-S2,Safe (<1.25),Unsuitable,Unsuitable,Safe (<1.0 mg/L),Acceptable (10-45 mg/L),Within Drinking Norms,Unsafe for Drinking
MWS21050,Madurai,Thirumangalam,Mathipanur,2021-01-08,2021,1,Post-Monsoon,9.795556,77.8375,Original,1293.0,2330,8.2,0.4,21.0,68,123.93,235.0,4.0,390,125,0.0,506.3,680,3.921161,0.0,42.74151,171.47,Poor,3.92,-5.3,43.16,S1 (Low),C4 (Very High),C4-S1,Safe (<1.25),Doubtful to Unsuitable,Marginal / Moderate,Safe (<1.0 mg/L),Acceptable (10-45 mg/L),Within Drinking Norms,Unsafe for Drinking
MWS21052,Madurai,Peraiyur,Muthunagayapuram,2021-01-08,2021,1,Post-Monsoon,9.771389,77.812222,Original,1555.0,2780,8.0,0.52,41.0,48,126.36,336.0,16.0,432,125,0.0,579.5,640,5.778666,0.0,52.53911,194.12,Poor,5.78,-3.3,54.0,S1 (Low),C4 (Very High),C4-S1,Safe (<1.25),Doubtful to Unsuitable,Marginal / Moderate,Safe (<1.0 mg/L),Acceptable (10-45 mg/L),Within Drinking Norms,Unsafe for Drinking
MWS21056,Madurai,Usilampatti,Meikkilarpatti,2021-01-09,2021,1,Post-Monsoon,9.980556,77.802778,Original,793.0,1300,8.1,0.89,5.0,32,27.945,140.0,131.0,96,77,0.0,530.7,195,4.362856,4.802367,45.66097,149.91,Poor,4.36,4.8,70.78,S1 (Low),C3 (High),C3-S1,Unsuitable (>2.5),Permissible to Doubtful,Unsuitable,Safe (<1.0 mg/L),Natural Background (<10 mg/L),Within Drinking Norms,Permissible / Marginal
MWS21059,Madurai,Vadipatti,Kaupatti,2021-01-05,2021,1,Post-Monsoon,10.022222,77.92,Original,1178.0,2040,8.2,1.07,27.0,88,63.18,258.0,5.0,241,106,0.0,597.8,480,5.1248,0.2081286,53.59083,158.74,Poor,5.12,0.21,54.19,S1 (Low),C3 (High),C3-S1,Safe (<1.25),Doubtful to Unsuitable,Good / Permissible,Permissible (1.0-1.5 mg/L),Acceptable (10-45 mg/L),Within Drinking Norms,Permissible / Marginal
MWS21061,Madurai,Vadipatti,Thathampatti,2021-01-05,2021,1,Post-Monsoon,10.022222,78.015556,Original,555.0,1010,8.2,0.36,4.0,78,25.515,81.0,24.0,103,19,0.0,408.7,300,2.035507,0.7069497,34.78323,95.37,Good,2.03,0.71,40.83,S1 (Low),C3 (High),C3-S1,Safe (<1.25),Permissible to Doubtful,Good / Permissible,Safe (<1.0 mg/L),Natural Background (<10 mg/L),Within Drinking Norms,Permissible / Marginal
MWS21062,Madurai,Vadipatti,PeriyaIanthaikulam,2021-01-06,2021,1,Post-Monsoon,10.068333,78.051389,Original,531.0,970,8.0,1.27,7.0,58,20.655,108.0,5.0,46,36,0.0,439.2,230,3.099566,2.604905,49.87103,91.36,Good,3.1,2.6,51.22,S1 (Low),C3 (High),C3-S1,Unsuitable (>2.5),Permissible to Doubtful,Unsuitable,Permissible (1.0-1.5 mg/L),Natural Background (<10 mg/L),Within Drinking Norms,Permissible / Marginal
MWS21063,Madurai,Madurai North,Erukalnatham,2021-01-06,2021,1,Post-Monsoon,10.014722,78.173889,Original,517.0,970,8.1,0.48,3.0,64,47.385,55.0,12.0,92,43,0.0,378.2,355,1.27035,0.0,24.43081,92.24,Good,1.27,-0.9,27.56,S1 (Low),C3 (High),C3-S1,Safe (<1.25),Permissible to Doubtful,Good / Permissible,Safe (<1.0 mg/L),Natural Background (<10 mg/L),Within Drinking Norms,Permissible / Marginal
MWS21065,Madurai,Madurai North,Mangulam,2021-01-06,2021,1,Post-Monsoon,10.049167,78.25,Original,357.0,650,8.2,0.19,0.05,46,19.44,64.0,2.0,46,38,3.375075,226.5457,195,1.994752,0.0,41.36281,63.18,Good,1.99,-0.07,42.11,S1 (Low),C2 (Medium),C2-S1,Safe (<1.25),Permissible to Doubtful,Good / Permissible,Safe (<1.0 mg/L),Natural Background (<10 mg/L),Within Drinking Norms,Safe Drinking Water
21032D,Madurai,Usilampatti,Doddappanaickanur,2021-01-09,2021,1,Post-Monsoon,9.971667,77.735833,Original,1273.0,2220,8.2,0.48,26.0,60,104.49,230.0,67.0,337,46,0.0,622.2,580,4.155452,0.0,42.91796,186.57,Poor,4.15,-1.4,50.26,S1 (Low),C3 (High),C3-S1,Safe (<1.25),Doubtful to Unsuitable,Good / Permissible,Safe (<1.0 mg/L),Acceptable (10-45 mg/L),Within Drinking Norms,Permissible / Marginal
Ex-21041,Madurai,Peraiyur,Sedapatti,2021-01-08,2021,1,Post-Monsoon,9.826389,77.8,Original,1535.0,2650,8.2,1.27,50.0,60,119.07,327.0,2.0,418,120,0.0,530.7,640,5.624104,0.0,52.54968,198.46,Poor,5.62,-4.1,52.72,S1 (Low),C4 (Very High),C4-S1,Safe (<1.25),Doubtful to Unsuitable,Marginal / Moderate,Permissible (1.0-1.5 mg/L),Anthropogenic High (45-100 mg/L),Agricultural Fertilizer Runoff,Unsafe for Drinking
21019D,Madurai,Melur,Karungalakudi,2021-01-07,2021,1,Post-Monsoon,10.158333,78.364167,Original,840.0,1480,8.0,0.69,1.0,96,14.58,205.0,5.0,191,72,0.0,500.2,300,5.152247,2.208275,59.30617,110.39,Poor,5.15,2.21,60.15,S1 (Low),C3 (High),C3-S1,Marginal (1.25-2.5),Permissible to Doubtful,Marginal / Moderate,Safe (<1.0 mg/L),Natural Background (<10 mg/L),Within Drinking Norms,Permissible / Marginal
21020D,Madurai,Melur,Pallapatti,2021-01-07,2021,1,Post-Monsoon,10.249444,78.386111,Original,443.0,790,8.0,0.71,12.0,16,41.31,87.0,4.0,85,39,1.815465,193.1345,210,2.612095,0.0,46.80988,75.56,Good,2.61,-0.97,48.06,S1 (Low),C3 (High),C3-S1,Safe (<1.25),Permissible to Doubtful,Good / Permissible,Safe (<1.0 mg/L),Acceptable (10-45 mg/L),Within Drinking Norms,Permissible / Marginal
21022D,Madurai,Melur,Pulipatti,2021-01-07,2021,1,Post-Monsoon,10.083889,78.288611,Original,323.0,580,8.2,0.18,4.0,36,18.225,60.0,5.0,78,14,2.274128,152.6466,165,2.032915,0.0,43.25235,59.43,Good,2.03,-0.72,45.36,S1 (Low),C2 (Medium),C2-S1,Safe (<1.25),Permissible to Doubtful,Good / Permissible,Safe (<1.0 mg/L),Natural Background (<10 mg/L),Within Drinking Norms,Safe Drinking Water
21023D,Madurai,Melur,Uranganpatti,2021-01-06,2021,1,Post-Monsoon,9.992778,78.431111,Original,1198.0,2080,8.2,0.71,20.0,112,58.32,242.0,8.0,333,134,0.0,439.2,520,4.618713,0.0,49.84233,155.91,Poor,4.62,-3.19,50.8,S1 (Low),C3 (High),C3-S1,Safe (<1.25),Doubtful to Unsuitable,Good / Permissible,Safe (<1.0 mg/L),Acceptable (10-45 mg/L),Within Drinking Norms,Permissible / Marginal
21024D,Madurai,Melur,Thiruvadur,2021-01-06,2021,1,Post-Monsoon,9.956667,78.3175,Original,315.0,580,8.1,0.13,0.05,22,24.3,60.0,5.0,64,41,1.870545,158.0665,155,2.097129,0.0,44.72573,56.66,Good,2.1,-0.45,46.9,S1 (Low),C2 (Medium),C2-S1,Safe (<1.25),Permissible to Doubtful,Good / Permissible,Safe (<1.0 mg/L),Natural Background (<10 mg/L),Within Drinking Norms,Safe Drinking Water
501013,Madurai,Melur,Veppaodappu,2021-01-06,2021,1,Post-Monsoon,9.917222,78.303889,Original,119.0,210,8.0,0.05,0.05,22,7.29,10.0,2.0,28,12,0.5582821,59.39172,85,0.4721041,0.0,19.9172,32.67,Excellent,0.47,-0.71,22.25,S1 (Low),C1 (Low),C1-S1,Safe (<1.25),Excellent to Good,Excellent,Safe (<1.0 mg/L),Natural Background (<10 mg/L),Within Drinking Norms,Safe Drinking Water
501014,Madurai,Melur,Ambalakkaranpatti,2021-01-06,2021,1,Post-Monsoon,9.972222,78.394722,Original,1990.0,3360,8.2,0.71,46.0,112,121.5,405.0,26.0,652,269,0.0,396.5,780,6.310286,0.0,52.01394,238.57,Very Poor,6.31,-9.09,53.96,S1 (Low),C4 (Very High),C4-S1,Safe (<1.25),Unsuitable,Unsuitable,Safe (<1.0 mg/L),Anthropogenic High (45-100 mg/L),Urban Domestic / Septic Leaching,Unsafe for Drinking
501016,Madurai,Melur,Navinipatti,2021-01-06,2021,1,Post-Monsoon,10.043889,78.362778,Original,750.0,1310,8.1,0.16,13.0,64,54.675,131.0,9.0,213,62,0.0,317.2,385,2.905381,0.0,41.83263,106.26,Poor,2.9,-2.5,43.51,S1 (Low),C3 (High),C3-S1,Safe (<1.25),Permissible to Doubtful,Good / Permissible,Safe (<1.0 mg/L),Acceptable (10-45 mg/L),Within Drinking Norms,Permissible / Marginal
501017,Madurai,Melur,Keelayur,2021-01-06,2021,1,Post-Monsoon,10.047222,78.377778,Original,452.0,810,8.2,0.27,6.0,36,29.16,85.0,9.0,106,42,2.8613,192.0594,210,2.552561,0.0,45.51312,75.02,Good,2.55,-0.95,48.33,S1 (Low),C3 (High),C3-S1,Safe (<1.25),Permissible to Doubtful,Good / Permissible,Safe (<1.0 mg/L),Natural Background (<10 mg/L),Within Drinking Norms,Permissible / Marginal
501020,Madurai,Melur,Sennagarampatti,2021-01-07,2021,1,Post-Monsoon,10.080556,78.320278,Original,349.0,620,8.0,0.07,10.0,42,30.375,37.0,3.0,43,42,1.675778,178.2742,230,1.061732,0.0,25.62084,61.01,Good,1.06,-1.62,26.83,S1 (Low),C2 (Medium),C2-S1,Safe (<1.25),Good to Permissible,Excellent,Safe (<1.0 mg/L),Acceptable (10-45 mg/L),Within Drinking Norms,Permissible / Marginal
83095,Madurai,Melur,Pulipatti,2021-01-06,2021,1,Post-Monsoon,10.084722,78.288611,Original,392.0,720,8.1,0.1,1.0,40,25.515,71.0,6.0,85,43,2.279887,192.6572,205,2.158093,0.0,42.08928,65.17,Good,2.16,-0.86,44.17,S1 (Low),C2 (Medium),C2-S1,Safe (<1.25),Permissible to Doubtful,Good / Permissible,Safe (<1.0 mg/L),Natural Background (<10 mg/L),Within Drinking Norms,Permissible / Marginal
83096,Madurai,Melur,Thumbaipatti,2021-01-07,2021,1,Post-Monsoon,10.085278,78.359722,Original,879.0,1560,8.2,0.65,3.0,68,38.88,198.0,22.0,220,82,0.0,475.8,330,4.743588,1.206083,54.61989,125.37,Poor,4.74,1.2,58.18,S1 (Low),C3 (High),C3-S1,Safe (<1.25),Permissible to Doubtful,Good / Permissible,Safe (<1.0 mg/L),Natural Background (<10 mg/L),Within Drinking Norms,Permissible / Marginal
Ex-21071,Madurai,Melur,Pottapatty,2021-01-07,2021,1,Post-Monsoon,10.281944,78.370556,Original,582.0,1050,8.0,0.87,4.0,30,51.03,115.0,6.0,121,53,0.0,372.1,285,2.964023,0.4029089,46.09503,94.45,Good,2.96,0.4,47.5,S1 (Low),C3 (High),C3-S1,Safe (<1.25),Permissible to Doubtful,Good / Permissible,Safe (<1.0 mg/L),Natural Background (<10 mg/L),Within Drinking Norms,Permissible / Marginal
MWS21066,Madurai,Melur,Attukulam,2021-01-07,2021,1,Post-Monsoon,10.0025,78.356667,Original,400.0,730,8.0,0.09,1.0,38,26.73,74.0,6.0,96,41,1.72234,183.2277,205,2.249233,0.0,43.1002,63.69,Good,2.25,-1.04,45.14,S1 (Low),C2 (Medium),C2-S1,Safe (<1.25),Permissible to Doubtful,Good / Permissible,Safe (<1.0 mg/L),Natural Background (<10 mg/L),Within Drinking Norms,Permissible / Marginal
21001D,Madurai,Madurai South,Thirupparankundram,2021-07-05,2021,7,Pre-Monsoon,9.881667,78.11,Original,1387.0,2490,8.2,0.76,3.0,36,60.75,414.0,10.0,362,127,0.0,732.0,340,9.769393,5.202868,71.86146,166.12,Poor,9.76,5.2,72.87,S1 (Low),C4 (Very High),C4-S1,Unsuitable (>2.5),Doubtful to Unsuitable,Unsuitable,Safe (<1.0 mg/L),Natural Background (<10 mg/L),Within Drinking Norms,Permissible / Marginal
21002D,Madurai,Thirumangalam,Chokkanathapuram,2021-07-09,2021,7,Pre-Monsoon,9.941944,77.969444,Original,881.0,1540,8.0,0.26,18.0,68,48.6,189.0,6.0,319,33,0.0,274.5,370,4.276015,0.0,52.14004,112.5,Poor,4.27,-2.89,53.1,S1 (Low),C3 (High),C3-S1,Safe (<1.25),Permissible to Doubtful,Good / Permissible,Safe (<1.0 mg/L),Acceptable (10-45 mg/L),Within Drinking Norms,Permissible / Marginal
21004D,Madurai,Thirumangalam,Chinna ulagani,2021-07-05,2021,7,Pre-Monsoon,9.770556,78.053611,Original,1189.0,1980,8.2,0.77,10.0,140,63.18,145.0,65.0,404,204,0.0,250.1,610,2.555191,0.0,31.29277,175.82,Poor,2.55,-8.09,39.53,S1 (Low),C3 (High),C3-S1,Safe (<1.25),Permissible to Doubtful,Good / Permissible,Safe (<1.0 mg/L),Acceptable (10-45 mg/L),Within Drinking Norms,Unsafe for Drinking
21005D,Madurai,Madurai South,Eliyarpatti,2021-07-05,2021,7,Pre-Monsoon,9.794722,78.095,Original,1130.0,1860,8.0,0.35,36.0,68,21.87,304.0,6.0,312,70,0.0,378.2,260,8.206097,1.006005,71.20802,127.77,Poor,8.2,1.0,72.03,S1 (Low),C3 (High),C3-S1,Safe (<1.25),Doubtful to Unsuitable,Marginal / Moderate,Safe (<1.0 mg/L),Acceptable (10-45 mg/L),Within Drinking Norms,Permissible / Marginal
21006D,Madurai,Peraiyur,Elumalai RF,2021-07-08,2021,7,Pre-Monsoon,9.865278,77.711667,Original,399.0,730,8.1,0.56,4.0,18,36.45,78.0,7.0,53,46,2.747708,232.1893,195,2.430365,0.0,45.42204,72.24,Good,2.43,-0.0,47.8,S1 (Low),C2 (Medium),C2-S1,Safe (<1.25),Permissible to Doubtful,Good / Permissible,Safe (<1.0 mg/L),Natural Background (<10 mg/L),Within Drinking Norms,Safe Drinking Water
21007D,Madurai,Thirumangalam,Kallikudi,2021-07-05,2021,7,Pre-Monsoon,9.685278,77.975556,Original,2115.0,3670,8.2,0.24,35.0,176,179.82,304.0,4.0,723,394,0.0,359.9,1180,3.851049,0.0,35.82972,257.78,Very Poor,3.85,-17.68,36.09,S1 (Low),C4 (Very High),C4-S1,Safe (<1.25),Unsuitable,Unsuitable,Safe (<1.0 mg/L),Acceptable (10-45 mg/L),Within Drinking Norms,Unsafe for Drinking
21008D,Madurai,Madurai South,Melamathur,2021-07-09,2021,7,Pre-Monsoon,9.965,78.018333,Original,1477.0,2570,8.0,0.43,24.0,80,145.8,230.0,29.0,482,185,0.0,439.2,800,3.538214,0.0,37.4192,196.25,Poor,3.54,-8.79,40.18,S1 (Low),C4 (Very High),C4-S1,Safe (<1.25),Doubtful to Unsuitable,Marginal / Moderate,Safe (<1.0 mg/L),Acceptable (10-45 mg/L),Within Drinking Norms,Unsafe for Drinking
21009A,Madurai,Thirumangalam,Utchapatti,2021-07-06,2021,7,Pre-Monsoon,9.856667,78.009444,Original,1581.0,2700,8.1,0.38,40.0,172,77.76,285.0,10.0,432,108,0.0,634.4,750,4.529334,0.0,44.85916,194.36,Poor,4.53,-4.59,45.77,S1 (Low),C4 (Very High),C4-S1,Safe (<1.25),Doubtful to Unsuitable,Marginal / Moderate,Safe (<1.0 mg/L),Acceptable (10-45 mg/L),Within Drinking Norms,Unsafe for Drinking
21010D,Madurai,Madurai North,Karupayoorani,2021-07-02,2021,7,Pre-Monsoon,9.930556,78.18,Original,414.0,850,8.2,0.26,2.0,38,75.33,8.0,8.0,106,34,3.301679,221.6191,405,0.1729649,0.0,4.023958,84.52,Good,0.17,-4.35,6.39,S1 (Low),C3 (High),C3-S1,Safe (<1.25),Permissible to Doubtful,Good / Permissible,Safe (<1.0 mg/L),Natural Background (<10 mg/L),Within Drinking Norms,Permissible / Marginal
21012D,Madurai,Thirumangalam,Kurayur,2021-07-05,2021,7,Pre-Monsoon,9.690556,78.024722,Original,836.0,1480,8.1,0.36,11.0,74,42.525,145.0,61.0,227,84,0.0,305.0,360,3.325945,0.0,41.88128,130.62,Poor,3.32,-2.19,52.23,S1 (Low),C3 (High),C3-S1,Safe (<1.25),Permissible to Doubtful,Good / Permissible,Safe (<1.0 mg/L),Acceptable (10-45 mg/L),Within Drinking Norms,Permissible / Marginal
21013D,Madurai,Vadipatti,Manianji,2021-07-01,2021,7,Pre-Monsoon,10.006389,78.094444,Original,531.0,980,8.0,0.35,6.0,38,35.235,113.0,5.0,74,36,0.0,402.6,240,3.174152,1.803334,49.95701,82.23,Good,3.17,1.8,51.24,S1 (Low),C3 (High),C3-S1,Marginal (1.25-2.5),Permissible to Doubtful,Marginal / Moderate,Safe (<1.0 mg/L),Natural Background (<10 mg/L),Within Drinking Norms,Permissible / Marginal
21015D,Madurai,Peraiyur,Peraiyur,2021-07-09,2021,7,Pre-Monsoon,9.733611,77.791389,Original,608.0,1090,8.0,0.39,13.0,46,36.45,133.0,3.0,106,15,0.0,420.9,265,3.555475,1.604074,51.85276,89.25,Good,3.55,1.6,52.53,S1 (Low),C3 (High),C3-S1,Marginal (1.25-2.5),Permissible to Doubtful,Marginal / Moderate,Safe (<1.0 mg/L),Acceptable (10-45 mg/L),Within Drinking Norms,Permissible / Marginal
21016D,Madurai,Peraiyur,Subbulapuram,2021-07-06,2021,7,Pre-Monsoon,9.673889,77.810556,Original,557.0,1000,8.0,0.1,4.0,74,24.3,106.0,5.0,106,43,0.0,359.9,285,2.732948,0.2066544,44.20146,81.55,Good,2.73,0.21,45.42,S1 (Low),C3 (High),C3-S1,Safe (<1.25),Permissible to Doubtful,Good / Permissible,Safe (<1.0 mg/L),Natural Background (<10 mg/L),Within Drinking Norms,Permissible / Marginal
21017D,Madurai,Thirumangalam,Thangalacheri,2021-07-06,2021,7,Pre-Monsoon,9.835833,77.868611,Original,2068.0,3540,8.8,0.07,53.0,72,102.06,524.0,29.0,596,132,18.0,719.8,600,9.308407,0.4070078,64.15806,242.8,Very Poor,9.3,0.4,66.23,S1 (Low),C4 (Very High),C4-S1,Safe (<1.25),Unsuitable,Unsuitable,Safe (<1.0 mg/L),Anthropogenic High (45-100 mg/L),Urban Domestic / Septic Leaching,Unsafe for Drinking
21018D,Madurai,Thirumangalam,Peikulam,2021-07-05,2021,7,Pre-Monsoon,9.645278,77.997222,Original,439.0,820,8.0,0.45,2.0,56,42.525,44.0,13.0,89,32,2.32765,247.6223,315,1.078873,0.0,22.40998,79.71,Good,1.08,-2.16,26.29,S1 (Low),C3 (High),C3-S1,Safe (<1.25),Permissible to Doubtful,Good / Permissible,Safe (<1.0 mg/L),Natural Background (<10 mg/L),Within Drinking Norms,Permissible / Marginal
21026D,Madurai,Vadipatti,Senthamangalam,2021-07-02,2021,7,Pre-Monsoon,10.136111,78.145,Original,1090.0,1880,8.2,0.3,44.0,88,94.77,152.0,10.0,234,65,0.0,500.2,610,2.678062,0.0,34.69315,153.19,Poor,2.68,-3.99,36.02,S1 (Low),C3 (High),C3-S1,Safe (<1.25),Permissible to Doubtful,Good / Permissible,Safe (<1.0 mg/L),Acceptable (10-45 mg/L),Within Drinking Norms,Unsafe for Drinking
21027D,Madurai,Vadipatti,Thiruvedagam,2021-07-01,2021,7,Pre-Monsoon,10.017778,77.974167,Original,440.0,830,8.0,0.23,1.0,24,43.74,74.0,22.0,74,18,2.746711,292.2033,240,2.078392,0.08416267,37.52199,77.47,Good,2.08,0.08,44.07,S1 (Low),C3 (High),C3-S1,Safe (<1.25),Permissible to Doubtful,Good / Permissible,Safe (<1.0 mg/L),Natural Background (<10 mg/L),Within Drinking Norms,Permissible / Marginal
21028D,Madurai,Usilampatti,Veppanuthu,2021-07-08,2021,7,Pre-Monsoon,9.898889,77.840833,Original,1561.0,2670,8.0,0.78,25.0,72,89.91,368.0,17.0,418,216,0.0,536.8,550,6.828042,0.0,58.34862,188.85,Poor,6.82,-2.2,59.92,S1 (Low),C4 (Very High),C4-S1,Safe (<1.25),Doubtful to Unsuitable,Marginal / Moderate,Safe (<1.0 mg/L),Acceptable (10-45 mg/L),Within Drinking Norms,Permissible / Marginal
21031D,Madurai,Usilampatti,Uthappanaickanur,2021-07-09,2021,7,Pre-Monsoon,10.0325,77.792778,Original,992.0,1690,8.1,0.56,15.0,68,82.62,156.0,24.0,277,173,0.0,286.7,510,3.005878,0.0,38.57304,141.82,Poor,3.0,-5.49,42.05,S1 (Low),C3 (High),C3-S1,Safe (<1.25),Permissible to Doubtful,Good / Permissible,Safe (<1.0 mg/L),Acceptable (10-45 mg/L),Within Drinking Norms,Permissible / Marginal
21032D,Madurai,Usilampatti,Doddappanaickanur,2021-07-09,2021,7,Pre-Monsoon,9.971667,77.735833,Original,1492.0,2490,8.2,0.1,27.0,92,85.05,244.0,111.0,305,228,0.0,616.1,580,4.408907,0.0,42.382,213.51,Very Poor,4.41,-1.49,53.71,S1 (Low),C4 (Very High),C4-S1,Safe (<1.25),Doubtful to Unsuitable,Marginal / Moderate,Safe (<1.0 mg/L),Acceptable (10-45 mg/L),Within Drinking Norms,Permissible / Marginal
21033D,Madurai,Usilampatti,Usilampatti,2021-07-09,2021,7,Pre-Monsoon,9.959167,77.790278,Original,1863.0,3120,8.2,1.32,41.0,64,111.78,460.0,7.0,468,276,0.0,591.7,620,8.038338,0.0,61.41469,224.36,Very Poor,8.03,-2.7,61.95,S1 (Low),C4 (Very High),C4-S1,Safe (<1.25),Unsuitable,Unsuitable,Permissible (1.0-1.5 mg/L),Acceptable (10-45 mg/L),Within Drinking Norms,Unsafe for Drinking
21035D,Madurai,Madurai North,Madurai North,2021-07-06,2021,7,Pre-Monsoon,9.931667,78.133611,Original,2000.0,3370,8.5,0.88,30.0,80,97.2,501.0,18.0,709,221,12.0,457.5,600,8.900083,0.0,63.6393,231.97,Very Poor,8.9,-4.09,64.97,S1 (Low),C4 (Very High),C4-S1,Safe (<1.25),Unsuitable,Unsuitable,Safe (<1.0 mg/L),Acceptable (10-45 mg/L),Within Drinking Norms,Permissible / Marginal
21036D,Madurai,Madurai North,Koolapandi,2021-07-02,2021,7,Pre-Monsoon,10.011111,78.145833,Original,408.0,790,8.1,0.93,0.1,32,41.31,64.0,5.0,64,24,3.39096,286.5461,250,1.761315,0.0,35.20291,79.28,Good,1.76,-0.19,36.81,S1 (Low),C3 (High),C3-S1,Safe (<1.25),Permissible to Doubtful,Good / Permissible,Safe (<1.0 mg/L),Natural Background (<10 mg/L),Within Drinking Norms,Permissible / Marginal
21037D,Madurai,Thirumangalam,Kandai,2021-07-06,2021,7,Pre-Monsoon,9.870556,77.913333,Original,779.0,1350,8.1,1.11,13.0,62,55.89,143.0,6.0,245,84,0.0,250.1,385,3.171488,0.0,44.2187,117.29,Poor,3.17,-3.6,45.3,S1 (Low),C3 (High),C3-S1,Safe (<1.25),Permissible to Doubtful,Good / Permissible,Permissible (1.0-1.5 mg/L),Acceptable (10-45 mg/L),Within Drinking Norms,Permissible / Marginal
21068,Madurai,Vadipatti,Alanganallur,2021-07-02,2021,7,Pre-Monsoon,10.048333,78.083889,Original,959.0,1690,8.2,0.07,12.0,144,51.03,133.0,4.0,369,77,0.0,256.2,570,2.424687,0.0,33.49266,127.69,Poor,2.42,-7.19,34.07,S1 (Low),C3 (High),C3-S1,Safe (<1.25),Permissible to Doubtful,Good / Permissible,Safe (<1.0 mg/L),Acceptable (10-45 mg/L),Within Drinking Norms,Permissible / Marginal
21069,Madurai,Vadipatti,Maduvarpatti,2021-07-02,2021,7,Pre-Monsoon,10.08,78.124722,Original,1904.0,3250,8.2,0.12,57.0,144,170.1,276.0,14.0,525,240,0.0,567.3,1060,3.688845,0.0,35.78673,241.19,Very Poor,3.69,-11.89,36.84,S1 (Low),C4 (Very High),C4-S1,Safe (<1.25),Unsuitable,Unsuitable,Safe (<1.0 mg/L),Anthropogenic High (45-100 mg/L),Urban Domestic / Septic Leaching,Unsafe for Drinking
501001,Madurai,Madurai North,Oomachikulam,2021-07-02,2021,7,Pre-Monsoon,10.005,78.148056,Original,316.0,640,8.1,1.05,0.05,8,46.17,51.0,4.0,43,10,2.92314,247.0139,210,1.531105,0.0,34.02864,71.68,Good,1.53,-0.05,35.58,S1 (Low),C2 (Medium),C2-S1,Safe (<1.25),Good to Permissible,Excellent,Permissible (1.0-1.5 mg/L),Natural Background (<10 mg/L),Within Drinking Norms,Permissible / Marginal
501003,Madurai,Madurai North,Varichiur,2021-07-02,2021,7,Pre-Monsoon,9.913056,78.251111,Original,660.0,1210,8.0,0.67,1.0,36,47.385,145.0,9.0,191,49,0.0,353.8,285,3.737413,0.1034552,51.55795,98.23,Good,3.74,0.1,53.43,S1 (Low),C3 (High),C3-S1,Safe (<1.25),Permissible to Doubtful,Good / Permissible,Safe (<1.0 mg/L),Natural Background (<10 mg/L),Within Drinking Norms,Permissible / Marginal
501004,Madurai,Madurai North,Sakkudi,2021-07-02,2021,7,Pre-Monsoon,9.864167,78.223611,Original,925.0,1650,8.1,0.05,12.0,20,48.6,258.0,31.0,234,45,0.0,469.7,250,7.09958,2.70171,65.96534,121.06,Poor,7.1,2.7,70.61,S1 (Low),C3 (High),C3-S1,Unsuitable (>2.5),Doubtful to Unsuitable,Unsuitable,Safe (<1.0 mg/L),Acceptable (10-45 mg/L),Within Drinking Norms,Permissible / Marginal
501005,Madurai,Madurai North,Chithakur,2021-07-02,2021,7,Pre-Monsoon,9.948333,78.243611,Original,871.0,1580,8.0,0.36,0.1,12,58.32,248.0,3.0,255,64,0.0,457.5,270,6.56629,2.101142,66.33498,109.76,Poor,6.56,2.1,66.79,S1 (Low),C3 (High),C3-S1,Marginal (1.25-2.5),Doubtful to Unsuitable,Marginal / Moderate,Safe (<1.0 mg/L),Natural Background (<10 mg/L),Within Drinking Norms,Permissible / Marginal
501006,Madurai,Madurai North,Poigaikaraipatti,2021-07-02,2021,7,Pre-Monsoon,10.047222,78.202778,Original,982.0,1750,8.0,0.24,9.0,72,68.04,196.0,9.0,340,80,0.0,353.8,460,3.976769,0.0,47.50194,127.07,Poor,3.97,-3.39,48.77,S1 (Low),C3 (High),C3-S1,Safe (<1.25),Permissible to Doubtful,Good / Permissible,Safe (<1.0 mg/L),Natural Background (<10 mg/L),Within Drinking Norms,Permissible / Marginal
501007,Madurai,Madurai North,Velliyankundram,2021-07-02,2021,7,Pre-Monsoon,10.020556,78.178333,Original,631.0,740,8.0,0.22,3.0,30,43.74,150.0,4.0,160,61,0.0,341.6,255,4.08732,0.5028508,55.655,83.31,Good,4.09,0.5,56.51,S1 (Low),C2 (Medium),C2-S1,Safe (<1.25),Permissible to Doubtful,Good / Permissible,Safe (<1.0 mg/L),Natural Background (<10 mg/L),Within Drinking Norms,Permissible / Marginal
501009,Madurai,Thirumangalam,Maravankulam,2021-07-06,2021,7,Pre-Monsoon,9.831389,78.003056,Original,1625.0,2840,8.0,0.63,20.0,72,121.5,336.0,19.0,518,233,0.0,469.7,680,5.606496,0.0,50.93772,199.66,Poor,5.6,-5.9,52.62,S1 (Low),C4 (Very High),C4-S1,Safe (<1.25),Doubtful to Unsuitable,Marginal / Moderate,Safe (<1.0 mg/L),Acceptable (10-45 mg/L),Within Drinking Norms,Unsafe for Drinking
501011,Madurai,Madurai South,Melakuilkudi,2021-07-09,2021,7,Pre-Monsoon,9.9225,78.036111,Original,1978.0,3320,8.0,0.92,31.0,68,109.35,506.0,6.0,681,202,0.0,536.8,620,8.842292,0.0,63.69501,220.75,Very Poor,8.84,-3.6,64.13,S1 (Low),C4 (Very High),C4-S1,Safe (<1.25),Unsuitable,Unsuitable,Safe (<1.0 mg/L),Acceptable (10-45 mg/L),Within Drinking Norms,Unsafe for Drinking
501012,Madurai,Madurai South,Vilachery,2021-07-06,2021,7,Pre-Monsoon,9.9,78.059444,Original,326.0,600,8.2,0.47,1.0,48,25.515,37.0,6.0,39,43,2.934696,196.9861,225,1.073534,0.0,25.7181,67.07,Good,1.07,-1.17,28.16,S1 (Low),C2 (Medium),C2-S1,Safe (<1.25),Good to Permissible,Excellent,Safe (<1.0 mg/L),Natural Background (<10 mg/L),Within Drinking Norms,Permissible / Marginal
501023,Madurai,Peraiyur,Mangalrevu,2021-07-09,2021,7,Pre-Monsoon,9.786111,77.797222,Original,515.0,930,8.0,0.77,5.0,24,30.375,129.0,2.0,128,42,0.0,274.5,185,4.126981,0.8021999,59.95145,79.94,Good,4.12,0.8,60.48,S1 (Low),C3 (High),C3-S1,Safe (<1.25),Permissible to Doubtful,Good / Permissible,Safe (<1.0 mg/L),Natural Background (<10 mg/L),Within Drinking Norms,Permissible / Marginal
501030,Madurai,Peraiyur,Modhagam,2021-07-06,2021,7,Pre-Monsoon,9.679167,77.808889,Original,2461.0,4280,8.2,0.12,16.0,64,136.08,598.0,117.0,993,115,0.0,732.0,720,9.696746,0.0,59.94046,294.84,Very Poor,9.69,-2.4,66.82,S1 (Low),C4 (Very High),C4-S1,Safe (<1.25),Unsuitable,Unsuitable,Safe (<1.0 mg/L),Acceptable (10-45 mg/L),Within Drinking Norms,Unsafe for Drinking
501032,Madurai,Peraiyur,Salisanthai,2021-07-09,2021,7,Pre-Monsoon,9.728333,77.801944,Original,263.0,450,8.0,0.69,7.0,24,20.655,37.0,7.0,18,28,1.442966,153.507,145,1.337147,0.0,34.34638,57.41,Good,1.34,-0.33,38.16,S1 (Low),C2 (Medium),C2-S1,Safe (<1.25),Good to Permissible,Excellent,Safe (<1.0 mg/L),Natural Background (<10 mg/L),Within Drinking Norms,Safe Drinking Water
501033,Madurai,Madurai North,Samayanallur,2021-07-01,2021,7,Pre-Monsoon,9.980833,78.042222,Original,294.0,590,8.1,0.43,0.05,20,30.375,55.0,5.0,32,17,2.572275,217.3648,175,1.809081,0.1510429,39.75457,60.62,Good,1.81,0.15,41.87,S1 (Low),C2 (Medium),C2-S1,Safe (<1.25),Good to Permissible,Excellent,Safe (<1.0 mg/L),Natural Background (<10 mg/L),Within Drinking Norms,Safe Drinking Water
501035,Madurai,Madurai South,Nedunkulam,2021-07-05,2021,7,Pre-Monsoon,9.787222,78.178056,Original,1782.0,3140,8.2,0.64,15.0,88,111.78,414.0,11.0,567,192,0.0,664.9,680,6.908348,0.0,56.48839,213.1,Very Poor,6.9,-2.69,57.36,S1 (Low),C4 (Very High),C4-S1,Safe (<1.25),Unsuitable,Unsuitable,Safe (<1.0 mg/L),Acceptable (10-45 mg/L),Within Drinking Norms,Unsafe for Drinking
501036,Madurai,Madurai South,Othai Alankulam,2021-07-05,2021,7,Pre-Monsoon,9.809722,78.055,Original,4413.0,7610,8.0,0.49,43.0,384,281.88,805.0,10.0,1943,586,0.0,420.9,2120,7.608583,0.0,45.1056,477.18,Unsuitable,7.6,-35.46,45.42,S1 (Low),C4 (Very High),C4-S1,Safe (<1.25),Unsuitable,Unsuitable,Safe (<1.0 mg/L),Acceptable (10-45 mg/L),Within Drinking Norms,Unsafe for Drinking
501037,Madurai,Thirumangalam,Mykudi,2021-07-05,2021,7,Pre-Monsoon,9.787778,78.016667,Original,1384.0,2540,8.1,0.64,3.0,32,97.2,363.0,5.0,482,67,0.0,646.6,480,7.208696,1.00329,61.88894,168.01,Poor,7.2,1.0,62.38,S1 (Low),C4 (Very High),C4-S1,Safe (<1.25),Doubtful to Unsuitable,Marginal / Moderate,Safe (<1.0 mg/L),Natural Background (<10 mg/L),Within Drinking Norms,Permissible / Marginal
501043,Madurai,Thirumangalam,Sevarakottai,2021-07-05,2021,7,Pre-Monsoon,9.744722,77.98,Original,624.0,1100,8.0,0.97,3.0,110,36.45,64.0,18.0,220,44,0.0,231.8,425,1.351241,0.0,23.72626,105.24,Poor,1.35,-4.69,27.64,S1 (Low),C3 (High),C3-S1,Safe (<1.25),Permissible to Doubtful,Good / Permissible,Safe (<1.0 mg/L),Natural Background (<10 mg/L),Within Drinking Norms,Permissible / Marginal
501050,Madurai,Usilampatti,Thumalapatti,2021-07-08,2021,7,Pre-Monsoon,9.869444,77.776111,Original,1670.0,2830,8.2,0.49,50.0,84,126.36,340.0,9.0,418,192,0.0,561.2,730,5.475612,0.0,49.94779,207.49,Very Poor,5.47,-5.39,50.71,S1 (Low),C4 (Very High),C4-S1,Safe (<1.25),Doubtful to Unsuitable,Marginal / Moderate,Safe (<1.0 mg/L),Anthropogenic High (45-100 mg/L),Agricultural Fertilizer Runoff,Unsafe for Drinking
501053,Madurai,Vadipatti,Alagapuri,2021-07-09,2021,7,Pre-Monsoon,10.056389,78.069722,Original,540.0,1050,8.0,0.56,2.0,30,53.46,106.0,4.0,57,26,0.0,512.4,295,2.68533,2.502649,43.45943,90.16,Good,2.68,2.5,44.41,S1 (Low),C3 (High),C3-S1,Unsuitable (>2.5),Permissible to Doubtful,Unsuitable,Safe (<1.0 mg/L),Natural Background (<10 mg/L),Within Drinking Norms,Permissible / Marginal
501054,Madurai,Vadipatti,Manickampatti,2021-07-02,2021,7,Pre-Monsoon,10.104444,78.125278,Original,1725.0,2960,8.2,0.34,28.0,80,143.37,336.0,5.0,560,312,0.0,329.4,790,5.201495,0.0,47.86675,208.61,Very Poor,5.2,-10.39,48.27,S1 (Low),C4 (Very High),C4-S1,Safe (<1.25),Doubtful to Unsuitable,Marginal / Moderate,Safe (<1.0 mg/L),Acceptable (10-45 mg/L),Within Drinking Norms,Unsafe for Drinking
501060,Madurai,Vadipatti,Thiruvalavoyanallur,2021-07-01,2021,7,Pre-Monsoon,10.008056,78.008611,Original,638.0,1180,8.0,0.59,9.0,48,49.815,117.0,11.0,121,25,0.0,451.4,325,2.82416,0.9044244,42.89207,100.42,Poor,2.82,0.9,45.25,S1 (Low),C3 (High),C3-S1,Safe (<1.25),Permissible to Doubtful,Good / Permissible,Safe (<1.0 mg/L),Natural Background (<10 mg/L),Within Drinking Norms,Permissible / Marginal
81001B,Madurai,Madurai South,Kochadai,2021-07-09,2021,7,Pre-Monsoon,9.943333,78.0775,Original,476.0,870,8.1,0.5,0.05,40,32.805,97.0,6.0,106,34,3.040096,256.897,235,2.753617,0.0,46.52722,77.89,Good,2.75,-0.38,48.21,S1 (Low),C3 (High),C3-S1,Safe (<1.25),Permissible to Doubtful,Good / Permissible,Safe (<1.0 mg/L),Natural Background (<10 mg/L),Within Drinking Norms,Permissible / Marginal
83005,Madurai,Madurai South,Tiruparankundram,2021-07-05,2021,7,Pre-Monsoon,9.879167,78.113056,Original,2390.0,4160,8.2,0.27,18.0,64,126.36,644.0,10.0,780,326,0.0,719.8,680,10.74552,0.0,66.91934,256.5,Very Poor,10.74,-1.8,67.52,S2 (Medium),C4 (Very High),C4-S2,Safe (<1.25),Unsuitable,Unsuitable,Safe (<1.0 mg/L),Acceptable (10-45 mg/L),Within Drinking Norms,Unsafe for Drinking
83006 A,Madurai,Thirumangalam,Santhangudi,2021-07-06,2021,7,Pre-Monsoon,9.84,77.937778,Original,2242.0,3660,8.2,0.2,49.0,64,111.78,552.0,96.0,666,264,0.0,536.8,620,9.646006,0.0,61.79069,267.99,Very Poor,9.64,-3.6,68.1,S1 (Low),C4 (Very High),C4-S1,Safe (<1.25),Unsuitable,Unsuitable,Safe (<1.0 mg/L),Anthropogenic High (45-100 mg/L),Urban Domestic / Septic Leaching,Unsafe for Drinking
83007B,Madurai,Peraiyur,Chinnakattalai,2021-07-09,2021,7,Pre-Monsoon,9.951944,77.800556,Original,2909.0,5010,8.2,0.53,11.0,96,165.24,736.0,12.0,1049,552,0.0,500.2,920,10.55818,0.0,63.1329,309.95,Unsuitable,10.55,-10.19,63.73,S2 (Medium),C4 (Very High),C4-S2,Safe (<1.25),Unsuitable,Unsuitable,Safe (<1.0 mg/L),Acceptable (10-45 mg/L),Within Drinking Norms,Unsafe for Drinking
83008,Madurai,Peraiyur,Elumalai,2021-07-08,2021,7,Pre-Monsoon,9.861111,77.701111,Original,929.0,1580,8.2,0.79,32.0,44,53.46,214.0,4.0,227,47,0.0,396.5,330,5.12612,0.0,58.15724,126.5,Poor,5.12,-0.1,58.78,S1 (Low),C3 (High),C3-S1,Safe (<1.25),Permissible to Doubtful,Good / Permissible,Safe (<1.0 mg/L),Acceptable (10-45 mg/L),Within Drinking Norms,Permissible / Marginal
83072A,Madurai,Usilampatti,Valandur,2021-07-01,2021,7,Pre-Monsoon,9.949722,77.871944,Original,806.0,1470,8.1,1.23,4.0,46,48.6,193.0,4.0,106,69,0.0,640.5,315,4.732009,4.203808,56.75327,121.28,Poor,4.73,4.2,57.43,S1 (Low),C3 (High),C3-S1,Unsuitable (>2.5),Permissible to Doubtful,Unsuitable,Permissible (1.0-1.5 mg/L),Natural Background (<10 mg/L),Within Drinking Norms,Permissible / Marginal
83080 A,Madurai,Vadipatti,Nagari,2021-07-01,2021,7,Pre-Monsoon,10.019444,78.016389,Original,1207.0,2090,8.9,0.4,3.0,48,46.17,336.0,9.0,319,127,24.0,567.3,310,8.304436,3.904114,69.46366,154.76,Poor,8.3,3.9,70.55,S1 (Low),C3 (High),C3-S1,Unsuitable (>2.5),Doubtful to Unsuitable,Unsuitable,Safe (<1.0 mg/L),Natural Background (<10 mg/L),Within Drinking Norms,Unsafe for Drinking
83092AY,Madurai,Vadipatti,Vadipatti,2021-07-01,2021,7,Pre-Monsoon,10.0525,77.975556,Original,616.0,1090,8.1,0.1,5.0,70,43.74,60.0,66.0,82,28,0.0,488.0,355,1.385886,0.9063288,22.91249,114.18,Poor,1.39,0.9,37.72,S1 (Low),C3 (High),C3-S1,Safe (<1.25),Permissible to Doubtful,Good / Permissible,Safe (<1.0 mg/L),Natural Background (<10 mg/L),Within Drinking Norms,Permissible / Marginal
83099,Madurai,Madurai North,Kadavur,2021-07-02,2021,7,Pre-Monsoon,10.076944,78.175,Original,450.0,830,8.0,0.05,0.1,22,47.385,78.0,7.0,106,55,2.048276,217.9017,250,2.146421,0.0,39.59419,71.27,Good,2.15,-1.36,41.67,S1 (Low),C3 (High),C3-S1,Safe (<1.25),Permissible to Doubtful,Good / Permissible,Safe (<1.0 mg/L),Natural Background (<10 mg/L),Within Drinking Norms,Permissible / Marginal
Ex-21039,Madurai,Usilampatti,K.Nattarpatti,2021-07-01,2021,7,Pre-Monsoon,9.968889,77.863611,Original,426.0,830,8.2,0.7,1.0,38,58.32,37.0,9.0,53,36,4.549419,305.3713,335,0.8796157,0.0,18.85657,86.64,Good,0.88,-1.54,21.54,S1 (Low),C3 (High),C3-S1,Safe (<1.25),Permissible to Doubtful,Good / Permissible,Safe (<1.0 mg/L),Natural Background (<10 mg/L),Within Drinking Norms,Permissible / Marginal
Ex-21040,Madurai,Peraiyur,T.kallupatti,2021-07-06,2021,7,Pre-Monsoon,9.715833,77.859444,Original,368.0,640,8.1,1.05,10.0,40,29.16,44.0,12.0,60,22,2.22141,187.7156,220,1.290975,0.0,28.92595,77.1,Good,1.29,-1.25,33.55,S1 (Low),C2 (Medium),C2-S1,Safe (<1.25),Good to Permissible,Excellent,Permissible (1.0-1.5 mg/L),Acceptable (10-45 mg/L),Within Drinking Norms,Permissible / Marginal
Ex-21041,Madurai,Peraiyur,Sedapatti,2021-07-09,2021,7,Pre-Monsoon,9.826389,77.8,Original,939.0,1500,8.1,0.97,29.0,44,26.73,258.0,2.0,269,68,0.0,286.7,220,7.570098,0.3040086,71.62194,117.41,Poor,7.57,0.3,71.94,S1 (Low),C3 (High),C3-S1,Safe (<1.25),Doubtful to Unsuitable,Marginal / Moderate,Safe (<1.0 mg/L),Acceptable (10-45 mg/L),Within Drinking Norms,Permissible / Marginal
HP 21074,Madurai,Madurai North,Chettikulam,2021-07-02,2021,7,Pre-Monsoon,9.995,78.146944,Original,1143.0,2160,8.8,0.21,11.0,12,106.92,290.0,10.0,234,46,18.0,756.4,470,5.819451,3.601323,56.64988,162.59,Poor,5.82,3.6,57.78,S1 (Low),C3 (High),C3-S1,Unsuitable (>2.5),Doubtful to Unsuitable,Unsuitable,Safe (<1.0 mg/L),Acceptable (10-45 mg/L),Within Drinking Norms,Unsafe for Drinking
HP 21076,Madurai,Madurai North,Vayalur,2021-07-01,2021,7,Pre-Monsoon,10.018333,78.053889,Original,360.0,710,8.0,0.26,0.05,14,41.31,71.0,3.0,35,15,2.746711,292.2033,205,2.157514,0.7831734,42.52119,63.94,Good,2.16,0.78,43.56,S1 (Low),C2 (Medium),C2-S1,Safe (<1.25),Permissible to Doubtful,Good / Permissible,Safe (<1.0 mg/L),Natural Background (<10 mg/L),Within Drinking Norms,Permissible / Marginal
HP 21077,Madurai,Madurai North,Elanthgiyendal,2021-07-02,2021,7,Pre-Monsoon,9.949722,78.230833,Original,399.0,730,8.0,1.37,3.0,22,27.945,90.0,6.0,53,27,2.467337,262.4827,170,3.003629,0.9872341,52.43702,77.38,Good,3.0,0.99,54.48,S1 (Low),C2 (Medium),C2-S1,Safe (<1.25),Permissible to Doubtful,Good / Permissible,Permissible (1.0-1.5 mg/L),Natural Background (<10 mg/L),Within Drinking Norms,Permissible / Marginal
HP 21078,Madurai,Madurai North,Kalikappan,2021-07-02,2021,7,Pre-Monsoon,9.939444,78.193611,Original,594.0,1070,8.1,0.54,8.0,38,44.955,117.0,7.0,113,47,0.0,384.3,280,3.042572,0.7035378,46.84524,93.75,Good,3.04,0.7,48.48,S1 (Low),C3 (High),C3-S1,Safe (<1.25),Permissible to Doubtful,Good / Permissible,Safe (<1.0 mg/L),Natural Background (<10 mg/L),Within Drinking Norms,Permissible / Marginal
HP 21079,Madurai,Madurai North,Rajakkoor,2021-07-02,2021,7,Pre-Monsoon,9.928611,78.238333,Original,403.0,750,8.2,0.59,0.1,6,20.655,129.0,2.0,60,13,4.10904,275.8117,100,5.612473,2.658797,73.23949,67.26,Good,5.61,2.66,73.9,S1 (Low),C3 (High),C3-S1,Unsuitable (>2.5),Doubtful to Unsuitable,Unsuitable,Safe (<1.0 mg/L),Natural Background (<10 mg/L),Within Drinking Norms,Safe Drinking Water
HP 21080,Madurai,Madurai North,Kalimangalam,2021-07-02,2021,7,Pre-Monsoon,9.878333,78.238889,Original,1870.0,3110,8.2,1.34,1.0,16,14.58,672.0,18.0,539,250,0.0,707.6,100,29.24325,9.600243,92.24142,195.21,Poor,29.23,9.6,93.69,S4 (Very High),C4 (Very High),C4-S4,Unsuitable (>2.5),Unsuitable,Unsuitable,Permissible (1.0-1.5 mg/L),Natural Background (<10 mg/L),Within Drinking Norms,Permissible / Marginal
HP 21081,Madurai,Madurai North,Elamanur,2021-07-02,2021,7,Pre-Monsoon,9.900556,78.210833,Original,1976.0,3660,8.0,0.4,1.0,56,136.08,524.0,10.0,908,137,0.0,396.5,700,8.617181,0.0,61.53397,218.88,Very Poor,8.61,-7.5,62.21,S1 (Low),C4 (Very High),C4-S1,Safe (<1.25),Unsuitable,Unsuitable,Safe (<1.0 mg/L),Natural Background (<10 mg/L),Within Drinking Norms,Unsafe for Drinking
HP 21082,Madurai,Madurai South,Nallur,2021-07-05,2021,7,Pre-Monsoon,9.788333,78.133333,Original,406.0,760,8.1,0.15,3.0,44,27.945,71.0,4.0,57,8,3.449438,291.4876,225,2.059947,0.3974853,40.18126,67.93,Good,2.06,0.4,41.5,S1 (Low),C3 (High),C3-S1,Safe (<1.25),Permissible to Doubtful,Good / Permissible,Safe (<1.0 mg/L),Natural Background (<10 mg/L),Within Drinking Norms,Permissible / Marginal
HP 21083,Madurai,Madurai South,Nilaiyur,2021-07-06,2021,7,Pre-Monsoon,9.855556,78.059167,Original,2098.0,3680,8.1,0.32,39.0,72,111.78,524.0,96.0,666,72,0.0,768.6,640,9.012683,0.0,59.91879,260.12,Very Poor,9.01,-0.2,66.36,S1 (Low),C4 (Very High),C4-S1,Safe (<1.25),Unsuitable,Unsuitable,Safe (<1.0 mg/L),Acceptable (10-45 mg/L),Within Drinking Norms,Unsafe for Drinking
HP 21084,Madurai,Madurai South,Sakkilipatti,2021-07-06,2021,7,Pre-Monsoon,9.901389,78.011111,Original,740.0,1300,8.1,0.19,10.0,30,27.945,212.0,8.0,206,22,0.0,378.2,190,6.692888,2.402505,69.73937,95.07,Good,6.69,2.4,71.28,S1 (Low),C3 (High),C3-S1,Marginal (1.25-2.5),Doubtful to Unsuitable,Marginal / Moderate,Safe (<1.0 mg/L),Acceptable (10-45 mg/L),Within Drinking Norms,Permissible / Marginal
MWS21043,Madurai,Usilampatti,Pullaneri,2021-07-08,2021,7,Pre-Monsoon,9.9325,77.946667,Original,1826.0,3140,8.2,0.13,9.0,120,131.22,368.0,16.0,666,312,0.0,347.7,840,5.525211,0.0,48.2102,216.66,Very Poor,5.52,-11.09,49.43,S1 (Low),C4 (Very High),C4-S1,Safe (<1.25),Unsuitable,Unsuitable,Safe (<1.0 mg/L),Natural Background (<10 mg/L),Within Drinking Norms,Unsafe for Drinking
MWS21046,Madurai,Peraiyur,Perunkamanallur,2021-07-09,2021,7,Pre-Monsoon,9.862778,77.818056,Original,1532.0,2750,8.2,1.04,11.0,72,123.93,317.0,8.0,681,115,0.0,329.4,690,5.250976,0.0,49.62756,193.67,Poor,5.25,-8.39,50.35,S1 (Low),C4 (Very High),C4-S1,Safe (<1.25),Doubtful to Unsuitable,Marginal / Moderate,Permissible (1.0-1.5 mg/L),Acceptable (10-45 mg/L),Within Drinking Norms,Unsafe for Drinking
MWS21048,Madurai,Peraiyur,Pappinaickenpatti,2021-07-08,2021,7,Pre-Monsoon,9.820278,77.711111,Original,1939.0,3200,8.2,0.07,4.0,88,97.2,327.0,266.0,610,202,0.0,658.8,620,5.714677,0.0,42.56417,297.06,Very Poor,5.71,-1.59,62.91,S1 (Low),C4 (Very High),C4-S1,Safe (<1.25),Unsuitable,Unsuitable,Safe (<1.0 mg/L),Natural Background (<10 mg/L),Within Drinking Norms,Unsafe for Drinking
MWS21050,Madurai,Thirumangalam,Mathipanur,2021-07-08,2021,7,Pre-Monsoon,9.795556,77.8375,Original,1667.0,2870,8.2,0.37,19.0,48,126.36,368.0,5.0,574,235,0.0,457.5,640,6.329016,0.0,55.33372,196.46,Poor,6.33,-5.3,55.76,S1 (Low),C4 (Very High),C4-S1,Safe (<1.25),Doubtful to Unsuitable,Marginal / Moderate,Safe (<1.0 mg/L),Acceptable (10-45 mg/L),Within Drinking Norms,Unsafe for Drinking
MWS21052,Madurai,Peraiyur,Muthunagayapuram,2021-07-09,2021,7,Pre-Monsoon,9.771389,77.812222,Original,546.0,1070,8.0,1.05,4.0,26,53.46,110.0,16.0,89,54,0.0,359.9,285,2.835068,0.2025968,43.93456,98.41,Good,2.83,0.2,47.68,S1 (Low),C3 (High),C3-S1,Safe (<1.25),Permissible to Doubtful,Good / Permissible,Permissible (1.0-1.5 mg/L),Natural Background (<10 mg/L),Within Drinking Norms,Permissible / Marginal
MWS21056,Madurai,Usilampatti,Meikkilarpatti,2021-07-09,2021,7,Pre-Monsoon,9.980556,77.802778,Original,112.0,190,8.0,0.05,3.0,12,4.86,20.0,3.0,21,10,0.4185952,44.53141,50,1.231048,0.0,44.71697,30.91,Excellent,1.23,-0.26,48.65,S1 (Low),C1 (Low),C1-S1,Safe (<1.25),Permissible to Doubtful,Good / Permissible,Safe (<1.0 mg/L),Natural Background (<10 mg/L),Within Drinking Norms,Safe Drinking Water
MWS21059,Madurai,Vadipatti,Kaupatti,2021-07-01,2021,7,Pre-Monsoon,10.022222,77.92,Original,1082.0,1920,8.1,0.65,10.0,32,70.47,271.0,6.0,284,120,0.0,506.3,370,6.129955,0.9031387,60.95979,138.71,Poor,6.13,0.9,61.74,S1 (Low),C3 (High),C3-S1,Safe (<1.25),Doubtful to Unsuitable,Marginal / Moderate,Safe (<1.0 mg/L),Acceptable (10-45 mg/L),Within Drinking Norms,Permissible / Marginal
MWS21061,Madurai,Vadipatti,Thathampatti,2021-07-01,2021,7,Pre-Monsoon,10.022222,78.015556,Original,613.0,1090,8.1,0.16,4.0,76,25.515,106.0,28.0,106,40,0.0,433.1,295,2.686216,1.206707,41.09671,97.32,Good,2.69,1.21,47.47,S1 (Low),C3 (High),C3-S1,Safe (<1.25),Permissible to Doubtful,Good / Permissible,Safe (<1.0 mg/L),Natural Background (<10 mg/L),Within Drinking Norms,Permissible / Marginal
MWS21062,Madurai,Vadipatti,PeriyaIanthaikulam,2021-07-02,2021,7,Pre-Monsoon,10.068333,78.051389,Original,397.0,720,8.0,0.36,5.0,46,26.73,64.0,5.0,39,30,2.467337,262.4827,225,1.856889,0.0,37.5844,68.08,Good,1.86,-0.11,39.3,S1 (Low),C2 (Medium),C2-S1,Safe (<1.25),Good to Permissible,Excellent,Safe (<1.0 mg/L),Natural Background (<10 mg/L),Within Drinking Norms,Permissible / Marginal
MWS21063,Madurai,Madurai North,Erukalnatham,2021-07-02,2021,7,Pre-Monsoon,10.014722,78.173889,Original,768.0,1360,8.2,0.72,15.0,74,38.88,156.0,7.0,152,52,0.0,445.3,345,3.655287,0.4067174,48.96896,114.19,Poor,3.65,0.4,50.25,S1 (Low),C3 (High),C3-S1,Safe (<1.25),Permissible to Doubtful,Good / Permissible,Safe (<1.0 mg/L),Acceptable (10-45 mg/L),Within Drinking Norms,Permissible / Marginal
MWS21065,Madurai,Madurai North,Mangulam,2021-07-02,2021,7,Pre-Monsoon,10.049167,78.25,Original,368.0,670,8.2,0.24,3.0,26,26.73,76.0,4.0,64,35,2.934696,196.9861,175,2.500003,0.0,47.87425,64.85,Good,2.5,-0.17,49.34,S1 (Low),C2 (Medium),C2-S1,Safe (<1.25),Permissible to Doubtful,Good / Permissible,Safe (<1.0 mg/L),Natural Background (<10 mg/L),Within Drinking Norms,Safe Drinking Water
83048,Madurai,Thirumangalam,Puliankulam (M),2021-07-05,2021,7,Pre-Monsoon,9.659167,77.910278,Original,699.0,1250,8.0,0.2,4.0,68,47.385,122.0,9.0,174,82,0.0,359.9,365,2.779035,0.0,41.36282,100.07,Poor,2.78,-1.4,43.14,S1 (Low),C3 (High),C3-S1,Safe (<1.25),Permissible to Doubtful,Good / Permissible,Safe (<1.0 mg/L),Natural Background (<10 mg/L),Within Drinking Norms,Permissible / Marginal
83062A,Madurai,Thirumangalam,Kappalur,2021-07-06,2021,7,Pre-Monsoon,9.858611,78.023056,Original,1051.0,1900,8.2,0.42,5.0,60,97.2,198.0,14.0,333,113,0.0,427.0,550,3.673614,0.0,43.14185,146.75,Poor,3.67,-4.0,44.92,S1 (Low),C3 (High),C3-S1,Safe (<1.25),Permissible to Doubtful,Good / Permissible,Safe (<1.0 mg/L),Natural Background (<10 mg/L),Within Drinking Norms,Permissible / Marginal
21019D,Madurai,Melur,Karungalakudi,2021-07-07,2021,7,Pre-Monsoon,10.158333,78.364167,Original,427.0,780,8.0,0.05,7.0,26,38.88,76.0,4.0,89,34,1.955152,207.9948,225,2.204641,0.0,41.81929,67.18,Good,2.2,-1.02,43.1,S1 (Low),C3 (High),C3-S1,Safe (<1.25),Permissible to Doubtful,Good / Permissible,Safe (<1.0 mg/L),Natural Background (<10 mg/L),Within Drinking Norms,Permissible / Marginal
21020D,Madurai,Melur,Pallapatti,2021-07-07,2021,7,Pre-Monsoon,10.249444,78.386111,Original,476.0,890,8.0,0.3,5.0,50,31.59,87.0,2.0,89,27,2.513899,267.4361,255,2.371039,0.0,42.37645,74.14,Good,2.37,-0.63,42.94,S1 (Low),C3 (High),C3-S1,Safe (<1.25),Permissible to Doubtful,Good / Permissible,Safe (<1.0 mg/L),Natural Background (<10 mg/L),Within Drinking Norms,Permissible / Marginal
21022D,Madurai,Melur,Pulipatti,2021-07-07,2021,7,Pre-Monsoon,10.083889,78.288611,Original,3874.0,6840,8.0,0.54,4.0,212,170.1,1012.0,12.0,1773,336,0.0,683.2,1230,12.55728,0.0,63.8858,389.74,Unsuitable,12.55,-13.38,64.32,S2 (Medium),C4 (Very High),C4-S2,Safe (<1.25),Unsuitable,Unsuitable,Safe (<1.0 mg/L),Natural Background (<10 mg/L),Within Drinking Norms,Unsafe for Drinking
21023D,Madurai,Melur,Uranganpatti,2021-07-05,2021,7,Pre-Monsoon,9.992778,78.431111,Original,366.0,690,8.0,0.05,4.0,42,30.375,51.0,5.0,43,26,2.281088,242.6689,230,1.463469,0.0,31.95695,62.77,Good,1.46,-0.54,33.79,S1 (Low),C2 (Medium),C2-S1,Safe (<1.25),Good to Permissible,Excellent,Safe (<1.0 mg/L),Natural Background (<10 mg/L),Within Drinking Norms,Permissible / Marginal
21024D,Madurai,Melur,Thiruvadur,2021-07-05,2021,7,Pre-Monsoon,9.956667,78.3175,Original,856.0,1550,8.1,0.17,11.0,72,80.19,122.0,15.0,277,63,0.0,359.9,510,2.35079,0.0,33.41296,124.34,Poor,2.35,-4.29,35.82,S1 (Low),C3 (High),C3-S1,Safe (<1.25),Permissible to Doubtful,Good / Permissible,Safe (<1.0 mg/L),Acceptable (10-45 mg/L),Within Drinking Norms,Permissible / Marginal
21034D,Madurai,Melur,Chittampatti,2021-07-07,2021,7,Pre-Monsoon,10.0,78.275,Original,1030.0,1770,8.0,0.1,16.0,64,71.685,212.0,6.0,389,91,0.0,262.3,455,4.324828,0.0,49.93314,127.16,Poor,4.32,-4.8,50.75,S1 (Low),C3 (High),C3-S1,Safe (<1.25),Permissible to Doubtful,Good / Permissible,Safe (<1.0 mg/L),Acceptable (10-45 mg/L),Within Drinking Norms,Permissible / Marginal
501013,Madurai,Melur,Veppaodappu,2021-07-05,2021,7,Pre-Monsoon,9.917222,78.303889,Original,1193.0,2000,8.2,0.19,17.0,68,72.9,290.0,7.0,390,36,0.0,506.3,470,5.820917,0.0,56.85789,146.45,Poor,5.82,-1.1,57.65,S1 (Low),C3 (High),C3-S1,Safe (<1.25),Doubtful to Unsuitable,Good / Permissible,Safe (<1.0 mg/L),Acceptable (10-45 mg/L),Within Drinking Norms,Permissible / Marginal
501016,Madurai,Melur,Navinipatti,2021-07-05,2021,7,Pre-Monsoon,10.043889,78.362778,Original,1126.0,1840,8.2,0.09,29.0,60,43.74,281.0,9.0,425,72,0.0,213.5,330,6.731716,0.0,64.17329,130.43,Poor,6.73,-3.1,65.37,S1 (Low),C3 (High),C3-S1,Safe (<1.25),Doubtful to Unsuitable,Marginal / Moderate,Safe (<1.0 mg/L),Acceptable (10-45 mg/L),Within Drinking Norms,Permissible / Marginal
501017,Madurai,Melur,Keelayur,2021-07-05,2021,7,Pre-Monsoon,10.047222,78.377778,Original,3931.0,6890,8.0,0.53,6.0,320,123.93,966.0,11.0,1773,336,0.0,744.2,1310,11.6165,0.0,61.37016,393.97,Unsuitable,11.61,-13.97,61.77,S2 (Medium),C4 (Very High),C4-S2,Safe (<1.25),Unsuitable,Unsuitable,Safe (<1.0 mg/L),Natural Background (<10 mg/L),Within Drinking Norms,Unsafe for Drinking
501019,Madurai,Melur,Kasampatti,2021-07-07,2021,7,Pre-Monsoon,10.1525,78.299722,Original,609.0,1120,8.2,0.09,5.0,32,51.03,122.0,11.0,117,18,0.0,475.8,290,3.11725,2.002875,46.61484,94.56,Good,3.12,2.0,49.07,S1 (Low),C3 (High),C3-S1,Marginal (1.25-2.5),Permissible to Doubtful,Marginal / Moderate,Safe (<1.0 mg/L),Natural Background (<10 mg/L),Within Drinking Norms,Permissible / Marginal
501020,Madurai,Melur,Sennagarampatti,2021-07-07,2021,7,Pre-Monsoon,10.080556,78.320278,Original,402.0,730,8.1,0.18,9.0,16,41.31,71.0,4.0,85,37,2.104455,177.8326,210,2.13171,0.0,41.79957,68.05,Good,2.13,-1.21,43.17,S1 (Low),C2 (Medium),C2-S1,Safe (<1.25),Permissible to Doubtful,Good / Permissible,Safe (<1.0 mg/L),Natural Background (<10 mg/L),Within Drinking Norms,Permissible / Marginal
83096,Madurai,Melur,Thumbaipatti,2021-07-07,2021,7,Pre-Monsoon,10.085278,78.359722,Original,1011.0,1780,8.2,0.26,5.0,72,51.03,244.0,21.0,277,38,0.0,567.3,390,5.376957,1.506471,56.02863,134.33,Poor,5.37,1.5,58.85,S1 (Low),C3 (High),C3-S1,Marginal (1.25-2.5),Permissible to Doubtful,Marginal / Moderate,Safe (<1.0 mg/L),Natural Background (<10 mg/L),Within Drinking Norms,Permissible / Marginal
MWS21066,Madurai,Melur,Attukulam,2021-07-05,2021,7,Pre-Monsoon,10.0025,78.356667,Original,899.0,1610,8.1,0.41,21.0,68,70.47,145.0,6.0,305,72,0.0,274.5,460,2.941943,0.0,40.29362,124.05,Poor,2.94,-4.69,41.26,S1 (Low),C3 (High),C3-S1,Safe (<1.25),Permissible to Doubtful,Good / Permissible,Safe (<1.0 mg/L),Acceptable (10-45 mg/L),Within Drinking Norms,Permissible / Marginal
83095,Madurai,Melur,Pulipatti,2021-07-07,2021,7,Pre-Monsoon,10.084722,78.288611,Original,893.0,1620,7.9,0.73,1.0,100,63.18,145.0,4.0,355,74,0.0,292.8,510,2.794297,0.0,37.99737,122.76,Poor,2.79,-5.39,38.6,S1 (Low),C3 (High),C3-S1,Safe (<1.25),Permissible to Doubtful,Good / Permissible,Safe (<1.0 mg/L),Natural Background (<10 mg/L),Within Drinking Norms,Permissible / Marginal
